User_ID,Movie_ID,Movie,Genre,Release_Year,User_Rating,Search_History_Count,Watchlist_Status,User_Engagement_Minutes,Sentiment_Score
USR_3422,MOV_5204,Lubber Pandhu,Drama,2024,1.5,4,0,33,0.04
USR_4177,MOV_5045,Vettaiyan,Thriller,2024,3.5,11,1,79,0.41
USR_3208,MOV_5272,Meiyazhagan,Drama,2024,1,4,0,13,-0.16
USR_4110,MOV_5064,Naanum Rowdy Dhaan,Comedy,2015,5,16,1,148,0.75
USR_3561,MOV_5260,Tik Tik Tik,Sci-Fi,2018,3,3,0,56,0.05
USR_3846,MOV_5047,Meiyazhagan,Drama,2024,5,20,1,186,0.87
USR_3238,MOV_5113,Oh My Kadavule,Romance,2020,5,24,1,158,0.95
USR_3437,MOV_5006,Rajinimurugan,Comedy,2016,2.5,1,1,27,0.04
USR_4018,MOV_5192,SivaKartikeyan Next,Comedy,2025,4.5,19,0,155,0.82
USR_3918,MOV_5097,Sita Ramam (Tamil),Romance,2022,4.5,12,1,167,0.8
USR_4074,MOV_5253,Love Today,Comedy,2022,3.5,6,0,78,0.41
USR_3930,MOV_5144,Ratsasan,Thriller,2018,5,17,1,192,0.76
USR_3521,MOV_5056,Fun Unlimited,Comedy,2026,2,1,0,64,-0.22
USR_3584,MOV_5218,O Kadhal Kanmani,Romance,2015,2,4,0,6,-0.15
USR_3465,MOV_5093,Theri,Action,2016,4,7,0,72,0.65
USR_3522,MOV_5261,Love Today,Comedy,2022,4,5,1,83,0.65
USR_3429,MOV_5080,Thug Life,Action,2025,3,2,0,53,-0.36
USR_3812,MOV_5029,Mari Selvaraj Next,Drama,2026,4,8,0,124,0.34
USR_3234,MOV_5099,Ayalaan,Sci-Fi,2024,4.5,17,1,188,0.96
USR_3303,MOV_5085,Good Night,Comedy,2023,2.5,4,0,39,-0.22
USR_4185,MOV_5124,2,Sci-Fi,2018,2.5,4,0,17,-0.1
USR_3604,MOV_5212,Chitha,Thriller,2023,2,1,1,64,0.16
USR_4044,MOV_5248,Ayalaan,Sci-Fi,2024,5,21,1,138,0.95
USR_3400,MOV_5257,Joe,Romance,2023,2,1,0,24,0.13
USR_4064,MOV_5165,Amaran,Action,2024,2.5,3,0,49,-0.11
USR_4184,MOV_5074,Conjuring Kannappan,Comedy,2023,2.5,0,1,60,0.17
USR_3146,MOV_5260,Tik Tik Tik,Sci-Fi,2018,2,4,0,29,-0.01
USR_4061,MOV_5061,O Kadhal Kanmani,Romance,2015,5,16,1,157,0.97
USR_4174,MOV_5094,Sita Ramam (Tamil),Romance,2022,1.5,1,0,52,0.05
USR_3233,MOV_5152,Garudan,Drama,2024,4,7,1,91,0.37
USR_3674,MOV_5201,Don,Comedy,2022,2.5,1,0,10,-0.25
USR_3889,MOV_5124,2,Sci-Fi,2018,5,22,1,135,0.99
USR_3371,MOV_5197,Vikram Vedha,Thriller,2017,4.5,14,0,146,0.97
USR_3022,MOV_5082,Vikram Vedha,Thriller,2017,4.5,15,1,161,0.84
USR_3861,MOV_5115,Mari Selvaraj Next,Drama,2026,5,15,0,178,0.87
USR_4175,MOV_5221,Hey Sinamika,Romance,2022,2.5,4,0,20,-0.14
USR_3997,MOV_5059,Vikram,Action,2022,5,16,1,147,0.98
USR_3426,MOV_5084,Don,Comedy,2022,5,13,1,187,0.87
USR_3324,MOV_5147,Ayalaan,Sci-Fi,2024,4,7,0,116,0.37
USR_3601,MOV_5256,Garudan,Drama,2024,4,5,1,124,0.65
USR_3166,MOV_5212,Chitha,Thriller,2023,5,22,1,165,0.96
USR_3650,MOV_5093,Theri,Action,2016,4,8,0,115,0.49
USR_3033,MOV_5279,Doctor,Comedy,2021,5,18,1,143,0.95
USR_3205,MOV_5040,Comali,Comedy,2019,2,0,0,8,-0.16
USR_3107,MOV_5019,Fun Unlimited,Comedy,2026,1.5,0,0,41,-0.15
USR_4080,MOV_5243,Star,Romance,2024,4.5,22,1,172,0.87
USR_3595,MOV_5215,The investigative report,Thriller,2026,5,12,1,170,0.97
USR_3814,MOV_5146,Visaranai,Thriller,2015,3.5,11,1,111,0.41
USR_3048,MOV_5006,Rajinimurugan,Comedy,2016,3.5,10,1,99,0.52
USR_3836,MOV_5214,Peranbu,Drama,2018,4,5,0,109,0.24
USR_3270,MOV_5267,Time Loop 2,Sci-Fi,2026,3.5,11,0,101,0.39
USR_3358,MOV_5011,Fun Unlimited,Comedy,2026,5,22,0,150,0.89
USR_3544,MOV_5273,Dhuruvangal Pathinaaru,Thriller,2016,4,8,1,121,0.51
USR_4068,MOV_5189,Thani Oruvan,Action,2015,1.5,2,0,59,-0.46
USR_3052,MOV_5241,Ayalaan,Sci-Fi,2024,4,10,1,70,0.32
USR_3097,MOV_5252,2,Sci-Fi,2018,4.5,24,1,145,0.76
USR_3416,MOV_5002,Hey Sinamika,Romance,2022,2.5,4,1,30,-0.44
USR_3686,MOV_5026,Classic Love Story,Romance,2026,5,23,1,197,0.87
USR_3665,MOV_5137,Star,Romance,2024,4.5,12,1,137,0.87
USR_3438,MOV_5049,Asuran,Action,2019,2.5,0,0,38,-0.27
USR_3131,MOV_5010,Tik Tik Tik,Sci-Fi,2018,4,9,1,118,0.41
USR_3427,MOV_5007,Viduthalai Part 1,Thriller,2023,3,1,0,8,-0.47
USR_3629,MOV_5111,Soorarai Pottru,Drama,2020,4,9,1,68,0.38
USR_3846,MOV_5050,Indru Netru Naalai,Sci-Fi,2015,4,11,1,102,0.26
USR_3470,MOV_5174,Time Loop 2,Sci-Fi,2026,2,4,0,43,0.19
USR_3631,MOV_5256,Garudan,Drama,2024,3.5,9,1,74,0.55
USR_3294,MOV_5230,Vada Chennai,Action,2018,5,17,1,133,0.85
USR_3775,MOV_5010,Tik Tik Tik,Sci-Fi,2018,4,7,0,88,0.44
USR_3119,MOV_5036,Tik Tik Tik,Sci-Fi,2018,3.5,10,1,117,0.68
USR_3451,MOV_5027,Viduthalai Part 1,Thriller,2023,4.5,18,1,147,0.99
USR_3674,MOV_5274,Asuran,Action,2019,2.5,4,0,37,-0.47
USR_3020,MOV_5087,Thug Life,Action,2025,4,6,1,68,0.48
USR_4189,MOV_5160,Garudan,Drama,2024,5,14,1,182,0.72
USR_3449,MOV_5038,O Kadhal Kanmani,Romance,2015,3.5,10,0,129,0.64
USR_3455,MOV_5051,Tik Tik Tik,Sci-Fi,2018,5,18,1,167,0.77
USR_3263,MOV_5237,Hit List,Thriller,2024,4,7,1,124,0.59
USR_3907,MOV_5170,Garudan,Drama,2024,2.5,3,0,62,0.06
USR_3918,MOV_5261,Love Today,Comedy,2022,5,16,1,180,0.98
USR_3582,MOV_5047,Meiyazhagan,Drama,2024,4,8,0,120,0.68
USR_3526,MOV_5075,Doctor,Comedy,2021,5,20,1,182,0.91
USR_3835,MOV_5236,Thug Life,Action,2025,5,16,1,191,0.9
USR_3230,MOV_5136,Project AI,Sci-Fi,2025,5,15,1,168,0.93
USR_3176,MOV_5117,Amaran,Action,2024,4,6,0,117,0.4
USR_3468,MOV_5053,Good Bad Ugly,Action,2025,4,6,0,86,0.56
USR_3147,MOV_5042,Time Loop 2,Sci-Fi,2026,4,7,1,80,0.41
USR_3186,MOV_5012,Vedalam,Action,2015,2,3,0,64,0.01
USR_3805,MOV_5099,Ayalaan,Sci-Fi,2024,3,4,0,45,0.14
USR_3200,MOV_5116,Ayalaan,Sci-Fi,2024,5,22,1,180,0.8
USR_4087,MOV_5086,Project AI,Sci-Fi,2025,4,10,0,106,0.44
USR_3593,MOV_5076,Viduthalai Part 1,Thriller,2023,4,7,0,81,0.32
USR_3828,MOV_5207,Meiyazhagan,Drama,2024,5,12,1,157,0.73
USR_3918,MOV_5014,Viduthalai Part 2,Thriller,2025,5,19,1,197,0.76
USR_4087,MOV_5001,Fun Unlimited,Comedy,2026,5,18,1,144,0.73
USR_3291,MOV_5126,Visaranai,Thriller,2015,3.5,11,1,76,0.63
USR_3854,MOV_5073,Thug Life,Action,2025,5,23,1,148,0.83
USR_3553,MOV_5204,Lubber Pandhu,Drama,2024,2.5,1,0,50,-0.34
USR_3449,MOV_5067,Indru Netru Naalai,Sci-Fi,2015,1,1,0,50,-0.13
USR_3062,MOV_5279,Doctor,Comedy,2021,5,19,1,154,0.92
USR_3250,MOV_5254,Indru Netru Naalai,Sci-Fi,2015,4,10,1,84,0.64
USR_3929,MOV_5074,Conjuring Kannappan,Comedy,2023,4,7,0,68,0.36
USR_3332,MOV_5243,Star,Romance,2024,5,17,1,154,0.84
USR_3557,MOV_5275,Love Today,Comedy,2022,2,2,0,23,0.07
USR_3238,MOV_5077,Por Thozhil,Thriller,2023,2,1,0,61,-0.24
USR_4025,MOV_5257,Joe,Romance,2023,2.5,2,0,8,-0.16
USR_3461,MOV_5181,Indru Netru Naalai,Sci-Fi,2015,4.5,24,1,168,0.75
USR_4143,MOV_5213,Ayalaan,Sci-Fi,2024,3,3,0,16,0.17
USR_3304,MOV_5009,96,Romance,2018,2.5,3,0,11,-0.04
USR_3288,MOV_5043,Thani Oruvan,Action,2015,4,6,1,101,0.33
USR_4055,MOV_5162,Kanguva 2,Action,2026,3.5,7,1,72,0.62
USR_4116,MOV_5246,Love Insurance Kompany,Romance,2025,1,2,0,19,0.03
USR_4035,MOV_5072,Comali,Comedy,2019,3.5,5,1,94,0.69
USR_3034,MOV_5080,Thug Life,Action,2025,3,2,0,45,-0.18
USR_3387,MOV_5030,Indru Netru Naalai,Sci-Fi,2015,5,15,1,143,0.98
USR_4120,MOV_5034,Indru Netru Naalai,Sci-Fi,2015,5,18,1,158,0.81
USR_4177,MOV_5163,Naanum Rowdy Dhaan,Comedy,2015,4,10,0,90,0.69
USR_4031,MOV_5006,Rajinimurugan,Comedy,2016,3.5,7,1,79,0.27
USR_3408,MOV_5003,Jai Bhim,Drama,2021,3.5,9,0,79,0.33
USR_4103,MOV_5205,Conjuring Kannappan,Comedy,2023,4,10,0,71,0.21
USR_3765,MOV_5237,Hit List,Thriller,2024,4,7,1,70,0.43
USR_3902,MOV_5280,Vettaiyan,Thriller,2024,1,4,1,20,0.1
USR_3357,MOV_5197,Vikram Vedha,Thriller,2017,3.5,11,0,80,0.36
USR_3058,MOV_5193,Kaaka Muttai,Drama,2015,5,14,1,193,0.96
USR_3380,MOV_5115,Mari Selvaraj Next,Drama,2026,2.5,3,0,5,-0.42
USR_3020,MOV_5087,Thug Life,Action,2025,5,19,1,176,0.99
USR_3286,MOV_5056,Fun Unlimited,Comedy,2026,5,24,1,134,0.94
USR_3181,MOV_5222,Vikram Vedha,Thriller,2017,4,10,0,114,0.5
USR_3208,MOV_5125,Hit List,Thriller,2024,1.5,2,0,63,0.01
USR_3611,MOV_5073,Thug Life,Action,2025,3.5,8,0,78,0.51
USR_4108,MOV_5096,Dhruva Natchathiram,Thriller,2025,2,1,0,28,-0.28
USR_3908,MOV_5128,Vetri Maaran Next,Action,2026,2.5,3,1,5,-0.06
USR_4049,MOV_5085,Good Night,Comedy,2023,2.5,3,0,19,-0.12
USR_3658,MOV_5072,Comali,Comedy,2019,4,8,0,86,0.6
USR_3744,MOV_5250,Visaranai,Thriller,2015,4.5,15,1,167,0.79
USR_3481,MOV_5016,Oh My Kadavule,Romance,2020,4,11,1,104,0.49
USR_3299,MOV_5092,Jai Bhim,Drama,2021,4,10,0,70,0.47
USR_3910,MOV_5181,Indru Netru Naalai,Sci-Fi,2015,1,2,0,53,-0.43
USR_3864,MOV_5015,Doctor,Comedy,2021,5,18,1,189,1
USR_3888,MOV_5267,Time Loop 2,Sci-Fi,2026,4,11,1,118,0.68
USR_3624,MOV_5192,SivaKartikeyan Next,Comedy,2025,3.5,8,1,101,0.34
USR_3468,MOV_5013,Maanaadu,Sci-Fi,2021,5,18,1,168,0.76
USR_3166,MOV_5167,Maanaadu,Sci-Fi,2021,4,9,1,109,0.43
USR_3230,MOV_5058,Soorarai Pottru,Drama,2020,2,2,0,57,-0.14
USR_3633,MOV_5069,O Kadhal Kanmani,Romance,2015,4,6,1,99,0.47
USR_3399,MOV_5262,24,Sci-Fi,2016,4.5,14,1,156,0.82
USR_3353,MOV_5019,Fun Unlimited,Comedy,2026,1,0,0,37,-0.42
USR_3718,MOV_5166,Vettaiyan,Thriller,2024,2.5,0,0,48,-0.24
USR_4084,MOV_5034,Indru Netru Naalai,Sci-Fi,2015,4,8,1,69,0.63
USR_3366,MOV_5119,Mehandi Circus,Romance,2019,4.5,18,1,187,0.83
USR_4115,MOV_5228,Thani Oruvan,Action,2015,3.5,7,1,116,0.26
USR_3084,MOV_5170,Garudan,Drama,2024,5,17,1,165,0.96
USR_3550,MOV_5230,Vada Chennai,Action,2018,3.5,6,1,115,0.65
USR_3420,MOV_5022,Classic Love Story,Romance,2026,3,3,0,28,-0.04
USR_3198,MOV_5196,Naanum Rowdy Dhaan,Comedy,2015,4.5,22,1,194,0.81
USR_3348,MOV_5099,Ayalaan,Sci-Fi,2024,5,18,1,163,0.77
USR_3292,MOV_5225,Theri,Action,2016,5,12,1,175,0.83
USR_3530,MOV_5128,Vetri Maaran Next,Action,2026,4.5,13,1,156,0.86
USR_3022,MOV_5118,Tik Tik Tik,Sci-Fi,2018,4,9,1,116,0.47
USR_3217,MOV_5184,Mookuthi Amman,Comedy,2020,3.5,8,1,96,0.35
USR_3913,MOV_5276,Kadaisi Vivasayi,Drama,2022,3.5,6,1,69,0.42
USR_3713,MOV_5178,Indru Netru Naalai,Sci-Fi,2015,2,4,0,53,-0.32
USR_4173,MOV_5235,Project AI,Sci-Fi,2025,4,5,1,103,0.25
USR_3872,MOV_5010,Tik Tik Tik,Sci-Fi,2018,5,17,1,149,0.8
USR_3004,MOV_5175,Star,Romance,2024,3.5,7,1,129,0.31
USR_3046,MOV_5266,Hit List,Thriller,2024,3,4,0,38,-0.14
USR_3396,MOV_5109,Garudan,Drama,2024,5,20,1,169,0.85
USR_3174,MOV_5147,Ayalaan,Sci-Fi,2024,2.5,4,0,18,0.13
USR_3252,MOV_5163,Naanum Rowdy Dhaan,Comedy,2015,4,9,0,124,0.45
USR_4082,MOV_5265,Vedalam,Action,2015,4,5,0,74,0.65
USR_3413,MOV_5086,Project AI,Sci-Fi,2025,4,6,1,102,0.49
USR_3979,MOV_5121,Amaran,Action,2024,4,8,0,66,0.23
USR_3303,MOV_5045,Vettaiyan,Thriller,2024,4.5,17,1,174,0.8
USR_3369,MOV_5055,2,Sci-Fi,2018,5,14,1,174,0.71
USR_3656,MOV_5021,Asuran,Action,2019,4.5,13,1,147,0.93
USR_3444,MOV_5174,Time Loop 2,Sci-Fi,2026,3,3,0,40,-0.02
USR_3463,MOV_5076,Viduthalai Part 1,Thriller,2023,4,8,1,85,0.66
USR_3570,MOV_5099,Ayalaan,Sci-Fi,2024,2.5,2,0,27,0.07
USR_3035,MOV_5119,Mehandi Circus,Romance,2019,2.5,1,0,46,-0.07
USR_3661,MOV_5169,24,Sci-Fi,2016,5,21,1,180,0.99
USR_3350,MOV_5093,Theri,Action,2016,5,19,1,154,0.94
USR_3899,MOV_5287,Project AI,Sci-Fi,2025,5,18,1,135,0.94
USR_3218,MOV_5082,Vikram Vedha,Thriller,2017,4,11,0,72,0.47
USR_3793,MOV_5206,Indru Netru Naalai,Sci-Fi,2015,4,10,0,101,0.23
USR_3382,MOV_5069,O Kadhal Kanmani,Romance,2015,4,10,0,116,0.46
USR_3697,MOV_5194,Vada Chennai,Action,2018,2,1,0,65,-0.49
USR_3009,MOV_5265,Vedalam,Action,2015,5,21,1,151,0.8
USR_3619,MOV_5191,Imaikkaa Nodigal,Thriller,2018,5,16,1,132,0.72
USR_3492,MOV_5102,Joe,Romance,2023,5,18,1,167,0.9
USR_3232,MOV_5219,Kadhalum Kadandhu Pogum,Romance,2016,4.5,20,1,181,0.91
USR_3266,MOV_5284,Ratsasan,Thriller,2018,4,7,1,92,0.45
USR_3318,MOV_5222,Vikram Vedha,Thriller,2017,2,0,0,22,-0.38
USR_3361,MOV_5160,Garudan,Drama,2024,4.5,18,1,196,0.85
USR_3104,MOV_5186,Kottukaali,Drama,2024,4.5,20,1,179,0.95
USR_3143,MOV_5215,The investigative report,Thriller,2026,2,0,0,11,-0.44
USR_3917,MOV_5153,Maanaadu,Sci-Fi,2021,1,0,0,33,-0.47
USR_3193,MOV_5120,Game Over,Thriller,2019,5,22,1,192,0.93
USR_3851,MOV_5093,Theri,Action,2016,5,14,1,199,0.8
USR_3081,MOV_5096,Dhruva Natchathiram,Thriller,2025,4,8,1,102,0.22
USR_3964,MOV_5024,Jailer,Action,2023,4,11,1,73,0.43
USR_3969,MOV_5283,Tik Tik Tik,Sci-Fi,2018,4,11,1,77,0.53
USR_4161,MOV_5138,Kaaka Muttai,Drama,2015,4.5,21,1,171,0.92
USR_4101,MOV_5210,O Kadhal Kanmani,Romance,2015,5,21,1,160,0.94
USR_3239,MOV_5262,24,Sci-Fi,2016,2.5,1,0,64,0.1
USR_4004,MOV_5082,Vikram Vedha,Thriller,2017,3.5,10,0,66,0.55
USR_3742,MOV_5035,Ayalaan,Sci-Fi,2024,4,5,0,90,0.32
USR_3831,MOV_5220,Asuran,Action,2019,5,18,1,197,0.96
USR_3876,MOV_5192,SivaKartikeyan Next,Comedy,2025,5,16,1,197,0.72
USR_3363,MOV_5279,Doctor,Comedy,2021,4,10,1,103,0.37
USR_4171,MOV_5081,Fun Unlimited,Comedy,2026,3.5,5,1,109,0.4
USR_4159,MOV_5188,Kottukaali,Drama,2024,5,24,1,146,0.77
USR_3163,MOV_5117,Amaran,Action,2024,5,18,0,133,0.96
USR_3284,MOV_5220,Asuran,Action,2019,5,21,1,135,0.79
USR_3173,MOV_5201,Don,Comedy,2022,5,15,0,131,0.75
USR_3675,MOV_5264,Imaikkaa Nodigal,Thriller,2018,2,0,0,58,-0.49
USR_3964,MOV_5008,Kanguva 2,Action,2026,5,19,1,133,0.88
USR_3382,MOV_5021,Asuran,Action,2019,2,2,0,64,0.02
USR_3832,MOV_5163,Naanum Rowdy Dhaan,Comedy,2015,3.5,8,1,76,0.66
USR_3911,MOV_5095,Star,Romance,2024,5,20,1,155,0.92
USR_3779,MOV_5046,Soorarai Pottru,Drama,2020,5,12,1,141,0.91
USR_4189,MOV_5170,Garudan,Drama,2024,3.5,5,1,69,0.35
USR_3506,MOV_5108,Ratsasan,Thriller,2018,4,11,1,119,0.65
USR_3410,MOV_5112,Maanaadu,Sci-Fi,2021,4,10,1,117,0.48
USR_3246,MOV_5161,Good Night,Comedy,2023,5,19,1,162,0.82
USR_3097,MOV_5018,Lubber Pandhu,Drama,2024,2.5,4,0,27,-0.2
USR_4095,MOV_5168,Karnan,Drama,2021,1.5,2,0,31,-0.16
USR_3549,MOV_5102,Joe,Romance,2023,5,14,0,134,0.8
USR_3859,MOV_5120,Game Over,Thriller,2019,4.5,19,1,131,0.97
USR_3412,MOV_5158,Classic Love Story,Romance,2026,2.5,1,0,15,0.04
USR_3347,MOV_5190,Amaran,Action,2024,2.5,0,0,19,0.15
USR_3414,MOV_5238,Maanaadu,Sci-Fi,2021,2,3,1,27,-0.29
USR_3536,MOV_5187,Ponniyin Selvan: Part 1,Drama,2022,4,5,1,124,0.56
USR_3032,MOV_5099,Ayalaan,Sci-Fi,2024,5,18,1,159,0.94
USR_4039,MOV_5032,Dhruva Natchathiram,Thriller,2025,3.5,10,1,92,0.58
USR_3128,MOV_5132,Indru Netru Naalai,Sci-Fi,2015,4,5,0,79,0.34
USR_3657,MOV_5259,Joe,Romance,2023,4,10,1,93,0.31
USR_3523,MOV_5156,Kottukaali,Drama,2024,4.5,24,1,190,0.77
USR_3848,MOV_5058,Soorarai Pottru,Drama,2020,4,8,0,100,0.48
USR_3287,MOV_5102,Joe,Romance,2023,5,14,1,155,0.84
USR_3059,MOV_5247,The investigative report,Thriller,2026,5,21,1,156,0.84
USR_3496,MOV_5229,Kabali,Action,2016,5,17,1,138,0.89
USR_3361,MOV_5096,Dhruva Natchathiram,Thriller,2025,5,24,1,150,0.79
USR_3141,MOV_5223,Chitha,Thriller,2023,2.5,4,0,17,-0.26
USR_4003,MOV_5002,Hey Sinamika,Romance,2022,4,11,1,73,0.5
USR_3873,MOV_5182,Thug Life,Action,2025,1,3,0,26,-0.45
USR_3845,MOV_5017,Oh My Kadavule,Romance,2020,4,11,0,85,0.6
USR_3990,MOV_5226,Coolie,Action,2025,5,16,1,193,0.85
USR_3165,MOV_5054,Kottukaali,Drama,2024,5,22,1,137,0.8
USR_3530,MOV_5033,2,Sci-Fi,2018,4.5,16,1,159,0.93
USR_3246,MOV_5097,Sita Ramam (Tamil),Romance,2022,5,24,1,189,0.72
USR_3636,MOV_5180,Master,Action,2021,3.5,11,1,128,0.53
USR_3087,MOV_5059,Vikram,Action,2022,3.5,5,1,105,0.32
USR_3570,MOV_5042,Time Loop 2,Sci-Fi,2026,5,13,1,154,0.72
USR_3635,MOV_5040,Comali,Comedy,2019,4.5,14,1,158,0.81
USR_3524,MOV_5155,Fun Unlimited,Comedy,2026,3,1,0,45,0.17
USR_3031,MOV_5108,Ratsasan,Thriller,2018,3.5,11,0,121,0.55
USR_4084,MOV_5038,O Kadhal Kanmani,Romance,2015,5,18,1,182,0.77
USR_4063,MOV_5032,Dhruva Natchathiram,Thriller,2025,4,6,0,127,0.59
USR_4036,MOV_5281,Viduthalai Part 2,Thriller,2025,5,15,0,174,0.83
USR_4106,MOV_5037,96,Romance,2018,3.5,6,1,107,0.55
USR_4180,MOV_5221,Hey Sinamika,Romance,2022,1.5,1,0,20,-0.14
USR_3368,MOV_5102,Joe,Romance,2023,2.5,2,0,20,-0.43
USR_3511,MOV_5025,Kaithi,Action,2019,3.5,5,0,120,0.3
USR_3568,MOV_5276,Kadaisi Vivasayi,Drama,2022,2,1,0,18,-0.32
USR_3804,MOV_5192,SivaKartikeyan Next,Comedy,2025,4.5,22,1,161,0.76
USR_3425,MOV_5160,Garudan,Drama,2024,3,0,0,63,0.1
USR_3170,MOV_5267,Time Loop 2,Sci-Fi,2026,4,7,1,86,0.32
USR_3637,MOV_5056,Fun Unlimited,Comedy,2026,1.5,1,0,18,-0.39
USR_3054,MOV_5169,24,Sci-Fi,2016,5,19,1,184,0.72
USR_3375,MOV_5013,Maanaadu,Sci-Fi,2021,2.5,1,0,53,-0.14
USR_3582,MOV_5210,O Kadhal Kanmani,Romance,2015,4.5,17,1,153,0.77
USR_3556,MOV_5257,Joe,Romance,2023,5,20,1,180,0.83
USR_3339,MOV_5048,Amaran,Action,2024,3,3,0,17,-0.24
USR_3111,MOV_5102,Joe,Romance,2023,4,9,1,113,0.54
USR_3054,MOV_5104,Soorarai Pottru,Drama,2020,3.5,9,1,93,0.49
USR_3236,MOV_5173,Kaithi,Action,2019,4,6,1,66,0.58
USR_3604,MOV_5272,Meiyazhagan,Drama,2024,1.5,3,0,28,-0.07
USR_3293,MOV_5054,Kottukaali,Drama,2024,3.5,6,1,67,0.32
USR_3692,MOV_5081,Fun Unlimited,Comedy,2026,3.5,7,1,92,0.24
USR_3809,MOV_5088,Naanum Rowdy Dhaan,Comedy,2015,4.5,24,1,171,0.98
USR_3123,MOV_5025,Kaithi,Action,2019,4,9,1,94,0.5
USR_3312,MOV_5041,Thani Oruvan,Action,2015,3.5,7,1,75,0.3
USR_3221,MOV_5161,Good Night,Comedy,2023,5,16,1,133,0.99
USR_3799,MOV_5221,Hey Sinamika,Romance,2022,4.5,23,1,187,0.8
USR_3145,MOV_5068,Jai Bhim,Drama,2021,2,3,0,54,0.03
USR_3245,MOV_5042,Time Loop 2,Sci-Fi,2026,5,16,1,171,0.75
USR_3702,MOV_5049,Asuran,Action,2019,2.5,1,0,48,-0.09
USR_3288,MOV_5179,SivaKartikeyan Next,Comedy,2025,2.5,4,0,23,0.14
USR_3193,MOV_5238,Maanaadu,Sci-Fi,2021,4,7,1,70,0.38
USR_3811,MOV_5174,Time Loop 2,Sci-Fi,2026,4,10,0,68,0.27
USR_3505,MOV_5154,Siren,Romance,2024,3.5,9,1,87,0.63
USR_4143,MOV_5193,Kaaka Muttai,Drama,2015,2.5,2,0,30,-0.28
USR_3221,MOV_5267,Time Loop 2,Sci-Fi,2026,4,5,0,74,0.38
USR_4086,MOV_5191,Imaikkaa Nodigal,Thriller,2018,5,17,1,160,0.8
USR_4047,MOV_5138,Kaaka Muttai,Drama,2015,4,5,0,105,0.45
USR_3841,MOV_5117,Amaran,Action,2024,5,12,1,157,0.77
USR_3783,MOV_5054,Kottukaali,Drama,2024,5,17,1,171,0.83
USR_3499,MOV_5102,Joe,Romance,2023,3.5,11,1,76,0.58
USR_3246,MOV_5069,O Kadhal Kanmani,Romance,2015,4,5,1,122,0.5
USR_3417,MOV_5035,Ayalaan,Sci-Fi,2024,3.5,9,1,97,0.66
USR_3041,MOV_5007,Viduthalai Part 1,Thriller,2023,5,14,1,183,0.88
USR_3874,MOV_5051,Tik Tik Tik,Sci-Fi,2018,1.5,2,0,36,-0.14
USR_3342,MOV_5184,Mookuthi Amman,Comedy,2020,3.5,6,1,114,0.38
USR_3791,MOV_5211,Indru Netru Naalai,Sci-Fi,2015,5,14,1,135,0.82
USR_3785,MOV_5024,Jailer,Action,2023,1,4,0,34,0.06
USR_3018,MOV_5022,Classic Love Story,Romance,2026,4,10,1,105,0.38
USR_3285,MOV_5165,Amaran,Action,2024,4,5,1,123,0.24
USR_3830,MOV_5206,Indru Netru Naalai,Sci-Fi,2015,4,11,1,81,0.53
USR_3139,MOV_5203,Lubber Pandhu,Drama,2024,2.5,0,0,45,0
USR_3659,MOV_5017,Oh My Kadavule,Romance,2020,4,10,1,108,0.44
USR_3636,MOV_5127,Vada Chennai,Action,2018,4.5,18,1,148,0.77
USR_3911,MOV_5004,Amaran,Action,2024,2.5,1,0,11,-0.04
USR_3641,MOV_5024,Jailer,Action,2023,4,9,1,118,0.52
USR_3153,MOV_5024,Jailer,Action,2023,4.5,12,1,178,0.73
USR_3215,MOV_5235,Project AI,Sci-Fi,2025,2,3,0,51,-0.38
USR_3387,MOV_5047,Meiyazhagan,Drama,2024,4.5,16,1,145,0.74
USR_3079,MOV_5209,LKG,Comedy,2019,2.5,1,0,37,-0.12
USR_3445,MOV_5209,LKG,Comedy,2019,4,7,0,111,0.57
USR_4112,MOV_5176,LKG,Comedy,2019,4.5,17,1,165,0.88
USR_3945,MOV_5025,Kaithi,Action,2019,5,19,1,163,0.73
USR_3892,MOV_5267,Time Loop 2,Sci-Fi,2026,5,24,1,178,0.84
USR_3679,MOV_5279,Doctor,Comedy,2021,3.5,10,1,129,0.3
USR_3293,MOV_5211,Indru Netru Naalai,Sci-Fi,2015,5,18,1,189,0.95
USR_3188,MOV_5017,Oh My Kadavule,Romance,2020,2.5,4,0,55,-0.47
USR_3018,MOV_5113,Oh My Kadavule,Romance,2020,5,12,1,175,0.75
USR_3822,MOV_5112,Maanaadu,Sci-Fi,2021,5,22,1,168,0.96
USR_3481,MOV_5052,Chitha,Thriller,2023,3,4,0,54,-0.09
USR_3824,MOV_5047,Meiyazhagan,Drama,2024,3.5,11,0,123,0.28
USR_3283,MOV_5237,Hit List,Thriller,2024,3,2,0,57,-0.36
USR_3848,MOV_5192,SivaKartikeyan Next,Comedy,2025,3.5,5,0,66,0.31
USR_4192,MOV_5041,Thani Oruvan,Action,2015,3.5,7,1,85,0.54
USR_3438,MOV_5080,Thug Life,Action,2025,2.5,1,1,52,-0.2
USR_3356,MOV_5033,2,Sci-Fi,2018,4,6,0,121,0.53
USR_3846,MOV_5138,Kaaka Muttai,Drama,2015,4,10,1,87,0.31
USR_3446,MOV_5173,Kaithi,Action,2019,4.5,19,1,185,0.95
USR_3922,MOV_5213,Ayalaan,Sci-Fi,2024,3,4,0,61,-0.18
USR_3248,MOV_5066,Thani Oruvan,Action,2015,5,24,1,153,0.73
USR_3481,MOV_5007,Viduthalai Part 1,Thriller,2023,3.5,10,1,69,0.29
USR_3575,MOV_5021,Asuran,Action,2019,4,11,0,67,0.45
USR_3423,MOV_5184,Mookuthi Amman,Comedy,2020,3.5,6,0,87,0.38
USR_3286,MOV_5094,Sita Ramam (Tamil),Romance,2022,2.5,2,0,60,0.12
USR_3997,MOV_5154,Siren,Romance,2024,5,18,1,153,0.75
USR_3723,MOV_5179,SivaKartikeyan Next,Comedy,2025,5,16,1,154,0.98
USR_3608,MOV_5204,Lubber Pandhu,Drama,2024,4,11,0,118,0.21
USR_3973,MOV_5239,Time Loop 2,Sci-Fi,2026,4,5,1,118,0.4
USR_4034,MOV_5177,Jailer,Action,2023,5,24,1,144,0.91
USR_3496,MOV_5270,Siren,Romance,2024,4,5,0,73,0.58
USR_3548,MOV_5189,Thani Oruvan,Action,2015,4,11,1,71,0.52
USR_4159,MOV_5279,Doctor,Comedy,2021,5,21,1,134,0.91
USR_3651,MOV_5196,Naanum Rowdy Dhaan,Comedy,2015,1,2,0,60,-0.01
USR_3858,MOV_5209,LKG,Comedy,2019,2,4,0,29,-0.05
USR_4128,MOV_5025,Kaithi,Action,2019,3.5,9,0,102,0.39
USR_3675,MOV_5151,Kaithi,Action,2019,3.5,6,0,111,0.28
USR_3628,MOV_5133,Viduthalai Part 1,Thriller,2023,3,4,0,46,-0.26
USR_3466,MOV_5077,Por Thozhil,Thriller,2023,4,6,1,115,0.23
USR_3910,MOV_5040,Comali,Comedy,2019,3.5,10,0,100,0.44
USR_3460,MOV_5047,Meiyazhagan,Drama,2024,5,20,1,198,0.95
USR_3143,MOV_5016,Oh My Kadavule,Romance,2020,5,17,1,132,0.78
USR_3680,MOV_5078,2,Sci-Fi,2018,3,3,0,18,-0.29
USR_4185,MOV_5285,Master,Action,2021,2.5,3,1,7,-0.2
USR_3729,MOV_5020,Vedalam,Action,2015,5,15,1,135,0.86
USR_3776,MOV_5014,Viduthalai Part 2,Thriller,2025,5,19,0,167,0.7
USR_3690,MOV_5112,Maanaadu,Sci-Fi,2021,4,8,1,97,0.62
USR_3773,MOV_5134,Por Thozhil,Thriller,2023,3,4,0,15,-0.09
USR_3936,MOV_5089,Don,Comedy,2022,2,3,0,32,-0.12
USR_3110,MOV_5152,Garudan,Drama,2024,4.5,12,1,176,0.96
USR_3793,MOV_5269,Tik Tik Tik,Sci-Fi,2018,5,19,1,136,0.96
USR_3576,MOV_5069,O Kadhal Kanmani,Romance,2015,4,11,1,121,0.26
USR_3939,MOV_5129,Naanum Rowdy Dhaan,Comedy,2015,3,2,0,16,0.09
USR_3701,MOV_5037,96,Romance,2018,4,6,1,108,0.51
USR_3784,MOV_5181,Indru Netru Naalai,Sci-Fi,2015,4,8,1,68,0.58
USR_3916,MOV_5227,The GOAT,Action,2024,3.5,5,0,90,0.38
USR_4025,MOV_5271,Mari Selvaraj Next,Drama,2026,2.5,1,0,55,0
USR_4022,MOV_5067,Indru Netru Naalai,Sci-Fi,2015,5,20,1,195,0.9
USR_3253,MOV_5259,Joe,Romance,2023,4,8,0,117,0.35
USR_3138,MOV_5172,Doctor,Comedy,2021,1,1,0,38,-0.33
USR_3533,MOV_5259,Joe,Romance,2023,1.5,3,0,16,-0.39
USR_3538,MOV_5030,Indru Netru Naalai,Sci-Fi,2015,5,13,1,137,0.71
USR_3399,MOV_5201,Don,Comedy,2022,2,1,0,43,-0.42
USR_3139,MOV_5024,Jailer,Action,2023,4,10,0,106,0.44
USR_4173,MOV_5088,Naanum Rowdy Dhaan,Comedy,2015,2,3,1,38,-0.31
USR_3570,MOV_5209,LKG,Comedy,2019,4,10,0,80,0.32
USR_3999,MOV_5232,Dhuruvangal Pathinaaru,Thriller,2016,5,20,1,141,0.83
USR_3356,MOV_5198,Tik Tik Tik,Sci-Fi,2018,4,7,1,75,0.46
USR_3415,MOV_5140,Love Insurance Kompany,Romance,2025,4,7,0,111,0.56
USR_3892,MOV_5122,Maanaadu,Sci-Fi,2021,5,12,1,183,0.79
USR_3546,MOV_5226,Coolie,Action,2025,4,9,0,130,0.24
USR_3461,MOV_5162,Kanguva 2,Action,2026,5,20,1,194,0.73
USR_3764,MOV_5174,Time Loop 2,Sci-Fi,2026,1,1,0,51,-0.36
USR_4185,MOV_5168,Karnan,Drama,2021,5,20,1,180,0.99
USR_3237,MOV_5057,Garudan,Drama,2024,4,9,1,89,0.28
USR_3801,MOV_5139,Dhuruvangal Pathinaaru,Thriller,2016,3,2,0,34,-0.15
USR_3034,MOV_5273,Dhuruvangal Pathinaaru,Thriller,2016,3.5,6,1,67,0.51
USR_3216,MOV_5003,Jai Bhim,Drama,2021,4.5,17,1,162,0.96
USR_3855,MOV_5204,Lubber Pandhu,Drama,2024,1.5,2,1,18,0.14
USR_3277,MOV_5175,Star,Romance,2024,5,20,0,195,0.82
USR_3019,MOV_5034,Indru Netru Naalai,Sci-Fi,2015,1,4,0,32,0.04
USR_3708,MOV_5195,Sita Ramam (Tamil),Romance,2022,5,19,0,133,0.81
USR_3140,MOV_5132,Indru Netru Naalai,Sci-Fi,2015,5,13,1,146,0.87
USR_3168,MOV_5286,Vettaiyan,Thriller,2024,5,21,0,196,0.83
USR_3594,MOV_5155,Fun Unlimited,Comedy,2026,5,12,1,187,0.81
USR_3568,MOV_5179,SivaKartikeyan Next,Comedy,2025,2,0,1,10,-0.45
USR_3802,MOV_5244,Raayan,Action,2024,4,7,0,98,0.21
USR_3476,MOV_5054,Kottukaali,Drama,2024,5,17,0,190,0.83
USR_3241,MOV_5220,Asuran,Action,2019,4,6,1,77,0.53
USR_3592,MOV_5078,2,Sci-Fi,2018,4,11,1,75,0.59
USR_3173,MOV_5109,Garudan,Drama,2024,4,6,0,83,0.51
USR_3067,MOV_5059,Vikram,Action,2022,3.5,9,0,83,0.2
USR_4078,MOV_5256,Garudan,Drama,2024,4,8,1,103,0.53
USR_3686,MOV_5040,Comali,Comedy,2019,4,6,1,118,0.26
USR_3760,MOV_5231,The investigative report,Thriller,2026,2,2,0,10,-0.08
USR_4181,MOV_5026,Classic Love Story,Romance,2026,2,0,0,33,-0.49
USR_3451,MOV_5176,LKG,Comedy,2019,4.5,21,1,197,0.73
USR_3526,MOV_5053,Good Bad Ugly,Action,2025,5,16,1,156,0.76
USR_4160,MOV_5123,Thiruchitrambalam,Romance,2022,4,11,1,123,0.62
USR_4106,MOV_5216,Classic Love Story,Romance,2026,3,2,0,8,-0.08
USR_3286,MOV_5158,Classic Love Story,Romance,2026,3,2,1,17,0.19
USR_3348,MOV_5168,Karnan,Drama,2021,4,9,0,128,0.4
USR_3079,MOV_5280,Vettaiyan,Thriller,2024,4,7,0,115,0.37
USR_3214,MOV_5053,Good Bad Ugly,Action,2025,4,5,1,97,0.44
USR_3616,MOV_5069,O Kadhal Kanmani,Romance,2015,5,12,1,159,0.87
USR_3634,MOV_5146,Visaranai,Thriller,2015,2,0,0,24,-0.19
USR_3203,MOV_5014,Viduthalai Part 2,Thriller,2025,1,4,0,37,-0.38
USR_3174,MOV_5183,Vaadivaasal,Drama,2025,3.5,7,1,107,0.34
USR_3267,MOV_5072,Comali,Comedy,2019,5,14,1,183,0.76
USR_3433,MOV_5237,Hit List,Thriller,2024,4.5,15,1,147,0.81
USR_4140,MOV_5197,Vikram Vedha,Thriller,2017,4,6,1,127,0.69
USR_4093,MOV_5142,Kaaka Muttai,Drama,2015,4,9,1,84,0.28
USR_3077,MOV_5200,Viduthalai Part 2,Thriller,2025,5,23,1,179,0.71
USR_3960,MOV_5188,Kottukaali,Drama,2024,2.5,2,0,30,0.13
USR_3606,MOV_5199,96,Romance,2018,5,12,1,194,0.92
USR_3681,MOV_5200,Viduthalai Part 2,Thriller,2025,4,7,0,68,0.54
USR_3712,MOV_5084,Don,Comedy,2022,2.5,3,0,32,0.08
USR_4114,MOV_5253,Love Today,Comedy,2022,3,2,0,11,0.12
USR_3246,MOV_5097,Sita Ramam (Tamil),Romance,2022,3,0,0,24,-0.48
USR_4048,MOV_5075,Doctor,Comedy,2021,4,10,0,109,0.46
USR_3807,MOV_5099,Ayalaan,Sci-Fi,2024,2,0,0,7,0.12
USR_3627,MOV_5049,Asuran,Action,2019,2,0,0,41,-0.22
USR_3494,MOV_5241,Ayalaan,Sci-Fi,2024,2.5,1,0,48,-0.27
USR_3157,MOV_5128,Vetri Maaran Next,Action,2026,3.5,9,0,80,0.58
USR_3418,MOV_5141,Vetri Maaran Next,Action,2026,3.5,6,1,88,0.58
USR_3113,MOV_5191,Imaikkaa Nodigal,Thriller,2018,4,6,0,118,0.27
USR_3531,MOV_5204,Lubber Pandhu,Drama,2024,4,8,0,98,0.52
USR_3653,MOV_5231,The investigative report,Thriller,2026,5,22,1,135,0.87
USR_4040,MOV_5242,Imaikkaa Nodigal,Thriller,2018,4,11,1,117,0.57
USR_4168,MOV_5171,Love Insurance Kompany,Romance,2025,5,15,1,173,0.97
USR_3491,MOV_5058,Soorarai Pottru,Drama,2020,4,10,1,80,0.34
USR_3881,MOV_5069,O Kadhal Kanmani,Romance,2015,4,6,1,97,0.37
USR_3682,MOV_5022,Classic Love Story,Romance,2026,2,2,0,54,-0.39
USR_3798,MOV_5124,2,Sci-Fi,2018,4,5,1,91,0.33
USR_3108,MOV_5030,Indru Netru Naalai,Sci-Fi,2015,5,21,1,183,0.85
USR_3123,MOV_5279,Doctor,Comedy,2021,4,7,1,122,0.35
USR_3442,MOV_5251,Love Today,Comedy,2022,1,1,0,61,-0.35
USR_3379,MOV_5247,The investigative report,Thriller,2026,5,22,1,131,0.88
USR_3055,MOV_5171,Love Insurance Kompany,Romance,2025,5,17,1,177,0.73
USR_3713,MOV_5181,Indru Netru Naalai,Sci-Fi,2015,1.5,0,0,39,-0.37
USR_3115,MOV_5073,Thug Life,Action,2025,3,4,0,22,-0.07
USR_3227,MOV_5192,SivaKartikeyan Next,Comedy,2025,2.5,1,0,26,-0.43
USR_3206,MOV_5161,Good Night,Comedy,2023,4,5,1,128,0.39
USR_4032,MOV_5051,Tik Tik Tik,Sci-Fi,2018,4,10,1,90,0.52
USR_3640,MOV_5090,O Kadhal Kanmani,Romance,2015,3.5,7,0,93,0.27
USR_3449,MOV_5025,Kaithi,Action,2019,2,4,0,11,-0.28
USR_3389,MOV_5022,Classic Love Story,Romance,2026,4,10,0,118,0.38
USR_3380,MOV_5278,Raayan,Action,2024,4.5,19,1,177,0.78
USR_3063,MOV_5064,Naanum Rowdy Dhaan,Comedy,2015,2.5,1,0,38,-0.3
USR_3489,MOV_5139,Dhuruvangal Pathinaaru,Thriller,2016,4,6,1,87,0.57
USR_3089,MOV_5137,Star,Romance,2024,4.5,19,1,142,0.96
USR_3961,MOV_5035,Ayalaan,Sci-Fi,2024,2.5,4,0,7,-0.35
USR_3005,MOV_5259,Joe,Romance,2023,4,5,0,105,0.53
USR_4093,MOV_5213,Ayalaan,Sci-Fi,2024,4,9,0,126,0.68
USR_4032,MOV_5074,Conjuring Kannappan,Comedy,2023,5,15,1,148,0.76
USR_3480,MOV_5157,Mari Selvaraj Next,Drama,2026,3,3,0,35,-0.24
USR_4170,MOV_5128,Vetri Maaran Next,Action,2026,4,7,1,94,0.37
USR_3864,MOV_5273,Dhuruvangal Pathinaaru,Thriller,2016,3.5,9,0,82,0.22
USR_3178,MOV_5210,O Kadhal Kanmani,Romance,2015,5,18,0,151,0.74
USR_3935,MOV_5093,Theri,Action,2016,3.5,11,0,86,0.49
USR_3677,MOV_5005,Maya,Thriller,2015,3,0,0,62,-0.31
USR_3138,MOV_5208,96,Romance,2018,3.5,11,1,72,0.68
USR_3701,MOV_5239,Time Loop 2,Sci-Fi,2026,4,11,1,100,0.66
USR_3826,MOV_5285,Master,Action,2021,1,3,0,18,-0.47
USR_3473,MOV_5177,Jailer,Action,2023,2,2,0,53,-0.23
USR_3562,MOV_5276,Kadaisi Vivasayi,Drama,2022,4,11,0,100,0.24
USR_3919,MOV_5113,Oh My Kadavule,Romance,2020,4,6,0,82,0.2
USR_3177,MOV_5273,Dhuruvangal Pathinaaru,Thriller,2016,4,8,1,114,0.34
USR_3700,MOV_5088,Naanum Rowdy Dhaan,Comedy,2015,4,8,1,111,0.25
USR_3215,MOV_5006,Rajinimurugan,Comedy,2016,5,16,1,189,0.74
USR_4013,MOV_5031,Dada,Comedy,2023,2.5,3,0,28,0.14
USR_3087,MOV_5137,Star,Romance,2024,4,5,0,115,0.27
USR_4082,MOV_5283,Tik Tik Tik,Sci-Fi,2018,4,11,0,112,0.67
USR_3677,MOV_5220,Asuran,Action,2019,1.5,2,0,19,0.13
USR_3960,MOV_5216,Classic Love Story,Romance,2026,3,3,0,55,-0.45
USR_4145,MOV_5255,Oh My Kadavule,Romance,2020,3,3,0,65,-0.15
USR_3497,MOV_5174,Time Loop 2,Sci-Fi,2026,4,11,0,115,0.35
USR_3147,MOV_5234,Karnan,Drama,2021,3.5,9,1,84,0.63
USR_3796,MOV_5117,Amaran,Action,2024,5,14,1,146,0.8
USR_3179,MOV_5121,Amaran,Action,2024,3.5,6,0,108,0.42
USR_3849,MOV_5233,24,Sci-Fi,2016,3,2,0,10,-0.09
USR_3369,MOV_5231,The investigative report,Thriller,2026,4,11,0,101,0.25
USR_3209,MOV_5123,Thiruchitrambalam,Romance,2022,5,16,1,195,0.88
USR_3527,MOV_5088,Naanum Rowdy Dhaan,Comedy,2015,4.5,18,1,159,0.97
USR_3982,MOV_5140,Love Insurance Kompany,Romance,2025,3.5,10,0,104,0.33
USR_4055,MOV_5042,Time Loop 2,Sci-Fi,2026,2.5,2,0,8,-0.45
USR_3843,MOV_5065,Ponniyin Selvan: Part 1,Drama,2022,5,19,1,180,0.87
USR_3348,MOV_5274,Asuran,Action,2019,2,3,0,49,-0.17
USR_3283,MOV_5196,Naanum Rowdy Dhaan,Comedy,2015,4,7,0,121,0.52
USR_3566,MOV_5239,Time Loop 2,Sci-Fi,2026,3,0,0,61,-0.12
USR_3584,MOV_5097,Sita Ramam (Tamil),Romance,2022,4,6,0,78,0.54
USR_4174,MOV_5120,Game Over,Thriller,2019,2.5,4,0,35,-0.24
USR_3842,MOV_5102,Joe,Romance,2023,4.5,16,1,187,0.97
USR_3083,MOV_5160,Garudan,Drama,2024,4.5,12,1,152,0.83
USR_3712,MOV_5267,Time Loop 2,Sci-Fi,2026,5,17,1,184,0.81
USR_3636,MOV_5281,Viduthalai Part 2,Thriller,2025,4,5,1,101,0.4
USR_3225,MOV_5074,Conjuring Kannappan,Comedy,2023,5,22,1,180,0.78
USR_4184,MOV_5239,Time Loop 2,Sci-Fi,2026,3.5,11,0,109,0.33
USR_3479,MOV_5244,Raayan,Action,2024,4,7,1,110,0.55
USR_3871,MOV_5096,Dhruva Natchathiram,Thriller,2025,5,23,0,149,0.78
USR_3425,MOV_5011,Fun Unlimited,Comedy,2026,2,1,0,13,-0.38
USR_3868,MOV_5003,Jai Bhim,Drama,2021,3,4,0,13,-0.09
USR_3459,MOV_5259,Joe,Romance,2023,4,9,1,112,0.56
USR_3575,MOV_5031,Dada,Comedy,2023,4,11,1,93,0.44
USR_3457,MOV_5012,Vedalam,Action,2015,2.5,3,0,36,-0.22
USR_3698,MOV_5061,O Kadhal Kanmani,Romance,2015,4,9,0,121,0.6
USR_3933,MOV_5261,Love Today,Comedy,2022,3.5,8,0,94,0.4
USR_3027,MOV_5218,O Kadhal Kanmani,Romance,2015,5,16,1,141,1
USR_3402,MOV_5135,Thug Life,Action,2025,4,5,1,120,0.56
USR_3069,MOV_5071,Dhruva Natchathiram,Thriller,2025,3.5,6,1,97,0.31
USR_3314,MOV_5260,Tik Tik Tik,Sci-Fi,2018,4,5,0,111,0.52
USR_3309,MOV_5175,Star,Romance,2024,1,1,0,42,-0.16
USR_3877,MOV_5207,Meiyazhagan,Drama,2024,4,6,1,124,0.47
USR_3967,MOV_5194,Vada Chennai,Action,2018,1,3,0,19,-0.48
USR_3751,MOV_5043,Thani Oruvan,Action,2015,5,15,1,192,0.82
USR_3089,MOV_5244,Raayan,Action,2024,2,4,0,54,-0.44
USR_3936,MOV_5096,Dhruva Natchathiram,Thriller,2025,4,6,0,92,0.67
USR_3939,MOV_5116,Ayalaan,Sci-Fi,2024,2.5,0,0,42,-0.37
USR_4015,MOV_5111,Soorarai Pottru,Drama,2020,3.5,10,1,80,0.52
USR_3958,MOV_5015,Doctor,Comedy,2021,3,2,0,50,-0.33
USR_3334,MOV_5095,Star,Romance,2024,5,14,1,186,0.96
USR_4053,MOV_5052,Chitha,Thriller,2023,3,0,0,9,-0.28
USR_3353,MOV_5193,Kaaka Muttai,Drama,2015,5,13,1,168,0.71
USR_4047,MOV_5104,Soorarai Pottru,Drama,2020,3,4,1,7,-0.02
USR_3302,MOV_5241,Ayalaan,Sci-Fi,2024,5,23,1,158,0.78
USR_3433,MOV_5006,Rajinimurugan,Comedy,2016,5,16,1,165,0.88
USR_4106,MOV_5246,Love Insurance Kompany,Romance,2025,4.5,17,1,191,0.84
USR_3654,MOV_5040,Comali,Comedy,2019,3.5,10,1,77,0.52
USR_3109,MOV_5021,Asuran,Action,2019,3,1,0,63,-0.19
USR_3351,MOV_5045,Vettaiyan,Thriller,2024,4,10,1,126,0.23
USR_3705,MOV_5260,Tik Tik Tik,Sci-Fi,2018,4,6,0,111,0.62
USR_4049,MOV_5268,Dada,Comedy,2023,4,5,0,78,0.65
USR_3158,MOV_5252,2,Sci-Fi,2018,4,6,1,129,0.6
USR_3132,MOV_5168,Karnan,Drama,2021,4,5,1,125,0.41
USR_4156,MOV_5114,Tik Tik Tik,Sci-Fi,2018,2.5,2,0,60,-0.12
USR_3350,MOV_5281,Viduthalai Part 2,Thriller,2025,4,9,0,124,0.52
USR_3114,MOV_5157,Mari Selvaraj Next,Drama,2026,4,11,0,108,0.41
USR_3234,MOV_5280,Vettaiyan,Thriller,2024,4,10,1,90,0.33
USR_3129,MOV_5172,Doctor,Comedy,2021,5,18,1,167,0.99
USR_4198,MOV_5231,The investigative report,Thriller,2026,4,6,0,85,0.59
USR_3295,MOV_5168,Karnan,Drama,2021,4,5,1,127,0.65
USR_3926,MOV_5276,Kadaisi Vivasayi,Drama,2022,5,24,1,179,0.89
USR_3785,MOV_5041,Thani Oruvan,Action,2015,2.5,2,0,42,-0.02
USR_3064,MOV_5021,Asuran,Action,2019,4,8,0,115,0.45
USR_3259,MOV_5124,2,Sci-Fi,2018,3,0,0,32,-0.31
USR_3157,MOV_5107,Indru Netru Naalai,Sci-Fi,2015,5,24,1,140,0.79
USR_3283,MOV_5276,Kadaisi Vivasayi,Drama,2022,5,21,1,163,0.8
USR_3910,MOV_5004,Amaran,Action,2024,3.5,8,0,107,0.49
USR_3066,MOV_5174,Time Loop 2,Sci-Fi,2026,4,9,0,115,0.35
USR_3765,MOV_5272,Meiyazhagan,Drama,2024,4,5,1,90,0.22
USR_3043,MOV_5187,Ponniyin Selvan: Part 1,Drama,2022,3.5,8,1,88,0.68
USR_4154,MOV_5194,Vada Chennai,Action,2018,3.5,7,0,72,0.23
USR_3802,MOV_5116,Ayalaan,Sci-Fi,2024,4.5,22,1,151,0.73
USR_3017,MOV_5096,Dhruva Natchathiram,Thriller,2025,2,2,0,21,-0.06
USR_3865,MOV_5027,Viduthalai Part 1,Thriller,2023,2,1,0,59,-0.31
USR_3272,MOV_5067,Indru Netru Naalai,Sci-Fi,2015,2.5,3,0,45,-0.45
USR_4072,MOV_5140,Love Insurance Kompany,Romance,2025,4,10,1,90,0.68
USR_3285,MOV_5093,Theri,Action,2016,4.5,14,1,167,0.99
USR_3196,MOV_5105,Dhuruvangal Pathinaaru,Thriller,2016,4,11,0,109,0.55
USR_3732,MOV_5245,Hey Sinamika,Romance,2022,3,2,0,46,0.11
USR_3620,MOV_5242,Imaikkaa Nodigal,Thriller,2018,3.5,7,0,94,0.65
USR_3934,MOV_5160,Garudan,Drama,2024,3.5,7,1,87,0.59
USR_3411,MOV_5144,Ratsasan,Thriller,2018,2,3,0,14,-0.37
USR_3967,MOV_5199,96,Romance,2018,2,3,1,31,-0.34
USR_4174,MOV_5263,Kottukaali,Drama,2024,2,2,0,62,0.07
USR_3012,MOV_5130,Oh My Kadavule,Romance,2020,4,5,0,81,0.45
USR_3785,MOV_5177,Jailer,Action,2023,3,4,0,13,-0.34
USR_4164,MOV_5161,Good Night,Comedy,2023,4.5,22,1,169,0.73
USR_4060,MOV_5262,24,Sci-Fi,2016,5,13,0,171,0.84
USR_3492,MOV_5188,Kottukaali,Drama,2024,3,4,0,15,-0.28
USR_3062,MOV_5229,Kabali,Action,2016,1.5,3,1,23,-0.24
USR_3099,MOV_5137,Star,Romance,2024,2.5,4,0,64,-0.29
USR_3935,MOV_5164,Kaaka Muttai,Drama,2015,5,13,0,175,0.73
USR_3907,MOV_5132,Indru Netru Naalai,Sci-Fi,2015,4,10,1,108,0.45
USR_4055,MOV_5032,Dhruva Natchathiram,Thriller,2025,5,22,1,147,0.9
USR_3690,MOV_5009,96,Romance,2018,5,13,0,132,0.95
USR_3226,MOV_5190,Amaran,Action,2024,2.5,2,0,5,-0.02
USR_3208,MOV_5249,Kaithi,Action,2019,5,13,1,173,0.85
USR_3980,MOV_5184,Mookuthi Amman,Comedy,2020,5,19,1,197,0.92
USR_3952,MOV_5062,Hit List,Thriller,2024,3.5,5,0,74,0.58
USR_4178,MOV_5171,Love Insurance Kompany,Romance,2025,2,1,0,39,-0.32
USR_3963,MOV_5147,Ayalaan,Sci-Fi,2024,1.5,0,0,6,0.02
USR_3906,MOV_5286,Vettaiyan,Thriller,2024,4,8,1,113,0.53
USR_3642,MOV_5097,Sita Ramam (Tamil),Romance,2022,5,12,1,158,0.87
USR_3538,MOV_5041,Thani Oruvan,Action,2015,3.5,10,0,98,0.37
USR_3410,MOV_5231,The investigative report,Thriller,2026,5,12,1,148,0.92
USR_3755,MOV_5015,Doctor,Comedy,2021,2.5,1,0,63,-0.47
USR_3904,MOV_5170,Garudan,Drama,2024,4,7,1,117,0.66
USR_4196,MOV_5062,Hit List,Thriller,2024,5,21,1,185,0.96
USR_3848,MOV_5119,Mehandi Circus,Romance,2019,2,1,0,41,-0.4
USR_3591,MOV_5102,Joe,Romance,2023,3.5,11,0,80,0.34
USR_4176,MOV_5123,Thiruchitrambalam,Romance,2022,5,16,1,186,0.98
USR_4064,MOV_5136,Project AI,Sci-Fi,2025,4,9,0,123,0.51
USR_3350,MOV_5062,Hit List,Thriller,2024,5,16,1,131,0.77
USR_3796,MOV_5046,Soorarai Pottru,Drama,2020,2.5,4,0,44,-0.5
USR_4003,MOV_5217,Game Over,Thriller,2019,2,1,0,38,-0.37
USR_3123,MOV_5152,Garudan,Drama,2024,4,7,1,74,0.34
USR_3259,MOV_5268,Dada,Comedy,2023,4,10,1,103,0.25
USR_3634,MOV_5005,Maya,Thriller,2015,4,6,0,71,0.45
USR_3077,MOV_5154,Siren,Romance,2024,1.5,3,1,31,-0.07
USR_3371,MOV_5275,Love Today,Comedy,2022,4,9,0,120,0.58
USR_3752,MOV_5201,Don,Comedy,2022,2.5,0,0,45,-0.27
USR_3583,MOV_5152,Garudan,Drama,2024,2,4,0,42,-0.03
USR_3397,MOV_5200,Viduthalai Part 2,Thriller,2025,5,23,1,152,0.86
USR_3235,MOV_5011,Fun Unlimited,Comedy,2026,1,3,0,58,-0.38
USR_3940,MOV_5250,Visaranai,Thriller,2015,5,18,1,160,0.71
USR_3756,MOV_5196,Naanum Rowdy Dhaan,Comedy,2015,2.5,3,0,64,0.05
USR_3654,MOV_5149,Coolie,Action,2025,2.5,0,0,37,0.13
USR_3010,MOV_5134,Por Thozhil,Thriller,2023,3.5,6,0,104,0.5
USR_4069,MOV_5057,Garudan,Drama,2024,2.5,1,0,6,-0.23
USR_3968,MOV_5002,Hey Sinamika,Romance,2022,5,24,1,143,0.79
USR_3787,MOV_5204,Lubber Pandhu,Drama,2024,5,14,1,192,0.97
USR_3556,MOV_5044,Joe,Romance,2023,4,5,0,127,0.6
USR_3049,MOV_5163,Naanum Rowdy Dhaan,Comedy,2015,3.5,8,0,81,0.54
USR_3136,MOV_5202,Lubber Pandhu,Drama,2024,3,3,1,45,0.04
USR_3697,MOV_5150,Maya,Thriller,2015,4.5,18,1,183,0.9
USR_3855,MOV_5269,Tik Tik Tik,Sci-Fi,2018,3.5,8,0,121,0.62
USR_3914,MOV_5275,Love Today,Comedy,2022,4,9,0,130,0.34
USR_4187,MOV_5230,Vada Chennai,Action,2018,2.5,2,1,58,-0.39
USR_3919,MOV_5117,Amaran,Action,2024,1,2,0,58,-0.27
USR_3682,MOV_5011,Fun Unlimited,Comedy,2026,4.5,17,1,178,0.86
USR_3627,MOV_5049,Asuran,Action,2019,1,4,0,32,0.08
USR_4114,MOV_5134,Por Thozhil,Thriller,2023,4,7,1,82,0.53
USR_3106,MOV_5266,Hit List,Thriller,2024,4.5,12,1,133,0.79
USR_4114,MOV_5203,Lubber Pandhu,Drama,2024,3.5,9,1,86,0.44
USR_3820,MOV_5119,Mehandi Circus,Romance,2019,5,12,1,168,0.98
USR_3066,MOV_5124,2,Sci-Fi,2018,4,5,1,78,0.68
USR_4039,MOV_5002,Hey Sinamika,Romance,2022,5,16,1,199,0.88
USR_4161,MOV_5115,Mari Selvaraj Next,Drama,2026,4,6,1,109,0.63
USR_3231,MOV_5069,O Kadhal Kanmani,Romance,2015,4.5,22,1,181,0.76
USR_3505,MOV_5062,Hit List,Thriller,2024,4,8,1,87,0.23
USR_3779,MOV_5158,Classic Love Story,Romance,2026,5,17,1,175,0.81
USR_3020,MOV_5214,Peranbu,Drama,2018,5,21,1,146,0.88
USR_4162,MOV_5268,Dada,Comedy,2023,1,4,0,43,-0.35
USR_3969,MOV_5219,Kadhalum Kadandhu Pogum,Romance,2016,5,12,1,131,0.94
USR_3848,MOV_5249,Kaithi,Action,2019,2.5,1,0,60,0.08
USR_4008,MOV_5012,Vedalam,Action,2015,1.5,0,0,28,-0.17
USR_3255,MOV_5013,Maanaadu,Sci-Fi,2021,5,15,0,157,0.95
USR_3482,MOV_5241,Ayalaan,Sci-Fi,2024,4,5,1,108,0.69
USR_3817,MOV_5215,The investigative report,Thriller,2026,4,9,1,118,0.62
USR_3833,MOV_5071,Dhruva Natchathiram,Thriller,2025,5,21,1,178,0.84
USR_3978,MOV_5017,Oh My Kadavule,Romance,2020,3,4,0,26,-0.02
USR_3407,MOV_5209,LKG,Comedy,2019,3.5,5,0,95,0.24
USR_3201,MOV_5079,Chitha,Thriller,2023,2.5,2,0,49,-0.23
USR_3624,MOV_5004,Amaran,Action,2024,3.5,5,1,82,0.56
USR_3930,MOV_5185,Love Today,Comedy,2022,2.5,1,0,25,0
USR_3059,MOV_5257,Joe,Romance,2023,5,12,1,157,0.97
USR_3690,MOV_5212,Chitha,Thriller,2023,3.5,10,0,113,0.66
USR_3645,MOV_5103,Visaranai,Thriller,2015,5,18,1,133,0.87
USR_3686,MOV_5077,Por Thozhil,Thriller,2023,2.5,3,0,30,-0.22
USR_3351,MOV_5246,Love Insurance Kompany,Romance,2025,4,5,0,122,0.5
USR_3100,MOV_5045,Vettaiyan,Thriller,2024,5,12,1,169,0.73
USR_4059,MOV_5101,Maanaadu,Sci-Fi,2021,5,24,1,179,0.99
USR_4039,MOV_5055,2,Sci-Fi,2018,5,22,1,177,0.91
USR_3993,MOV_5088,Naanum Rowdy Dhaan,Comedy,2015,5,12,1,139,0.88
USR_3337,MOV_5023,Vedalam,Action,2015,2,4,0,52,0.09
USR_3199,MOV_5244,Raayan,Action,2024,4.5,17,1,171,0.99
USR_4134,MOV_5135,Thug Life,Action,2025,3,2,0,18,0.04
USR_3351,MOV_5120,Game Over,Thriller,2019,5,19,1,183,0.86
USR_3303,MOV_5250,Visaranai,Thriller,2015,5,24,1,138,0.79
USR_3551,MOV_5141,Vetri Maaran Next,Action,2026,4,8,1,70,0.49
USR_3346,MOV_5279,Doctor,Comedy,2021,1,4,0,12,0.05
USR_3522,MOV_5050,Indru Netru Naalai,Sci-Fi,2015,1.5,3,0,15,-0.31
USR_4188,MOV_5211,Indru Netru Naalai,Sci-Fi,2015,5,21,1,161,0.88
USR_4121,MOV_5184,Mookuthi Amman,Comedy,2020,5,19,1,150,0.9
USR_3619,MOV_5235,Project AI,Sci-Fi,2025,2,1,0,22,-0.5
USR_3477,MOV_5087,Thug Life,Action,2025,3.5,9,0,82,0.3
USR_4144,MOV_5064,Naanum Rowdy Dhaan,Comedy,2015,5,18,1,172,0.77
USR_4023,MOV_5136,Project AI,Sci-Fi,2025,5,16,1,198,0.71
USR_4015,MOV_5201,Don,Comedy,2022,5,19,1,183,1
USR_3361,MOV_5162,Kanguva 2,Action,2026,2.5,3,0,55,0.12
USR_3930,MOV_5228,Thani Oruvan,Action,2015,4.5,19,1,191,0.75
USR_3301,MOV_5186,Kottukaali,Drama,2024,1.5,2,0,36,0.1
USR_4066,MOV_5241,Ayalaan,Sci-Fi,2024,2.5,3,0,63,-0.28
USR_3081,MOV_5124,2,Sci-Fi,2018,4,7,1,130,0.3
USR_3768,MOV_5045,Vettaiyan,Thriller,2024,4.5,16,1,134,0.86
USR_3276,MOV_5061,O Kadhal Kanmani,Romance,2015,2,1,0,64,-0.17
USR_3642,MOV_5189,Thani Oruvan,Action,2015,4.5,18,1,177,0.74
USR_3551,MOV_5142,Kaaka Muttai,Drama,2015,2,4,0,21,-0.08
USR_4110,MOV_5057,Garudan,Drama,2024,3.5,7,1,101,0.52
USR_3300,MOV_5113,Oh My Kadavule,Romance,2020,2.5,3,0,31,-0.36
USR_3665,MOV_5186,Kottukaali,Drama,2024,3,4,0,44,0.18
USR_3262,MOV_5109,Garudan,Drama,2024,3,4,0,46,-0.26
USR_3219,MOV_5259,Joe,Romance,2023,5,23,1,176,0.74
USR_3672,MOV_5119,Mehandi Circus,Romance,2019,5,24,1,146,0.93
USR_3904,MOV_5053,Good Bad Ugly,Action,2025,1,1,1,26,-0.35
USR_3363,MOV_5218,O Kadhal Kanmani,Romance,2015,5,15,1,157,0.79
USR_3340,MOV_5034,Indru Netru Naalai,Sci-Fi,2015,2.5,2,0,9,-0.21
USR_4046,MOV_5113,Oh My Kadavule,Romance,2020,4.5,19,1,147,0.7
USR_3734,MOV_5157,Mari Selvaraj Next,Drama,2026,3.5,7,1,130,0.5
USR_3088,MOV_5161,Good Night,Comedy,2023,2,3,0,27,-0.46
USR_3069,MOV_5035,Ayalaan,Sci-Fi,2024,3,0,0,19,-0.18
USR_3121,MOV_5174,Time Loop 2,Sci-Fi,2026,3.5,7,1,82,0.32
USR_3723,MOV_5065,Ponniyin Selvan: Part 1,Drama,2022,2.5,3,0,22,0.14
USR_3896,MOV_5241,Ayalaan,Sci-Fi,2024,3.5,5,1,68,0.41
USR_3585,MOV_5158,Classic Love Story,Romance,2026,3.5,10,0,102,0.51
USR_4042,MOV_5054,Kottukaali,Drama,2024,3.5,6,1,116,0.29
USR_4055,MOV_5140,Love Insurance Kompany,Romance,2025,4,7,1,128,0.51
USR_3694,MOV_5129,Naanum Rowdy Dhaan,Comedy,2015,3,3,0,39,-0.48
USR_3403,MOV_5021,Asuran,Action,2019,3,3,0,49,-0.43
USR_3185,MOV_5175,Star,Romance,2024,3.5,6,0,129,0.38
USR_3777,MOV_5090,O Kadhal Kanmani,Romance,2015,4,11,1,127,0.55
USR_3688,MOV_5072,Comali,Comedy,2019,5,13,1,164,0.98
USR_4165,MOV_5046,Soorarai Pottru,Drama,2020,3.5,7,0,82,0.25
USR_3565,MOV_5169,24,Sci-Fi,2016,3.5,6,1,90,0.2
USR_3283,MOV_5201,Don,Comedy,2022,4,6,0,111,0.56
USR_3741,MOV_5051,Tik Tik Tik,Sci-Fi,2018,5,22,1,186,0.75
USR_3602,MOV_5058,Soorarai Pottru,Drama,2020,2,2,0,36,-0.01
USR_4073,MOV_5178,Indru Netru Naalai,Sci-Fi,2015,3,3,0,21,-0.04
USR_3781,MOV_5230,Vada Chennai,Action,2018,5,16,1,187,0.75
USR_3766,MOV_5203,Lubber Pandhu,Drama,2024,4.5,20,1,186,0.73
USR_3952,MOV_5188,Kottukaali,Drama,2024,3,4,0,20,-0.34
USR_3672,MOV_5134,Por Thozhil,Thriller,2023,4,11,0,85,0.56
USR_4107,MOV_5241,Ayalaan,Sci-Fi,2024,3,2,0,14,0.17
USR_3451,MOV_5186,Kottukaali,Drama,2024,5,15,1,159,0.79
USR_3953,MOV_5110,Maanaadu,Sci-Fi,2021,5,15,1,161,0.88
USR_3156,MOV_5253,Love Today,Comedy,2022,5,21,0,195,0.72
USR_3087,MOV_5110,Maanaadu,Sci-Fi,2021,4,9,0,98,0.49
USR_3695,MOV_5195,Sita Ramam (Tamil),Romance,2022,5,20,0,184,0.84
USR_3296,MOV_5161,Good Night,Comedy,2023,3,4,1,40,0.17
USR_3730,MOV_5001,Fun Unlimited,Comedy,2026,5,23,1,150,0.9
USR_3742,MOV_5233,24,Sci-Fi,2016,1,2,0,47,-0.26
USR_4073,MOV_5268,Dada,Comedy,2023,2.5,0,0,59,0.12
USR_3874,MOV_5149,Coolie,Action,2025,4.5,13,1,197,0.98
USR_3017,MOV_5160,Garudan,Drama,2024,5,22,1,134,0.98
USR_3739,MOV_5038,O Kadhal Kanmani,Romance,2015,5,22,1,165,0.93
USR_3321,MOV_5239,Time Loop 2,Sci-Fi,2026,5,21,1,192,0.79
USR_3101,MOV_5278,Raayan,Action,2024,4.5,18,1,182,0.71
USR_3054,MOV_5028,Doctor,Comedy,2021,4,8,0,101,0.22
USR_3540,MOV_5060,Maharaja,Action,2024,3.5,9,0,88,0.63
USR_3373,MOV_5010,Tik Tik Tik,Sci-Fi,2018,3.5,6,1,91,0.2
USR_4068,MOV_5001,Fun Unlimited,Comedy,2026,4.5,21,1,147,0.84
USR_3331,MOV_5213,Ayalaan,Sci-Fi,2024,5,22,1,185,0.78
USR_3437,MOV_5036,Tik Tik Tik,Sci-Fi,2018,1.5,1,0,7,0.15
USR_4197,MOV_5257,Joe,Romance,2023,2.5,2,0,21,0.15
USR_3793,MOV_5057,Garudan,Drama,2024,4.5,24,1,190,0.9
USR_4060,MOV_5175,Star,Romance,2024,4,9,0,123,0.69
USR_3304,MOV_5222,Vikram Vedha,Thriller,2017,3.5,8,1,72,0.38
USR_3387,MOV_5247,The investigative report,Thriller,2026,3.5,6,1,109,0.34
USR_3291,MOV_5264,Imaikkaa Nodigal,Thriller,2018,5,18,1,144,0.92
USR_3749,MOV_5202,Lubber Pandhu,Drama,2024,5,21,1,177,0.96
USR_3864,MOV_5288,Time Loop 2,Sci-Fi,2026,3.5,9,1,70,0.31
USR_3477,MOV_5070,Jai Bhim,Drama,2021,5,20,1,149,0.7
USR_4145,MOV_5159,Vikram,Action,2022,4,7,1,114,0.66
USR_3039,MOV_5059,Vikram,Action,2022,5,16,1,192,0.8
USR_3575,MOV_5179,SivaKartikeyan Next,Comedy,2025,4,7,0,74,0.61
USR_3974,MOV_5019,Fun Unlimited,Comedy,2026,4,11,1,83,0.47
USR_3606,MOV_5227,The GOAT,Action,2024,2,4,0,38,-0.22
USR_3594,MOV_5258,Hey Sinamika,Romance,2022,4,9,0,126,0.24
USR_3835,MOV_5191,Imaikkaa Nodigal,Thriller,2018,4.5,16,1,154,0.98
USR_3201,MOV_5251,Love Today,Comedy,2022,4,7,1,85,0.28
USR_3525,MOV_5045,Vettaiyan,Thriller,2024,5,20,0,174,0.72
USR_3326,MOV_5243,Star,Romance,2024,4,7,1,120,0.26
USR_4040,MOV_5075,Doctor,Comedy,2021,3.5,9,1,80,0.31
USR_3007,MOV_5176,LKG,Comedy,2019,3.5,7,0,109,0.68
USR_4059,MOV_5003,Jai Bhim,Drama,2021,3,2,1,55,-0.02
USR_3634,MOV_5146,Visaranai,Thriller,2015,4,11,0,127,0.33
USR_3269,MOV_5288,Time Loop 2,Sci-Fi,2026,4.5,15,0,150,0.8
USR_3792,MOV_5207,Meiyazhagan,Drama,2024,4,9,0,108,0.6
USR_3955,MOV_5035,Ayalaan,Sci-Fi,2024,5,14,0,173,0.77
USR_3604,MOV_5196,Naanum Rowdy Dhaan,Comedy,2015,1.5,2,1,18,-0.35
USR_3500,MOV_5104,Soorarai Pottru,Drama,2020,5,17,0,196,0.89
USR_3582,MOV_5009,96,Romance,2018,2,0,0,61,-0.13
USR_3675,MOV_5070,Jai Bhim,Drama,2021,5,15,1,194,0.71
USR_3941,MOV_5038,O Kadhal Kanmani,Romance,2015,4,6,1,96,0.41
USR_4181,MOV_5131,2,Sci-Fi,2018,3,3,0,51,-0.45
USR_3802,MOV_5266,Hit List,Thriller,2024,3,4,0,7,-0.31
USR_3882,MOV_5119,Mehandi Circus,Romance,2019,5,23,1,193,0.72
USR_3438,MOV_5172,Doctor,Comedy,2021,5,24,1,179,0.81
USR_3414,MOV_5144,Ratsasan,Thriller,2018,4,5,1,93,0.28
USR_3818,MOV_5043,Thani Oruvan,Action,2015,2.5,2,0,9,0.18
USR_3862,MOV_5150,Maya,Thriller,2015,5,21,1,191,0.9
USR_3456,MOV_5241,Ayalaan,Sci-Fi,2024,2,2,0,7,-0.38
USR_3230,MOV_5225,Theri,Action,2016,1,3,0,64,-0.42
USR_4165,MOV_5080,Thug Life,Action,2025,4,7,1,89,0.37
USR_3205,MOV_5056,Fun Unlimited,Comedy,2026,4.5,18,1,197,0.95
USR_3812,MOV_5007,Viduthalai Part 1,Thriller,2023,4,7,1,97,0.5
USR_3814,MOV_5007,Viduthalai Part 1,Thriller,2023,5,14,1,165,0.88
USR_3317,MOV_5171,Love Insurance Kompany,Romance,2025,4.5,19,1,159,0.92
USR_3796,MOV_5247,The investigative report,Thriller,2026,4,11,1,84,0.4
USR_4067,MOV_5080,Thug Life,Action,2025,5,20,1,178,0.77
USR_3702,MOV_5215,The investigative report,Thriller,2026,4,6,1,116,0.65
USR_3087,MOV_5004,Amaran,Action,2024,4,6,0,108,0.2
USR_3107,MOV_5182,Thug Life,Action,2025,4,9,0,87,0.24
USR_3167,MOV_5026,Classic Love Story,Romance,2026,2.5,4,0,43,-0.23
USR_3903,MOV_5272,Meiyazhagan,Drama,2024,3.5,5,1,125,0.54
USR_3993,MOV_5205,Conjuring Kannappan,Comedy,2023,5,18,1,159,0.94
USR_4078,MOV_5128,Vetri Maaran Next,Action,2026,2,4,0,45,-0.07
USR_3956,MOV_5282,Viduthalai Part 2,Thriller,2025,1.5,1,0,29,-0.12
USR_3641,MOV_5284,Ratsasan,Thriller,2018,4,6,1,127,0.39
USR_3078,MOV_5155,Fun Unlimited,Comedy,2026,1.5,2,0,57,0.1
USR_4030,MOV_5011,Fun Unlimited,Comedy,2026,4,9,1,84,0.34
USR_3350,MOV_5236,Thug Life,Action,2025,4,5,1,106,0.25
USR_4157,MOV_5009,96,Romance,2018,4,6,1,85,0.48
USR_3026,MOV_5019,Fun Unlimited,Comedy,2026,4,6,0,70,0.51
USR_4092,MOV_5146,Visaranai,Thriller,2015,5,18,1,155,0.7
USR_3912,MOV_5224,Indru Netru Naalai,Sci-Fi,2015,2,3,0,5,0
USR_3165,MOV_5209,LKG,Comedy,2019,5,19,0,182,0.93
USR_3152,MOV_5083,Project AI,Sci-Fi,2025,4,5,1,123,0.24
USR_3750,MOV_5167,Maanaadu,Sci-Fi,2021,4,11,1,113,0.3
USR_3759,MOV_5160,Garudan,Drama,2024,3.5,11,1,79,0.42
USR_3028,MOV_5047,Meiyazhagan,Drama,2024,3.5,11,0,102,0.22
USR_3303,MOV_5027,Viduthalai Part 1,Thriller,2023,2.5,0,0,22,-0.42
USR_3003,MOV_5264,Imaikkaa Nodigal,Thriller,2018,2.5,4,0,59,-0.18
USR_3505,MOV_5279,Doctor,Comedy,2021,4.5,22,1,150,0.82
USR_3132,MOV_5180,Master,Action,2021,5,23,1,160,0.76
USR_3794,MOV_5111,Soorarai Pottru,Drama,2020,5,17,1,151,0.76
USR_3671,MOV_5138,Kaaka Muttai,Drama,2015,4,6,0,110,0.22
USR_3639,MOV_5112,Maanaadu,Sci-Fi,2021,3.5,8,0,127,0.39
USR_3682,MOV_5112,Maanaadu,Sci-Fi,2021,5,14,1,195,0.98
USR_3678,MOV_5074,Conjuring Kannappan,Comedy,2023,3,1,0,56,0.05
USR_3068,MOV_5142,Kaaka Muttai,Drama,2015,5,12,1,136,0.97
USR_3304,MOV_5185,Love Today,Comedy,2022,3.5,9,0,127,0.5
USR_3048,MOV_5267,Time Loop 2,Sci-Fi,2026,5,23,1,145,0.97
USR_4129,MOV_5202,Lubber Pandhu,Drama,2024,4,6,0,121,0.22
USR_3933,MOV_5229,Kabali,Action,2016,1.5,0,0,42,-0.08
USR_3596,MOV_5134,Por Thozhil,Thriller,2023,4.5,15,1,191,0.84
USR_3645,MOV_5196,Naanum Rowdy Dhaan,Comedy,2015,5,22,1,169,0.82
USR_3877,MOV_5173,Kaithi,Action,2019,4,9,1,85,0.39
USR_3214,MOV_5230,Vada Chennai,Action,2018,4,6,0,69,0.52
USR_4083,MOV_5096,Dhruva Natchathiram,Thriller,2025,4.5,13,0,187,0.77
USR_3278,MOV_5285,Master,Action,2021,4.5,15,1,199,0.83
USR_3231,MOV_5226,Coolie,Action,2025,5,19,1,194,0.88
USR_3582,MOV_5262,24,Sci-Fi,2016,3,1,1,65,-0.12
USR_3780,MOV_5222,Vikram Vedha,Thriller,2017,2.5,3,0,5,-0.19
USR_3032,MOV_5131,2,Sci-Fi,2018,2,1,0,52,0.08
USR_3322,MOV_5012,Vedalam,Action,2015,2,3,0,44,-0.3
USR_3436,MOV_5050,Indru Netru Naalai,Sci-Fi,2015,5,14,1,189,0.94
USR_4137,MOV_5069,O Kadhal Kanmani,Romance,2015,4,11,0,122,0.22
USR_3502,MOV_5081,Fun Unlimited,Comedy,2026,2.5,4,0,47,-0.49
USR_4160,MOV_5271,Mari Selvaraj Next,Drama,2026,4,6,0,95,0.37
USR_3478,MOV_5235,Project AI,Sci-Fi,2025,4,11,1,95,0.45
USR_3203,MOV_5019,Fun Unlimited,Comedy,2026,3,3,0,46,0.12
USR_3434,MOV_5078,2,Sci-Fi,2018,4,8,0,110,0.28
USR_3967,MOV_5252,2,Sci-Fi,2018,3,0,0,9,-0.14
USR_4089,MOV_5150,Maya,Thriller,2015,2.5,4,0,7,0.11
USR_3765,MOV_5176,LKG,Comedy,2019,3.5,9,1,127,0.2
USR_3698,MOV_5205,Conjuring Kannappan,Comedy,2023,5,21,1,194,0.74
USR_3666,MOV_5117,Amaran,Action,2024,4,5,1,119,0.35
USR_3997,MOV_5095,Star,Romance,2024,3,3,0,31,-0.02
USR_3377,MOV_5009,96,Romance,2018,3,4,0,39,-0.21
USR_3085,MOV_5128,Vetri Maaran Next,Action,2026,2.5,0,0,10,-0.17
USR_4046,MOV_5199,96,Romance,2018,3.5,8,1,100,0.55
USR_4099,MOV_5222,Vikram Vedha,Thriller,2017,5,21,1,199,0.93
USR_3403,MOV_5245,Hey Sinamika,Romance,2022,3,2,0,40,-0.49
USR_4188,MOV_5008,Kanguva 2,Action,2026,5,17,1,140,0.96
USR_3225,MOV_5055,2,Sci-Fi,2018,4.5,12,1,168,0.81
USR_3805,MOV_5278,Raayan,Action,2024,4,7,1,112,0.63
USR_3707,MOV_5277,Brother,Comedy,2024,2.5,1,0,63,0.04
USR_3922,MOV_5092,Jai Bhim,Drama,2021,3.5,7,1,79,0.53
USR_3698,MOV_5259,Joe,Romance,2023,5,21,1,141,0.79
USR_4145,MOV_5099,Ayalaan,Sci-Fi,2024,3,3,0,47,-0.5
USR_4100,MOV_5039,Kaaka Muttai,Drama,2015,5,15,1,162,0.89
USR_3501,MOV_5144,Ratsasan,Thriller,2018,4.5,15,1,170,0.8
USR_3937,MOV_5055,2,Sci-Fi,2018,5,22,1,189,0.92
USR_4131,MOV_5049,Asuran,Action,2019,5,16,1,182,0.99
USR_3594,MOV_5086,Project AI,Sci-Fi,2025,2.5,3,0,43,-0.24
USR_3159,MOV_5125,Hit List,Thriller,2024,3.5,10,1,116,0.26
USR_3698,MOV_5010,Tik Tik Tik,Sci-Fi,2018,3.5,10,0,107,0.31
USR_3857,MOV_5262,24,Sci-Fi,2016,4,5,0,84,0.28
USR_3376,MOV_5006,Rajinimurugan,Comedy,2016,5,17,1,198,0.98
USR_3314,MOV_5092,Jai Bhim,Drama,2021,4,7,0,66,0.33
USR_3619,MOV_5006,Rajinimurugan,Comedy,2016,3,0,0,54,-0.19
USR_3634,MOV_5269,Tik Tik Tik,Sci-Fi,2018,2,2,0,17,0.18
USR_3241,MOV_5191,Imaikkaa Nodigal,Thriller,2018,3.5,6,1,79,0.31
USR_4048,MOV_5044,Joe,Romance,2023,2.5,1,0,17,0.07
USR_4004,MOV_5276,Kadaisi Vivasayi,Drama,2022,4.5,23,1,177,0.97
USR_3303,MOV_5197,Vikram Vedha,Thriller,2017,4.5,19,1,182,0.9
USR_3687,MOV_5288,Time Loop 2,Sci-Fi,2026,5,18,1,176,0.81
USR_3477,MOV_5192,SivaKartikeyan Next,Comedy,2025,3.5,10,0,112,0.29
USR_4101,MOV_5041,Thani Oruvan,Action,2015,4,7,1,126,0.66
USR_3963,MOV_5111,Soorarai Pottru,Drama,2020,2.5,2,0,41,-0.46
USR_3552,MOV_5153,Maanaadu,Sci-Fi,2021,4.5,16,1,172,0.83
USR_4116,MOV_5001,Fun Unlimited,Comedy,2026,3,3,0,15,0.02
USR_3987,MOV_5124,2,Sci-Fi,2018,4.5,24,1,132,0.75
USR_3599,MOV_5031,Dada,Comedy,2023,4,6,1,124,0.68
USR_3576,MOV_5241,Ayalaan,Sci-Fi,2024,2.5,1,0,12,-0.13
USR_3125,MOV_5002,Hey Sinamika,Romance,2022,4,6,1,127,0.31
USR_3329,MOV_5069,O Kadhal Kanmani,Romance,2015,4,8,1,112,0.57
USR_3837,MOV_5097,Sita Ramam (Tamil),Romance,2022,5,19,1,199,0.91
USR_4179,MOV_5211,Indru Netru Naalai,Sci-Fi,2015,5,19,1,188,0.92
USR_4126,MOV_5070,Jai Bhim,Drama,2021,4,11,0,97,0.23
USR_3772,MOV_5044,Joe,Romance,2023,4,10,0,67,0.41
USR_4044,MOV_5157,Mari Selvaraj Next,Drama,2026,4.5,23,1,179,0.93
USR_3446,MOV_5078,2,Sci-Fi,2018,3.5,5,1,72,0.3
USR_3767,MOV_5037,96,Romance,2018,4.5,19,1,188,0.89
USR_3926,MOV_5099,Ayalaan,Sci-Fi,2024,2,0,1,41,-0.38
USR_3819,MOV_5123,Thiruchitrambalam,Romance,2022,3.5,10,1,70,0.45
USR_3315,MOV_5264,Imaikkaa Nodigal,Thriller,2018,2.5,2,0,22,0.1
USR_4089,MOV_5258,Hey Sinamika,Romance,2022,4.5,24,1,180,0.9
USR_3258,MOV_5222,Vikram Vedha,Thriller,2017,3.5,7,1,72,0.61
USR_3408,MOV_5002,Hey Sinamika,Romance,2022,4.5,18,1,164,0.74
USR_3850,MOV_5263,Kottukaali,Drama,2024,4.5,15,1,144,0.96
USR_3677,MOV_5151,Kaithi,Action,2019,5,16,1,196,0.95
USR_4019,MOV_5270,Siren,Romance,2024,2,2,1,35,-0.35
USR_3508,MOV_5123,Thiruchitrambalam,Romance,2022,2,2,0,36,0.13
USR_3889,MOV_5148,Imaikkaa Nodigal,Thriller,2018,2,2,0,37,0.18
USR_3247,MOV_5117,Amaran,Action,2024,5,19,1,189,0.73
USR_3320,MOV_5020,Vedalam,Action,2015,3.5,11,1,106,0.33
USR_4177,MOV_5081,Fun Unlimited,Comedy,2026,3.5,11,0,119,0.3
USR_3476,MOV_5128,Vetri Maaran Next,Action,2026,3.5,5,1,79,0.22
USR_3395,MOV_5239,Time Loop 2,Sci-Fi,2026,5,24,0,137,0.97
USR_3912,MOV_5122,Maanaadu,Sci-Fi,2021,4,11,1,112,0.21
USR_3395,MOV_5121,Amaran,Action,2024,5,18,1,160,0.98
USR_4048,MOV_5052,Chitha,Thriller,2023,1.5,3,0,45,-0.43
USR_3953,MOV_5233,24,Sci-Fi,2016,4,5,0,79,0.45
USR_3896,MOV_5042,Time Loop 2,Sci-Fi,2026,5,24,1,162,0.8
USR_3817,MOV_5039,Kaaka Muttai,Drama,2015,5,16,1,151,0.96
USR_4155,MOV_5004,Amaran,Action,2024,4,5,1,112,0.31
USR_3005,MOV_5044,Joe,Romance,2023,3.5,6,1,125,0.36
USR_3393,MOV_5075,Doctor,Comedy,2021,3.5,6,1,67,0.43
USR_3709,MOV_5216,Classic Love Story,Romance,2026,4,8,0,72,0.68
USR_3720,MOV_5066,Thani Oruvan,Action,2015,5,14,0,191,0.95
USR_3887,MOV_5196,Naanum Rowdy Dhaan,Comedy,2015,3,3,0,25,-0.42
USR_3339,MOV_5204,Lubber Pandhu,Drama,2024,2.5,4,0,60,-0.48
USR_3133,MOV_5005,Maya,Thriller,2015,4,10,0,101,0.36
USR_3070,MOV_5065,Ponniyin Selvan: Part 1,Drama,2022,5,21,1,193,0.72
USR_3870,MOV_5125,Hit List,Thriller,2024,3.5,7,0,77,0.59
USR_4072,MOV_5155,Fun Unlimited,Comedy,2026,1,3,0,27,-0.26
USR_3314,MOV_5127,Vada Chennai,Action,2018,4,7,1,87,0.45
USR_4167,MOV_5061,O Kadhal Kanmani,Romance,2015,3.5,10,0,110,0.4
USR_3601,MOV_5198,Tik Tik Tik,Sci-Fi,2018,3,0,0,5,-0.49
USR_3573,MOV_5249,Kaithi,Action,2019,2.5,3,0,57,0.15
USR_3806,MOV_5115,Mari Selvaraj Next,Drama,2026,5,12,1,188,0.99
USR_3265,MOV_5225,Theri,Action,2016,4,6,1,97,0.6
USR_3778,MOV_5235,Project AI,Sci-Fi,2025,3.5,9,1,123,0.3
USR_4081,MOV_5197,Vikram Vedha,Thriller,2017,5,20,1,177,0.78
USR_3963,MOV_5039,Kaaka Muttai,Drama,2015,4.5,13,1,191,0.96
USR_3797,MOV_5173,Kaithi,Action,2019,5,12,1,149,0.72
USR_3548,MOV_5203,Lubber Pandhu,Drama,2024,4,7,1,114,0.23
USR_3292,MOV_5021,Asuran,Action,2019,3.5,11,1,93,0.66
USR_3019,MOV_5118,Tik Tik Tik,Sci-Fi,2018,5,19,1,153,0.89
USR_3120,MOV_5118,Tik Tik Tik,Sci-Fi,2018,3.5,9,0,89,0.35
USR_3487,MOV_5069,O Kadhal Kanmani,Romance,2015,5,17,1,165,0.99
USR_3778,MOV_5082,Vikram Vedha,Thriller,2017,3.5,11,0,86,0.44
USR_3255,MOV_5139,Dhuruvangal Pathinaaru,Thriller,2016,5,17,1,170,0.78
USR_4050,MOV_5008,Kanguva 2,Action,2026,5,19,1,140,0.91
USR_3874,MOV_5192,SivaKartikeyan Next,Comedy,2025,4,7,1,82,0.27
USR_4015,MOV_5047,Meiyazhagan,Drama,2024,4,8,0,128,0.62
USR_3870,MOV_5270,Siren,Romance,2024,4.5,16,1,167,0.78
USR_4086,MOV_5178,Indru Netru Naalai,Sci-Fi,2015,5,23,1,188,0.73
USR_3233,MOV_5135,Thug Life,Action,2025,1.5,1,0,38,0.14
USR_3346,MOV_5146,Visaranai,Thriller,2015,5,20,1,164,0.93
USR_3170,MOV_5170,Garudan,Drama,2024,3,0,0,46,0.16
USR_3508,MOV_5201,Don,Comedy,2022,3.5,10,1,105,0.53
USR_3182,MOV_5165,Amaran,Action,2024,1.5,4,0,23,-0.42
USR_3333,MOV_5093,Theri,Action,2016,5,13,1,183,0.74
USR_3446,MOV_5188,Kottukaali,Drama,2024,2,4,0,52,-0.44
USR_4111,MOV_5286,Vettaiyan,Thriller,2024,4,7,1,122,0.58
USR_3986,MOV_5067,Indru Netru Naalai,Sci-Fi,2015,4,7,1,73,0.69
USR_3252,MOV_5146,Visaranai,Thriller,2015,5,16,1,164,0.78
USR_3237,MOV_5283,Tik Tik Tik,Sci-Fi,2018,4.5,22,0,180,0.91
USR_4034,MOV_5107,Indru Netru Naalai,Sci-Fi,2015,2.5,4,0,32,-0.42
USR_3173,MOV_5235,Project AI,Sci-Fi,2025,3.5,7,1,119,0.22
USR_3736,MOV_5104,Soorarai Pottru,Drama,2020,2.5,2,1,54,0.13
USR_3394,MOV_5160,Garudan,Drama,2024,2.5,1,0,59,-0.44
USR_3667,MOV_5229,Kabali,Action,2016,3.5,6,1,74,0.48
USR_3924,MOV_5220,Asuran,Action,2019,3,1,0,53,-0.5
USR_3811,MOV_5237,Hit List,Thriller,2024,2.5,1,0,5,0.12
USR_3247,MOV_5033,2,Sci-Fi,2018,5,23,1,194,0.84
USR_3459,MOV_5154,Siren,Romance,2024,5,15,1,136,0.93
USR_3940,MOV_5017,Oh My Kadavule,Romance,2020,4,6,1,91,0.42
USR_3905,MOV_5100,Vikram Vedha,Thriller,2017,2.5,4,0,52,-0.25
USR_3684,MOV_5281,Viduthalai Part 2,Thriller,2025,5,13,1,142,0.72
USR_3139,MOV_5118,Tik Tik Tik,Sci-Fi,2018,1,4,0,46,0
USR_3079,MOV_5239,Time Loop 2,Sci-Fi,2026,5,16,1,182,0.77
USR_4087,MOV_5089,Don,Comedy,2022,4.5,24,1,176,0.81
USR_3460,MOV_5092,Jai Bhim,Drama,2021,4,10,0,130,0.63
USR_3952,MOV_5087,Thug Life,Action,2025,4.5,21,1,142,0.86
USR_4048,MOV_5153,Maanaadu,Sci-Fi,2021,1,3,0,15,-0.31
USR_3269,MOV_5090,O Kadhal Kanmani,Romance,2015,5,22,1,195,0.78
USR_3984,MOV_5011,Fun Unlimited,Comedy,2026,4,6,0,128,0.49
USR_3197,MOV_5076,Viduthalai Part 1,Thriller,2023,5,16,1,142,0.76
USR_3113,MOV_5203,Lubber Pandhu,Drama,2024,5,19,1,151,0.71
USR_3033,MOV_5080,Thug Life,Action,2025,4.5,17,1,143,0.88
USR_4014,MOV_5088,Naanum Rowdy Dhaan,Comedy,2015,5,13,1,139,0.82
USR_3139,MOV_5270,Siren,Romance,2024,3.5,8,0,97,0.34
USR_3066,MOV_5075,Doctor,Comedy,2021,5,16,1,150,0.79
USR_3737,MOV_5251,Love Today,Comedy,2022,5,21,1,151,0.96
USR_3070,MOV_5229,Kabali,Action,2016,5,17,1,151,0.95
USR_3128,MOV_5010,Tik Tik Tik,Sci-Fi,2018,5,23,1,152,0.87
USR_3725,MOV_5274,Asuran,Action,2019,4.5,15,1,178,0.99
USR_3253,MOV_5070,Jai Bhim,Drama,2021,5,19,1,135,0.92
USR_3498,MOV_5192,SivaKartikeyan Next,Comedy,2025,5,24,1,187,0.86
USR_3346,MOV_5107,Indru Netru Naalai,Sci-Fi,2015,3,1,0,7,0.15
USR_3870,MOV_5013,Maanaadu,Sci-Fi,2021,5,14,1,174,0.81
USR_4020,MOV_5011,Fun Unlimited,Comedy,2026,5,14,1,135,0.73
USR_4100,MOV_5227,The GOAT,Action,2024,4,9,0,105,0.39
USR_3459,MOV_5167,Maanaadu,Sci-Fi,2021,3.5,10,1,87,0.37
USR_4014,MOV_5095,Star,Romance,2024,2.5,4,0,59,-0.1
USR_3295,MOV_5212,Chitha,Thriller,2023,1.5,0,0,52,-0.43
USR_3749,MOV_5111,Soorarai Pottru,Drama,2020,2.5,0,0,19,-0.46
USR_3800,MOV_5001,Fun Unlimited,Comedy,2026,2,3,1,39,-0.41
USR_3512,MOV_5197,Vikram Vedha,Thriller,2017,5,19,1,185,0.72
USR_3588,MOV_5225,Theri,Action,2016,4,6,1,85,0.63
USR_3832,MOV_5015,Doctor,Comedy,2021,5,19,1,169,0.74
USR_3840,MOV_5074,Conjuring Kannappan,Comedy,2023,5,21,1,136,0.77
USR_4038,MOV_5253,Love Today,Comedy,2022,1.5,1,0,41,-0.37
USR_3724,MOV_5174,Time Loop 2,Sci-Fi,2026,4.5,17,1,154,0.71
USR_3398,MOV_5256,Garudan,Drama,2024,1,4,0,36,-0.31
USR_3129,MOV_5140,Love Insurance Kompany,Romance,2025,4.5,18,1,154,0.83
USR_4151,MOV_5047,Meiyazhagan,Drama,2024,2,4,0,38,0.14
USR_3335,MOV_5277,Brother,Comedy,2024,2.5,4,0,32,-0.42
USR_3553,MOV_5139,Dhuruvangal Pathinaaru,Thriller,2016,1,0,0,38,-0.19
USR_4103,MOV_5265,Vedalam,Action,2015,2,1,0,25,-0.36
USR_3394,MOV_5127,Vada Chennai,Action,2018,2.5,0,1,21,-0.38
USR_3383,MOV_5146,Visaranai,Thriller,2015,5,17,0,173,0.91
USR_3967,MOV_5286,Vettaiyan,Thriller,2024,4.5,16,1,158,0.91
USR_3918,MOV_5272,Meiyazhagan,Drama,2024,2,1,0,51,0.03
USR_3585,MOV_5264,Imaikkaa Nodigal,Thriller,2018,2.5,2,0,48,-0.36
USR_3403,MOV_5118,Tik Tik Tik,Sci-Fi,2018,4,11,1,83,0.27
USR_3868,MOV_5233,24,Sci-Fi,2016,4,10,0,98,0.43
USR_3648,MOV_5104,Soorarai Pottru,Drama,2020,5,17,1,170,0.93
USR_3511,MOV_5182,Thug Life,Action,2025,4.5,16,1,161,0.92
USR_3273,MOV_5118,Tik Tik Tik,Sci-Fi,2018,2.5,3,0,6,-0.27
USR_3443,MOV_5128,Vetri Maaran Next,Action,2026,4.5,22,1,182,0.82
USR_3779,MOV_5046,Soorarai Pottru,Drama,2020,4,9,0,81,0.47
USR_4177,MOV_5013,Maanaadu,Sci-Fi,2021,3,1,0,27,0.18
USR_3176,MOV_5195,Sita Ramam (Tamil),Romance,2022,5,17,1,171,0.84
USR_3756,MOV_5157,Mari Selvaraj Next,Drama,2026,2.5,3,0,8,-0.1
USR_3987,MOV_5244,Raayan,Action,2024,4.5,21,1,193,0.85
USR_3969,MOV_5114,Tik Tik Tik,Sci-Fi,2018,4,11,0,105,0.45
USR_3139,MOV_5269,Tik Tik Tik,Sci-Fi,2018,5,16,1,153,0.79
USR_3459,MOV_5022,Classic Love Story,Romance,2026,4,11,0,123,0.59
USR_3318,MOV_5083,Project AI,Sci-Fi,2025,5,22,1,195,0.9
USR_3270,MOV_5114,Tik Tik Tik,Sci-Fi,2018,5,24,1,134,0.74
USR_3326,MOV_5265,Vedalam,Action,2015,4,11,0,120,0.4
USR_3940,MOV_5268,Dada,Comedy,2023,3,1,0,9,0.09
USR_3666,MOV_5006,Rajinimurugan,Comedy,2016,4.5,12,0,186,0.71
USR_4090,MOV_5219,Kadhalum Kadandhu Pogum,Romance,2016,3,1,0,53,-0.17
USR_3888,MOV_5121,Amaran,Action,2024,5,24,1,148,0.98
USR_3054,MOV_5026,Classic Love Story,Romance,2026,4.5,22,1,168,0.71
USR_4174,MOV_5161,Good Night,Comedy,2023,5,18,1,192,0.73
USR_3494,MOV_5059,Vikram,Action,2022,4,11,1,77,0.38
USR_3623,MOV_5161,Good Night,Comedy,2023,5,22,1,191,1
USR_3309,MOV_5040,Comali,Comedy,2019,4,10,0,123,0.27
USR_3653,MOV_5180,Master,Action,2021,1.5,1,0,29,-0.12
USR_3321,MOV_5250,Visaranai,Thriller,2015,4,9,0,113,0.62
USR_3583,MOV_5105,Dhuruvangal Pathinaaru,Thriller,2016,5,19,1,163,0.72
USR_3450,MOV_5268,Dada,Comedy,2023,4,8,1,86,0.45
USR_4023,MOV_5222,Vikram Vedha,Thriller,2017,4,11,1,106,0.67
USR_3357,MOV_5282,Viduthalai Part 2,Thriller,2025,1.5,1,0,13,-0.29
USR_3282,MOV_5002,Hey Sinamika,Romance,2022,4,5,1,119,0.61
USR_3350,MOV_5203,Lubber Pandhu,Drama,2024,4.5,17,1,171,0.83
USR_3269,MOV_5092,Jai Bhim,Drama,2021,2,0,0,6,-0.12
USR_3277,MOV_5244,Raayan,Action,2024,2.5,3,0,20,-0.12
USR_3584,MOV_5069,O Kadhal Kanmani,Romance,2015,4,9,1,89,0.55
USR_3699,MOV_5110,Maanaadu,Sci-Fi,2021,2.5,2,1,65,-0.16
USR_4016,MOV_5237,Hit List,Thriller,2024,4.5,17,1,143,0.71
USR_3403,MOV_5088,Naanum Rowdy Dhaan,Comedy,2015,4,7,1,84,0.39
USR_3340,MOV_5092,Jai Bhim,Drama,2021,4,7,1,92,0.53
USR_4097,MOV_5009,96,Romance,2018,2,0,0,50,0.02
USR_3073,MOV_5265,Vedalam,Action,2015,2,0,0,48,0.15
USR_3379,MOV_5079,Chitha,Thriller,2023,1.5,1,0,27,0.16
USR_3575,MOV_5094,Sita Ramam (Tamil),Romance,2022,3.5,9,0,123,0.25
USR_3525,MOV_5055,2,Sci-Fi,2018,5,21,1,154,0.88
USR_3703,MOV_5282,Viduthalai Part 2,Thriller,2025,4,8,1,86,0.48
USR_3198,MOV_5066,Thani Oruvan,Action,2015,1.5,4,1,65,-0.03
USR_4134,MOV_5143,Chitha,Thriller,2023,4,10,1,124,0.53
USR_4074,MOV_5225,Theri,Action,2016,4,9,1,125,0.25
USR_4145,MOV_5171,Love Insurance Kompany,Romance,2025,5,19,1,142,0.82
USR_3204,MOV_5040,Comali,Comedy,2019,4,11,1,99,0.52
USR_4119,MOV_5103,Visaranai,Thriller,2015,4,8,1,104,0.49
USR_3903,MOV_5246,Love Insurance Kompany,Romance,2025,5,17,1,192,0.94
USR_4048,MOV_5179,SivaKartikeyan Next,Comedy,2025,3.5,10,0,81,0.63
USR_4091,MOV_5282,Viduthalai Part 2,Thriller,2025,1.5,1,0,51,-0.45
USR_3832,MOV_5246,Love Insurance Kompany,Romance,2025,3,2,0,32,-0.4
USR_4131,MOV_5059,Vikram,Action,2022,3.5,7,0,79,0.29
USR_3468,MOV_5176,LKG,Comedy,2019,5,19,1,150,0.73
USR_3482,MOV_5026,Classic Love Story,Romance,2026,5,18,1,154,0.8
USR_4109,MOV_5085,Good Night,Comedy,2023,3.5,11,0,82,0.48
USR_3951,MOV_5091,Tik Tik Tik,Sci-Fi,2018,3.5,11,1,107,0.32
USR_3789,MOV_5196,Naanum Rowdy Dhaan,Comedy,2015,5,14,1,164,0.78
USR_3424,MOV_5224,Indru Netru Naalai,Sci-Fi,2015,2.5,4,0,53,0.17
USR_3425,MOV_5205,Conjuring Kannappan,Comedy,2023,4,11,1,93,0.36
USR_3104,MOV_5072,Comali,Comedy,2019,2.5,4,0,14,-0.26
USR_4166,MOV_5200,Viduthalai Part 2,Thriller,2025,1,4,0,49,0.12
USR_3304,MOV_5081,Fun Unlimited,Comedy,2026,4.5,17,1,150,0.84
USR_3952,MOV_5064,Naanum Rowdy Dhaan,Comedy,2015,1,2,0,20,-0.08
USR_3128,MOV_5004,Amaran,Action,2024,5,13,1,132,0.89
USR_3991,MOV_5211,Indru Netru Naalai,Sci-Fi,2015,4,8,1,104,0.54
USR_3264,MOV_5109,Garudan,Drama,2024,3,1,0,56,-0.12
USR_3264,MOV_5190,Amaran,Action,2024,3.5,7,0,104,0.55
USR_4088,MOV_5053,Good Bad Ugly,Action,2025,5,13,1,132,0.8
USR_3272,MOV_5004,Amaran,Action,2024,5,17,1,136,0.7
USR_3695,MOV_5234,Karnan,Drama,2021,3.5,7,0,112,0.33
USR_3411,MOV_5038,O Kadhal Kanmani,Romance,2015,5,23,1,138,0.8
USR_3944,MOV_5047,Meiyazhagan,Drama,2024,3.5,5,1,82,0.56
USR_3008,MOV_5148,Imaikkaa Nodigal,Thriller,2018,3,3,0,21,-0.35
USR_3374,MOV_5128,Vetri Maaran Next,Action,2026,3,3,0,62,-0.1
USR_3195,MOV_5177,Jailer,Action,2023,2,1,0,27,0.02
USR_3199,MOV_5010,Tik Tik Tik,Sci-Fi,2018,2.5,2,0,59,0.09
USR_3603,MOV_5010,Tik Tik Tik,Sci-Fi,2018,2.5,4,0,16,-0.05
USR_3381,MOV_5066,Thani Oruvan,Action,2015,3.5,11,1,117,0.42
USR_3223,MOV_5006,Rajinimurugan,Comedy,2016,4,9,1,106,0.32
USR_3626,MOV_5134,Por Thozhil,Thriller,2023,4,6,1,112,0.39
USR_3038,MOV_5147,Ayalaan,Sci-Fi,2024,4,7,1,101,0.62
USR_3163,MOV_5190,Amaran,Action,2024,3.5,7,1,73,0.61
USR_3946,MOV_5154,Siren,Romance,2024,2.5,2,0,12,-0.12
USR_3467,MOV_5164,Kaaka Muttai,Drama,2015,4.5,16,1,146,0.72
USR_3467,MOV_5121,Amaran,Action,2024,5,23,1,190,0.99
USR_3464,MOV_5110,Maanaadu,Sci-Fi,2021,5,23,1,164,0.73
USR_3240,MOV_5070,Jai Bhim,Drama,2021,4.5,14,1,168,0.94
USR_3873,MOV_5070,Jai Bhim,Drama,2021,1,3,1,61,-0.39
USR_3277,MOV_5060,Maharaja,Action,2024,3,3,0,32,-0.09
USR_4029,MOV_5004,Amaran,Action,2024,5,23,0,156,0.89
USR_3160,MOV_5211,Indru Netru Naalai,Sci-Fi,2015,5,14,1,165,0.87
USR_3364,MOV_5203,Lubber Pandhu,Drama,2024,5,13,0,160,0.82
USR_3870,MOV_5103,Visaranai,Thriller,2015,4,9,0,104,0.5
USR_3765,MOV_5204,Lubber Pandhu,Drama,2024,1.5,2,0,23,-0.3
USR_3919,MOV_5158,Classic Love Story,Romance,2026,5,22,1,178,0.83
USR_3147,MOV_5224,Indru Netru Naalai,Sci-Fi,2015,3,0,0,14,0.07
USR_3184,MOV_5057,Garudan,Drama,2024,4.5,12,1,162,0.77
USR_4185,MOV_5205,Conjuring Kannappan,Comedy,2023,2.5,1,0,30,0.05
USR_3333,MOV_5208,96,Romance,2018,5,21,1,145,0.72
USR_3285,MOV_5078,2,Sci-Fi,2018,2,1,0,31,0.02
USR_3794,MOV_5036,Tik Tik Tik,Sci-Fi,2018,4,6,1,115,0.24
USR_3187,MOV_5226,Coolie,Action,2025,1.5,3,1,48,0.11
USR_4124,MOV_5065,Ponniyin Selvan: Part 1,Drama,2022,5,13,1,198,0.93
USR_3588,MOV_5075,Doctor,Comedy,2021,2.5,3,0,31,-0.4
USR_3172,MOV_5104,Soorarai Pottru,Drama,2020,3.5,8,0,114,0.62
USR_3300,MOV_5146,Visaranai,Thriller,2015,4,5,1,75,0.41
USR_3985,MOV_5233,24,Sci-Fi,2016,2.5,4,1,54,-0.07
USR_3808,MOV_5002,Hey Sinamika,Romance,2022,3,0,0,54,0.11
USR_4021,MOV_5088,Naanum Rowdy Dhaan,Comedy,2015,1.5,3,0,32,-0.07
USR_3693,MOV_5250,Visaranai,Thriller,2015,3,4,0,43,-0.11
USR_3589,MOV_5254,Indru Netru Naalai,Sci-Fi,2015,4.5,20,1,148,0.74
USR_3661,MOV_5288,Time Loop 2,Sci-Fi,2026,3.5,11,0,81,0.59
USR_3646,MOV_5168,Karnan,Drama,2021,1.5,4,0,35,-0.08
USR_3451,MOV_5044,Joe,Romance,2023,4,9,0,89,0.3
USR_3261,MOV_5235,Project AI,Sci-Fi,2025,5,19,1,172,0.76
USR_3256,MOV_5152,Garudan,Drama,2024,2.5,1,0,11,-0.45
USR_3255,MOV_5075,Doctor,Comedy,2021,1.5,0,0,61,-0.17
USR_3553,MOV_5032,Dhruva Natchathiram,Thriller,2025,5,20,1,131,0.88
USR_3068,MOV_5237,Hit List,Thriller,2024,2.5,0,0,36,-0.5
USR_4133,MOV_5034,Indru Netru Naalai,Sci-Fi,2015,3.5,6,0,112,0.44
USR_3765,MOV_5184,Mookuthi Amman,Comedy,2020,3.5,10,1,70,0.32
USR_4156,MOV_5033,2,Sci-Fi,2018,3.5,11,0,84,0.42
USR_3626,MOV_5205,Conjuring Kannappan,Comedy,2023,4.5,13,1,164,0.86
USR_3544,MOV_5089,Don,Comedy,2022,4,9,0,130,0.52
USR_3633,MOV_5235,Project AI,Sci-Fi,2025,5,14,0,177,0.99
USR_4156,MOV_5216,Classic Love Story,Romance,2026,2,1,0,34,-0.13
USR_3647,MOV_5235,Project AI,Sci-Fi,2025,2.5,3,0,46,-0.44
USR_3594,MOV_5240,SivaKartikeyan Next,Comedy,2025,5,14,1,156,0.83
USR_3941,MOV_5057,Garudan,Drama,2024,1.5,4,0,23,0.12
USR_3948,MOV_5204,Lubber Pandhu,Drama,2024,2.5,0,0,17,-0.02
USR_4107,MOV_5024,Jailer,Action,2023,4,11,0,129,0.47
USR_3572,MOV_5188,Kottukaali,Drama,2024,4,11,1,75,0.69
USR_3323,MOV_5249,Kaithi,Action,2019,3,4,0,46,-0.39
USR_3020,MOV_5015,Doctor,Comedy,2021,3.5,11,1,96,0.55
USR_3134,MOV_5276,Kadaisi Vivasayi,Drama,2022,4.5,14,1,183,0.92
USR_3740,MOV_5265,Vedalam,Action,2015,4,11,1,116,0.45
USR_3974,MOV_5145,Time Loop 2,Sci-Fi,2026,3.5,5,0,118,0.35
USR_3381,MOV_5267,Time Loop 2,Sci-Fi,2026,2,4,1,34,-0.34
USR_3977,MOV_5241,Ayalaan,Sci-Fi,2024,5,18,0,136,0.95
USR_3194,MOV_5046,Soorarai Pottru,Drama,2020,4,6,0,72,0.35
USR_4033,MOV_5229,Kabali,Action,2016,4.5,19,1,133,0.79
USR_3389,MOV_5029,Mari Selvaraj Next,Drama,2026,5,12,1,191,0.78
USR_3291,MOV_5144,Ratsasan,Thriller,2018,4,10,0,104,0.29
USR_3778,MOV_5005,Maya,Thriller,2015,3,2,0,43,-0.08
USR_4155,MOV_5028,Doctor,Comedy,2021,5,14,1,138,0.89
USR_3485,MOV_5054,Kottukaali,Drama,2024,2.5,4,0,44,0.02
USR_3092,MOV_5277,Brother,Comedy,2024,4,8,0,88,0.35
USR_3949,MOV_5130,Oh My Kadavule,Romance,2020,3,3,0,14,-0.03
USR_3292,MOV_5101,Maanaadu,Sci-Fi,2021,4,11,0,77,0.59
USR_4198,MOV_5271,Mari Selvaraj Next,Drama,2026,2.5,4,0,7,0.12
USR_4084,MOV_5124,2,Sci-Fi,2018,5,22,1,167,0.98
USR_3419,MOV_5022,Classic Love Story,Romance,2026,1,0,0,43,-0.33
USR_3171,MOV_5117,Amaran,Action,2024,5,23,1,199,0.79
USR_4001,MOV_5217,Game Over,Thriller,2019,4,8,1,121,0.66
USR_3246,MOV_5075,Doctor,Comedy,2021,2,1,0,64,-0.49
USR_3583,MOV_5285,Master,Action,2021,3.5,8,0,115,0.62
USR_3511,MOV_5103,Visaranai,Thriller,2015,5,21,1,188,0.74
USR_3521,MOV_5192,SivaKartikeyan Next,Comedy,2025,1.5,1,0,49,0.18
USR_3161,MOV_5062,Hit List,Thriller,2024,5,15,1,171,0.88
USR_3711,MOV_5031,Dada,Comedy,2023,3,0,0,36,0.15
USR_3556,MOV_5134,Por Thozhil,Thriller,2023,3.5,10,0,86,0.59
USR_3145,MOV_5110,Maanaadu,Sci-Fi,2021,4,8,0,116,0.63
USR_3221,MOV_5244,Raayan,Action,2024,4,6,1,71,0.22
USR_3446,MOV_5114,Tik Tik Tik,Sci-Fi,2018,3.5,8,1,86,0.34
USR_4066,MOV_5024,Jailer,Action,2023,5,21,1,177,0.88
USR_3794,MOV_5211,Indru Netru Naalai,Sci-Fi,2015,4,10,0,89,0.6
USR_3071,MOV_5263,Kottukaali,Drama,2024,5,12,1,179,0.81
USR_3624,MOV_5012,Vedalam,Action,2015,4,10,0,127,0.31
USR_3458,MOV_5275,Love Today,Comedy,2022,2.5,3,0,58,-0.25
USR_3151,MOV_5109,Garudan,Drama,2024,4.5,14,0,164,0.97
USR_3988,MOV_5053,Good Bad Ugly,Action,2025,4.5,24,1,191,0.79
USR_3421,MOV_5133,Viduthalai Part 1,Thriller,2023,5,12,1,165,0.81
USR_4160,MOV_5035,Ayalaan,Sci-Fi,2024,3.5,7,0,102,0.3
USR_3595,MOV_5087,Thug Life,Action,2025,2.5,1,0,11,0.14
USR_3893,MOV_5239,Time Loop 2,Sci-Fi,2026,2.5,2,0,41,-0.28
USR_3623,MOV_5092,Jai Bhim,Drama,2021,3.5,8,0,96,0.32
USR_3025,MOV_5266,Hit List,Thriller,2024,5,12,0,142,0.74
USR_3601,MOV_5082,Vikram Vedha,Thriller,2017,5,14,1,197,0.94
USR_3995,MOV_5169,24,Sci-Fi,2016,4.5,20,1,149,0.88
USR_3128,MOV_5108,Ratsasan,Thriller,2018,2.5,4,1,50,0.08
USR_3113,MOV_5186,Kottukaali,Drama,2024,3.5,11,1,128,0.31
USR_3569,MOV_5225,Theri,Action,2016,4,6,1,82,0.38
USR_3382,MOV_5130,Oh My Kadavule,Romance,2020,3.5,6,0,105,0.33
USR_3859,MOV_5105,Dhuruvangal Pathinaaru,Thriller,2016,5,18,1,133,0.85
USR_3869,MOV_5151,Kaithi,Action,2019,5,19,1,174,0.87
USR_3459,MOV_5137,Star,Romance,2024,2.5,4,0,20,-0.42
USR_3541,MOV_5180,Master,Action,2021,5,21,1,183,0.94
USR_3441,MOV_5109,Garudan,Drama,2024,1,3,0,59,-0.34
USR_3738,MOV_5062,Hit List,Thriller,2024,2,4,1,11,0.11
USR_3681,MOV_5077,Por Thozhil,Thriller,2023,4.5,24,1,160,0.87
USR_3156,MOV_5024,Jailer,Action,2023,1,2,0,32,-0.28
USR_3811,MOV_5028,Doctor,Comedy,2021,4,9,1,72,0.25
USR_3484,MOV_5234,Karnan,Drama,2021,5,24,1,133,0.84
USR_3803,MOV_5080,Thug Life,Action,2025,4,10,1,117,0.33
USR_3678,MOV_5058,Soorarai Pottru,Drama,2020,4,6,1,108,0.26
USR_4031,MOV_5167,Maanaadu,Sci-Fi,2021,5,23,1,191,0.77
USR_3839,MOV_5054,Kottukaali,Drama,2024,3,2,0,58,0.12
USR_3308,MOV_5149,Coolie,Action,2025,5,14,1,190,0.71
USR_4100,MOV_5255,Oh My Kadavule,Romance,2020,2,3,0,56,-0.45
USR_3920,MOV_5225,Theri,Action,2016,3.5,6,1,92,0.52
USR_4176,MOV_5222,Vikram Vedha,Thriller,2017,3.5,10,1,127,0.68
USR_3333,MOV_5260,Tik Tik Tik,Sci-Fi,2018,3,1,1,45,-0.45
USR_3770,MOV_5271,Mari Selvaraj Next,Drama,2026,3,1,0,51,0.04
USR_3127,MOV_5044,Joe,Romance,2023,2.5,4,0,12,0.03
USR_3989,MOV_5110,Maanaadu,Sci-Fi,2021,2.5,3,0,60,-0.19
USR_3098,MOV_5198,Tik Tik Tik,Sci-Fi,2018,4,6,0,99,0.34
USR_3921,MOV_5132,Indru Netru Naalai,Sci-Fi,2015,3,3,0,53,-0.29
USR_3187,MOV_5069,O Kadhal Kanmani,Romance,2015,4,11,0,76,0.53
USR_4120,MOV_5289,Vada Chennai,Action,2018,4,8,1,96,0.41
USR_3636,MOV_5021,Asuran,Action,2019,2.5,3,0,9,-0.28
USR_3029,MOV_5021,Asuran,Action,2019,3.5,7,1,121,0.69
USR_3337,MOV_5255,Oh My Kadavule,Romance,2020,4.5,21,1,182,0.82
USR_3757,MOV_5002,Hey Sinamika,Romance,2022,3.5,11,1,82,0.67
USR_3596,MOV_5008,Kanguva 2,Action,2026,2.5,1,0,35,0.14
USR_3229,MOV_5070,Jai Bhim,Drama,2021,4,7,1,84,0.62
USR_4027,MOV_5215,The investigative report,Thriller,2026,3,2,1,26,-0.33
USR_3400,MOV_5270,Siren,Romance,2024,5,21,1,199,0.87
USR_3735,MOV_5021,Asuran,Action,2019,2,0,1,14,-0.4
USR_4133,MOV_5014,Viduthalai Part 2,Thriller,2025,4,8,1,88,0.32
USR_4033,MOV_5177,Jailer,Action,2023,5,17,1,145,0.94
USR_4062,MOV_5265,Vedalam,Action,2015,5,18,1,144,0.85
USR_3612,MOV_5106,Maanaadu,Sci-Fi,2021,3.5,6,0,126,0.33
USR_4066,MOV_5125,Hit List,Thriller,2024,4.5,13,1,136,0.92
USR_3570,MOV_5218,O Kadhal Kanmani,Romance,2015,4,7,1,122,0.53
USR_3458,MOV_5232,Dhuruvangal Pathinaaru,Thriller,2016,5,21,1,157,0.78
USR_3565,MOV_5244,Raayan,Action,2024,5,16,1,136,0.82
USR_3063,MOV_5169,24,Sci-Fi,2016,5,17,0,193,0.9
USR_3549,MOV_5030,Indru Netru Naalai,Sci-Fi,2015,2.5,1,0,63,0.04
USR_3599,MOV_5138,Kaaka Muttai,Drama,2015,4,11,0,76,0.65
USR_3157,MOV_5238,Maanaadu,Sci-Fi,2021,1.5,0,0,59,-0.49
USR_3414,MOV_5225,Theri,Action,2016,5,20,0,174,0.97
USR_3212,MOV_5071,Dhruva Natchathiram,Thriller,2025,4,11,0,101,0.43
USR_3350,MOV_5043,Thani Oruvan,Action,2015,4.5,22,1,175,0.75
USR_3907,MOV_5262,24,Sci-Fi,2016,5,12,1,192,0.73
USR_4100,MOV_5128,Vetri Maaran Next,Action,2026,5,19,1,152,0.83
USR_3827,MOV_5200,Viduthalai Part 2,Thriller,2025,4,10,1,130,0.28
USR_4149,MOV_5096,Dhruva Natchathiram,Thriller,2025,1.5,0,1,55,-0.22
USR_4065,MOV_5283,Tik Tik Tik,Sci-Fi,2018,4,9,1,80,0.39
USR_3037,MOV_5133,Viduthalai Part 1,Thriller,2023,5,15,1,173,0.79
USR_3912,MOV_5037,96,Romance,2018,3.5,8,0,94,0.53
USR_3995,MOV_5266,Hit List,Thriller,2024,2.5,3,0,55,0.16
USR_3496,MOV_5111,Soorarai Pottru,Drama,2020,5,24,1,152,0.74
USR_3103,MOV_5127,Vada Chennai,Action,2018,2.5,3,0,52,-0.23
USR_3946,MOV_5259,Joe,Romance,2023,4,8,0,110,0.28
USR_3818,MOV_5158,Classic Love Story,Romance,2026,2.5,2,0,27,-0.21
USR_3311,MOV_5146,Visaranai,Thriller,2015,5,12,1,197,0.84
USR_3377,MOV_5197,Vikram Vedha,Thriller,2017,4.5,12,1,193,0.91
USR_3065,MOV_5196,Naanum Rowdy Dhaan,Comedy,2015,4.5,21,1,169,0.71
USR_3047,MOV_5192,SivaKartikeyan Next,Comedy,2025,4,6,0,68,0.46
USR_3067,MOV_5070,Jai Bhim,Drama,2021,2.5,3,0,61,-0.15
USR_3462,MOV_5071,Dhruva Natchathiram,Thriller,2025,3.5,11,1,74,0.64
USR_3996,MOV_5274,Asuran,Action,2019,2.5,4,0,17,0.02
USR_3678,MOV_5288,Time Loop 2,Sci-Fi,2026,2,2,1,16,-0.26
USR_3647,MOV_5216,Classic Love Story,Romance,2026,5,16,1,136,0.76
USR_4054,MOV_5248,Ayalaan,Sci-Fi,2024,2.5,0,0,5,-0.28
USR_4114,MOV_5064,Naanum Rowdy Dhaan,Comedy,2015,3.5,11,1,130,0.44
USR_3988,MOV_5094,Sita Ramam (Tamil),Romance,2022,4,10,0,77,0.55
USR_3306,MOV_5052,Chitha,Thriller,2023,4.5,18,1,144,0.97
USR_3131,MOV_5261,Love Today,Comedy,2022,5,23,1,162,0.75
USR_3825,MOV_5068,Jai Bhim,Drama,2021,3,3,0,17,0.02
USR_3571,MOV_5039,Kaaka Muttai,Drama,2015,5,16,1,136,0.84
USR_3321,MOV_5013,Maanaadu,Sci-Fi,2021,4.5,23,1,159,0.94
USR_3120,MOV_5215,The investigative report,Thriller,2026,1,3,1,43,-0.47
USR_3325,MOV_5243,Star,Romance,2024,2,4,0,32,-0.12
USR_3085,MOV_5074,Conjuring Kannappan,Comedy,2023,1,4,0,46,0.17
USR_4153,MOV_5066,Thani Oruvan,Action,2015,3,2,0,7,-0.37
USR_3859,MOV_5047,Meiyazhagan,Drama,2024,5,18,1,151,0.76
USR_4156,MOV_5029,Mari Selvaraj Next,Drama,2026,5,24,1,154,0.95
USR_3387,MOV_5074,Conjuring Kannappan,Comedy,2023,2,4,0,22,-0.5
USR_4080,MOV_5028,Doctor,Comedy,2021,5,21,1,170,0.95
USR_3013,MOV_5100,Vikram Vedha,Thriller,2017,4.5,13,1,172,0.74
USR_3906,MOV_5276,Kadaisi Vivasayi,Drama,2022,1.5,3,0,6,-0.35
USR_4022,MOV_5237,Hit List,Thriller,2024,5,23,1,186,0.94
USR_3485,MOV_5154,Siren,Romance,2024,4,10,1,80,0.57
USR_3870,MOV_5211,Indru Netru Naalai,Sci-Fi,2015,3.5,10,0,78,0.65
USR_3096,MOV_5180,Master,Action,2021,2.5,2,0,60,0.08
USR_3504,MOV_5112,Maanaadu,Sci-Fi,2021,2,1,1,48,-0.07
USR_3775,MOV_5174,Time Loop 2,Sci-Fi,2026,5,20,1,156,0.72
USR_4181,MOV_5045,Vettaiyan,Thriller,2024,5,24,1,166,0.78
USR_4008,MOV_5239,Time Loop 2,Sci-Fi,2026,5,15,1,159,0.95
USR_3649,MOV_5130,Oh My Kadavule,Romance,2020,3.5,5,1,88,0.51
USR_3953,MOV_5002,Hey Sinamika,Romance,2022,1,1,0,62,-0.25
USR_3956,MOV_5106,Maanaadu,Sci-Fi,2021,4.5,23,1,170,0.83
USR_3292,MOV_5218,O Kadhal Kanmani,Romance,2015,3.5,11,1,103,0.24
USR_3756,MOV_5189,Thani Oruvan,Action,2015,3.5,7,1,77,0.58
USR_3172,MOV_5272,Meiyazhagan,Drama,2024,4,9,1,98,0.32
USR_3868,MOV_5260,Tik Tik Tik,Sci-Fi,2018,2.5,3,0,25,0.18
USR_4092,MOV_5040,Comali,Comedy,2019,2.5,2,0,27,-0.29
USR_3639,MOV_5236,Thug Life,Action,2025,4.5,15,1,166,0.7
USR_3589,MOV_5111,Soorarai Pottru,Drama,2020,4.5,15,1,169,0.87
USR_4034,MOV_5146,Visaranai,Thriller,2015,4.5,23,1,141,0.73
USR_3769,MOV_5148,Imaikkaa Nodigal,Thriller,2018,2.5,2,0,62,-0.23
USR_3785,MOV_5097,Sita Ramam (Tamil),Romance,2022,2,3,0,10,-0.45
USR_3334,MOV_5122,Maanaadu,Sci-Fi,2021,4,7,1,102,0.36
USR_3488,MOV_5281,Viduthalai Part 2,Thriller,2025,2,3,0,54,-0.02
USR_4107,MOV_5068,Jai Bhim,Drama,2021,4,9,0,84,0.57
USR_3605,MOV_5216,Classic Love Story,Romance,2026,4,10,1,70,0.49
USR_3482,MOV_5216,Classic Love Story,Romance,2026,3.5,7,0,96,0.36
USR_3591,MOV_5115,Mari Selvaraj Next,Drama,2026,2,2,0,55,-0.28
USR_3798,MOV_5146,Visaranai,Thriller,2015,2.5,3,1,6,-0.25
USR_4137,MOV_5184,Mookuthi Amman,Comedy,2020,4.5,21,1,177,0.76
USR_3083,MOV_5279,Doctor,Comedy,2021,4,9,1,91,0.37
USR_4046,MOV_5279,Doctor,Comedy,2021,2.5,0,0,16,0.14
USR_3034,MOV_5116,Ayalaan,Sci-Fi,2024,2.5,4,0,6,-0.13
USR_3648,MOV_5266,Hit List,Thriller,2024,5,21,1,197,0.81
USR_3953,MOV_5131,2,Sci-Fi,2018,4,9,1,116,0.44
USR_3560,MOV_5014,Viduthalai Part 2,Thriller,2025,2.5,2,0,15,0.09
USR_3108,MOV_5191,Imaikkaa Nodigal,Thriller,2018,5,12,1,189,0.8
USR_3452,MOV_5064,Naanum Rowdy Dhaan,Comedy,2015,3,3,0,16,-0.45
USR_3397,MOV_5246,Love Insurance Kompany,Romance,2025,5,23,1,170,0.97
USR_3441,MOV_5070,Jai Bhim,Drama,2021,5,22,1,138,0.91
USR_3345,MOV_5174,Time Loop 2,Sci-Fi,2026,5,12,1,151,0.73
USR_4102,MOV_5207,Meiyazhagan,Drama,2024,2.5,1,0,55,-0.18
USR_4168,MOV_5146,Visaranai,Thriller,2015,2,1,0,47,-0.02
USR_4097,MOV_5139,Dhuruvangal Pathinaaru,Thriller,2016,3.5,11,0,73,0.66
USR_3489,MOV_5160,Garudan,Drama,2024,5,23,0,153,0.96
USR_3620,MOV_5283,Tik Tik Tik,Sci-Fi,2018,4,7,0,89,0.52
USR_3252,MOV_5134,Por Thozhil,Thriller,2023,3,1,0,27,-0.23
USR_3684,MOV_5193,Kaaka Muttai,Drama,2015,2.5,0,1,40,-0.09
USR_4061,MOV_5237,Hit List,Thriller,2024,1,1,0,9,-0.36
USR_3544,MOV_5074,Conjuring Kannappan,Comedy,2023,4.5,16,1,158,0.89
USR_4169,MOV_5252,2,Sci-Fi,2018,3.5,8,1,77,0.69
USR_3545,MOV_5128,Vetri Maaran Next,Action,2026,4,5,0,71,0.47
USR_3612,MOV_5008,Kanguva 2,Action,2026,5,15,1,177,0.99
USR_3646,MOV_5263,Kottukaali,Drama,2024,4,5,1,72,0.29
USR_3132,MOV_5203,Lubber Pandhu,Drama,2024,1.5,2,0,13,-0.46
USR_3785,MOV_5143,Chitha,Thriller,2023,4,6,1,93,0.62
USR_3563,MOV_5265,Vedalam,Action,2015,3.5,8,0,109,0.65
USR_3718,MOV_5183,Vaadivaasal,Drama,2025,4,11,0,89,0.46
USR_4030,MOV_5048,Amaran,Action,2024,5,22,0,192,0.99
USR_4151,MOV_5057,Garudan,Drama,2024,4,11,0,127,0.32
USR_3503,MOV_5049,Asuran,Action,2019,1.5,1,0,48,-0.11
USR_3503,MOV_5189,Thani Oruvan,Action,2015,1,0,0,36,0.11
USR_3420,MOV_5120,Game Over,Thriller,2019,2.5,4,0,6,-0.45
USR_4122,MOV_5027,Viduthalai Part 1,Thriller,2023,4,6,1,119,0.61
USR_4022,MOV_5031,Dada,Comedy,2023,5,22,1,147,0.89
USR_3694,MOV_5199,96,Romance,2018,5,18,1,135,0.79
USR_3965,MOV_5134,Por Thozhil,Thriller,2023,4,5,1,77,0.6
USR_3729,MOV_5006,Rajinimurugan,Comedy,2016,4.5,17,1,147,0.83
USR_3944,MOV_5133,Viduthalai Part 1,Thriller,2023,3.5,9,1,96,0.27
USR_4162,MOV_5007,Viduthalai Part 1,Thriller,2023,2,1,0,25,-0.13
USR_3522,MOV_5118,Tik Tik Tik,Sci-Fi,2018,2.5,0,0,31,-0.12
USR_4188,MOV_5203,Lubber Pandhu,Drama,2024,4,9,1,72,0.61
USR_3907,MOV_5151,Kaithi,Action,2019,5,21,1,157,0.92
USR_3305,MOV_5282,Viduthalai Part 2,Thriller,2025,5,13,1,140,0.71
USR_3473,MOV_5097,Sita Ramam (Tamil),Romance,2022,4.5,20,1,168,0.77
USR_3020,MOV_5267,Time Loop 2,Sci-Fi,2026,3.5,7,1,69,0.47
USR_3483,MOV_5230,Vada Chennai,Action,2018,2.5,0,0,49,-0.2
USR_3554,MOV_5192,SivaKartikeyan Next,Comedy,2025,5,21,1,193,0.97
USR_4148,MOV_5278,Raayan,Action,2024,3.5,11,1,127,0.29
USR_4029,MOV_5098,Game Over,Thriller,2019,5,17,1,189,0.81
USR_3776,MOV_5137,Star,Romance,2024,2.5,2,0,39,-0.02
USR_4196,MOV_5239,Time Loop 2,Sci-Fi,2026,3,3,0,60,-0.32
USR_3143,MOV_5148,Imaikkaa Nodigal,Thriller,2018,5,13,1,156,0.94
USR_3707,MOV_5193,Kaaka Muttai,Drama,2015,2.5,3,0,40,-0.5
USR_3795,MOV_5198,Tik Tik Tik,Sci-Fi,2018,4,9,0,96,0.58
USR_3681,MOV_5244,Raayan,Action,2024,5,19,1,187,0.9
USR_4184,MOV_5042,Time Loop 2,Sci-Fi,2026,2.5,3,0,38,0.05
USR_3755,MOV_5068,Jai Bhim,Drama,2021,4,9,1,99,0.28
USR_3995,MOV_5205,Conjuring Kannappan,Comedy,2023,5,19,1,190,0.9
USR_3135,MOV_5083,Project AI,Sci-Fi,2025,4.5,24,1,176,0.96
USR_3241,MOV_5049,Asuran,Action,2019,4.5,24,1,140,0.71
USR_4012,MOV_5115,Mari Selvaraj Next,Drama,2026,4,6,1,94,0.48
USR_3678,MOV_5195,Sita Ramam (Tamil),Romance,2022,3,4,0,34,-0.38
USR_3963,MOV_5257,Joe,Romance,2023,5,16,0,196,0.87
USR_3534,MOV_5199,96,Romance,2018,2.5,1,0,51,-0.13
USR_3875,MOV_5061,O Kadhal Kanmani,Romance,2015,2,4,0,30,-0.41
USR_3733,MOV_5097,Sita Ramam (Tamil),Romance,2022,2,4,0,9,-0.4
USR_3653,MOV_5191,Imaikkaa Nodigal,Thriller,2018,5,17,1,156,0.94
USR_3347,MOV_5117,Amaran,Action,2024,4,8,0,107,0.55
USR_3077,MOV_5249,Kaithi,Action,2019,4,7,0,71,0.61
USR_3463,MOV_5051,Tik Tik Tik,Sci-Fi,2018,2,1,0,45,-0.21
USR_3273,MOV_5061,O Kadhal Kanmani,Romance,2015,4,10,1,129,0.55
USR_3730,MOV_5111,Soorarai Pottru,Drama,2020,3.5,6,0,66,0.64
USR_3261,MOV_5119,Mehandi Circus,Romance,2019,3.5,7,1,91,0.26
USR_4093,MOV_5073,Thug Life,Action,2025,5,17,1,153,0.81
USR_3421,MOV_5054,Kottukaali,Drama,2024,5,23,1,194,0.75
USR_3572,MOV_5168,Karnan,Drama,2021,5,17,1,144,0.87
USR_3206,MOV_5034,Indru Netru Naalai,Sci-Fi,2015,5,21,1,199,0.73
USR_3493,MOV_5164,Kaaka Muttai,Drama,2015,2.5,4,1,26,0
USR_4165,MOV_5221,Hey Sinamika,Romance,2022,4,5,1,127,0.22
USR_3827,MOV_5110,Maanaadu,Sci-Fi,2021,2.5,1,0,44,-0.18
USR_3712,MOV_5104,Soorarai Pottru,Drama,2020,5,21,1,195,0.86
USR_4131,MOV_5111,Soorarai Pottru,Drama,2020,4,9,1,67,0.23
USR_3934,MOV_5013,Maanaadu,Sci-Fi,2021,5,18,1,141,0.78
USR_3907,MOV_5226,Coolie,Action,2025,3.5,11,0,99,0.22
USR_3514,MOV_5169,24,Sci-Fi,2016,2.5,3,1,17,-0.35
USR_3459,MOV_5149,Coolie,Action,2025,2,2,0,41,-0.13
USR_3043,MOV_5059,Vikram,Action,2022,5,14,0,191,0.92
USR_4179,MOV_5001,Fun Unlimited,Comedy,2026,5,18,1,149,0.97
USR_4025,MOV_5231,The investigative report,Thriller,2026,4.5,24,1,131,0.93
USR_3025,MOV_5076,Viduthalai Part 1,Thriller,2023,5,21,1,191,1
USR_3568,MOV_5048,Amaran,Action,2024,4,5,1,69,0.65
USR_3465,MOV_5270,Siren,Romance,2024,2.5,2,0,49,-0.2
USR_3663,MOV_5140,Love Insurance Kompany,Romance,2025,2.5,2,0,29,-0.42
USR_3745,MOV_5131,2,Sci-Fi,2018,2,2,0,9,-0.44
USR_3478,MOV_5054,Kottukaali,Drama,2024,4,6,0,110,0.64
USR_3205,MOV_5037,96,Romance,2018,4,10,1,83,0.53
USR_3913,MOV_5253,Love Today,Comedy,2022,4.5,12,1,140,0.95
USR_3030,MOV_5026,Classic Love Story,Romance,2026,3,0,0,16,0.07
USR_3743,MOV_5277,Brother,Comedy,2024,2.5,3,1,47,0.08
USR_3086,MOV_5109,Garudan,Drama,2024,4,11,0,71,0.39
USR_3496,MOV_5056,Fun Unlimited,Comedy,2026,4.5,21,1,156,0.76
USR_4019,MOV_5219,Kadhalum Kadandhu Pogum,Romance,2016,2,0,0,8,0.06
USR_3163,MOV_5024,Jailer,Action,2023,3.5,9,1,107,0.21
USR_3271,MOV_5046,Soorarai Pottru,Drama,2020,5,21,1,167,0.9
USR_3322,MOV_5012,Vedalam,Action,2015,4.5,14,1,150,0.9
USR_3896,MOV_5273,Dhuruvangal Pathinaaru,Thriller,2016,5,22,1,138,0.78
USR_4010,MOV_5180,Master,Action,2021,4,7,1,114,0.65
USR_3772,MOV_5139,Dhuruvangal Pathinaaru,Thriller,2016,5,14,1,198,0.76
USR_3024,MOV_5136,Project AI,Sci-Fi,2025,5,22,0,164,0.78
USR_3109,MOV_5097,Sita Ramam (Tamil),Romance,2022,4,5,1,89,0.52
USR_3264,MOV_5036,Tik Tik Tik,Sci-Fi,2018,1.5,0,0,43,-0.39
USR_4042,MOV_5261,Love Today,Comedy,2022,5,17,1,196,0.94
USR_3527,MOV_5139,Dhuruvangal Pathinaaru,Thriller,2016,2,3,0,6,-0.16
USR_3425,MOV_5249,Kaithi,Action,2019,1.5,1,0,59,0.15
USR_4189,MOV_5210,O Kadhal Kanmani,Romance,2015,5,13,1,131,0.91
USR_3125,MOV_5138,Kaaka Muttai,Drama,2015,2.5,1,0,41,-0.43
USR_3614,MOV_5242,Imaikkaa Nodigal,Thriller,2018,2,2,0,58,-0.2
USR_3043,MOV_5231,The investigative report,Thriller,2026,4.5,19,0,145,0.96
USR_3998,MOV_5014,Viduthalai Part 2,Thriller,2025,4,10,0,100,0.29
USR_3650,MOV_5013,Maanaadu,Sci-Fi,2021,5,19,1,175,0.72
USR_3097,MOV_5151,Kaithi,Action,2019,4,8,0,84,0.63
USR_3537,MOV_5154,Siren,Romance,2024,4,8,1,112,0.45
USR_4093,MOV_5182,Thug Life,Action,2025,2,3,0,27,-0.41
USR_4114,MOV_5137,Star,Romance,2024,4.5,24,1,185,0.91
USR_3110,MOV_5215,The investigative report,Thriller,2026,2,1,0,26,-0.26
USR_3587,MOV_5124,2,Sci-Fi,2018,1.5,1,0,10,-0.11
USR_3730,MOV_5278,Raayan,Action,2024,5,24,1,187,0.88
USR_3064,MOV_5086,Project AI,Sci-Fi,2025,4,8,0,97,0.34
USR_3794,MOV_5226,Coolie,Action,2025,4,8,1,82,0.56
USR_3833,MOV_5074,Conjuring Kannappan,Comedy,2023,4,7,0,90,0.51
USR_3379,MOV_5241,Ayalaan,Sci-Fi,2024,5,15,1,190,0.85
USR_3264,MOV_5085,Good Night,Comedy,2023,2,3,0,35,-0.31
USR_3020,MOV_5210,O Kadhal Kanmani,Romance,2015,1.5,2,0,40,-0.42
USR_3422,MOV_5046,Soorarai Pottru,Drama,2020,4,7,1,76,0.51
USR_3296,MOV_5076,Viduthalai Part 1,Thriller,2023,5,17,1,187,0.97
USR_3712,MOV_5141,Vetri Maaran Next,Action,2026,2.5,4,1,31,-0.47
USR_3032,MOV_5016,Oh My Kadavule,Romance,2020,4.5,17,1,189,0.83
USR_3969,MOV_5101,Maanaadu,Sci-Fi,2021,2,1,1,47,0.02
USR_3706,MOV_5135,Thug Life,Action,2025,2.5,1,0,6,-0.16
USR_3493,MOV_5242,Imaikkaa Nodigal,Thriller,2018,1,0,0,42,0.15
USR_3905,MOV_5159,Vikram,Action,2022,3.5,7,1,77,0.39
USR_3873,MOV_5060,Maharaja,Action,2024,5,14,1,148,0.7
USR_4141,MOV_5286,Vettaiyan,Thriller,2024,3,2,0,14,0.18
USR_4037,MOV_5196,Naanum Rowdy Dhaan,Comedy,2015,4.5,15,1,182,0.84
USR_3580,MOV_5070,Jai Bhim,Drama,2021,3.5,6,0,122,0.34
USR_3855,MOV_5115,Mari Selvaraj Next,Drama,2026,4,6,1,117,0.44
USR_3082,MOV_5054,Kottukaali,Drama,2024,5,22,1,135,0.9
USR_3616,MOV_5275,Love Today,Comedy,2022,4.5,23,1,186,0.74
USR_4150,MOV_5142,Kaaka Muttai,Drama,2015,1,1,0,62,-0.05
USR_3233,MOV_5147,Ayalaan,Sci-Fi,2024,4,5,0,92,0.67
USR_3845,MOV_5139,Dhuruvangal Pathinaaru,Thriller,2016,4,7,1,84,0.31
USR_3791,MOV_5228,Thani Oruvan,Action,2015,3.5,9,0,67,0.53
USR_3138,MOV_5239,Time Loop 2,Sci-Fi,2026,4,11,0,88,0.24
USR_3563,MOV_5251,Love Today,Comedy,2022,5,19,1,183,0.97
USR_3889,MOV_5093,Theri,Action,2016,5,14,1,156,0.89
USR_4155,MOV_5187,Ponniyin Selvan: Part 1,Drama,2022,5,19,1,148,0.72
USR_3875,MOV_5203,Lubber Pandhu,Drama,2024,2,2,0,8,-0.13
USR_3096,MOV_5130,Oh My Kadavule,Romance,2020,3,0,0,55,-0.29
USR_4008,MOV_5289,Vada Chennai,Action,2018,3.5,5,1,122,0.43
USR_3903,MOV_5168,Karnan,Drama,2021,4,11,1,122,0.57
USR_3298,MOV_5053,Good Bad Ugly,Action,2025,5,18,1,147,0.86
USR_3571,MOV_5029,Mari Selvaraj Next,Drama,2026,4.5,17,1,189,0.83
USR_3637,MOV_5097,Sita Ramam (Tamil),Romance,2022,3,4,0,24,-0.47
USR_4164,MOV_5110,Maanaadu,Sci-Fi,2021,2,4,0,37,0.11
USR_3337,MOV_5059,Vikram,Action,2022,5,18,0,166,0.83
USR_3143,MOV_5215,The investigative report,Thriller,2026,3.5,5,0,125,0.43
USR_3869,MOV_5051,Tik Tik Tik,Sci-Fi,2018,4,7,0,104,0.43
USR_3834,MOV_5034,Indru Netru Naalai,Sci-Fi,2015,5,15,1,198,0.84
USR_3913,MOV_5219,Kadhalum Kadandhu Pogum,Romance,2016,5,20,1,170,0.92
USR_3646,MOV_5145,Time Loop 2,Sci-Fi,2026,2,3,0,14,-0.45
USR_3628,MOV_5211,Indru Netru Naalai,Sci-Fi,2015,2.5,1,1,11,-0.17
USR_3330,MOV_5274,Asuran,Action,2019,2.5,0,1,11,0.19
USR_3687,MOV_5244,Raayan,Action,2024,3.5,11,1,93,0.66
USR_3445,MOV_5206,Indru Netru Naalai,Sci-Fi,2015,4.5,13,1,140,0.8
USR_3286,MOV_5278,Raayan,Action,2024,5,14,1,192,0.89
USR_4014,MOV_5275,Love Today,Comedy,2022,4,9,1,83,0.57
USR_3151,MOV_5065,Ponniyin Selvan: Part 1,Drama,2022,4.5,24,1,173,0.74
USR_3090,MOV_5247,The investigative report,Thriller,2026,2.5,4,0,48,0.08
USR_3062,MOV_5184,Mookuthi Amman,Comedy,2020,2,2,0,47,-0.27
USR_3340,MOV_5265,Vedalam,Action,2015,2.5,4,0,44,0.01
USR_3637,MOV_5075,Doctor,Comedy,2021,2.5,0,0,49,-0.35
USR_3131,MOV_5217,Game Over,Thriller,2019,5,18,1,196,0.9
USR_4042,MOV_5218,O Kadhal Kanmani,Romance,2015,4,5,1,66,0.32
USR_3857,MOV_5270,Siren,Romance,2024,2.5,4,0,6,0.01
USR_4006,MOV_5269,Tik Tik Tik,Sci-Fi,2018,2,4,0,14,-0.4
USR_3479,MOV_5118,Tik Tik Tik,Sci-Fi,2018,4,11,1,90,0.47
USR_3122,MOV_5165,Amaran,Action,2024,3,0,0,9,-0.27
USR_3632,MOV_5266,Hit List,Thriller,2024,4,11,1,88,0.61
USR_3002,MOV_5060,Maharaja,Action,2024,3.5,10,0,72,0.38
USR_3219,MOV_5057,Garudan,Drama,2024,5,15,1,154,0.92
USR_3055,MOV_5168,Karnan,Drama,2021,4,7,0,124,0.54
USR_3885,MOV_5160,Garudan,Drama,2024,4.5,12,1,164,0.87
USR_3783,MOV_5231,The investigative report,Thriller,2026,5,16,1,168,1
USR_3901,MOV_5002,Hey Sinamika,Romance,2022,2.5,0,0,21,0.16
USR_3805,MOV_5252,2,Sci-Fi,2018,4,6,0,108,0.54
USR_3561,MOV_5242,Imaikkaa Nodigal,Thriller,2018,5,23,1,139,0.82
USR_3769,MOV_5046,Soorarai Pottru,Drama,2020,4.5,12,1,149,0.95
USR_4151,MOV_5257,Joe,Romance,2023,3,1,0,38,-0.35
USR_3995,MOV_5256,Garudan,Drama,2024,5,22,1,143,0.93
USR_4040,MOV_5150,Maya,Thriller,2015,2,0,0,64,-0.16
USR_3413,MOV_5149,Coolie,Action,2025,5,16,1,192,0.87
USR_4052,MOV_5187,Ponniyin Selvan: Part 1,Drama,2022,5,14,1,178,0.96
USR_3235,MOV_5213,Ayalaan,Sci-Fi,2024,4,10,1,108,0.58
USR_3996,MOV_5225,Theri,Action,2016,4.5,20,1,163,0.79
USR_3284,MOV_5117,Amaran,Action,2024,4,7,1,115,0.42
USR_3623,MOV_5082,Vikram Vedha,Thriller,2017,3,3,0,28,-0.24
USR_3377,MOV_5197,Vikram Vedha,Thriller,2017,4.5,14,1,139,0.8
USR_4088,MOV_5271,Mari Selvaraj Next,Drama,2026,4,5,1,75,0.58
USR_3624,MOV_5265,Vedalam,Action,2015,4,7,1,75,0.42
USR_3485,MOV_5259,Joe,Romance,2023,2,0,1,9,-0.31
USR_4189,MOV_5133,Viduthalai Part 1,Thriller,2023,3.5,7,1,128,0.48
USR_4112,MOV_5007,Viduthalai Part 1,Thriller,2023,4.5,17,0,184,0.76
USR_3718,MOV_5249,Kaithi,Action,2019,3.5,9,0,93,0.3
USR_3313,MOV_5258,Hey Sinamika,Romance,2022,2,3,0,37,0.17
USR_4108,MOV_5070,Jai Bhim,Drama,2021,3.5,6,1,111,0.41
USR_3534,MOV_5051,Tik Tik Tik,Sci-Fi,2018,4,8,1,123,0.61
USR_4154,MOV_5197,Vikram Vedha,Thriller,2017,5,13,1,193,0.88
USR_3023,MOV_5209,LKG,Comedy,2019,5,21,1,140,0.9
USR_3026,MOV_5233,24,Sci-Fi,2016,1.5,1,0,51,-0.21
USR_3185,MOV_5190,Amaran,Action,2024,4,6,0,118,0.41
USR_3377,MOV_5116,Ayalaan,Sci-Fi,2024,5,21,1,161,0.9
USR_3131,MOV_5022,Classic Love Story,Romance,2026,5,22,1,159,0.79
USR_3461,MOV_5123,Thiruchitrambalam,Romance,2022,3.5,7,1,107,0.66
USR_3604,MOV_5205,Conjuring Kannappan,Comedy,2023,5,12,1,131,0.93
USR_3803,MOV_5184,Mookuthi Amman,Comedy,2020,3.5,5,1,94,0.64
USR_3349,MOV_5159,Vikram,Action,2022,4,9,1,98,0.52
USR_4139,MOV_5235,Project AI,Sci-Fi,2025,5,24,1,149,0.85
USR_3985,MOV_5101,Maanaadu,Sci-Fi,2021,5,17,0,169,0.96
USR_3485,MOV_5057,Garudan,Drama,2024,4.5,13,1,159,0.8
USR_3210,MOV_5012,Vedalam,Action,2015,4,10,0,108,0.23
USR_3683,MOV_5062,Hit List,Thriller,2024,4,9,0,96,0.67
USR_4118,MOV_5111,Soorarai Pottru,Drama,2020,2.5,3,0,57,0.12
USR_3055,MOV_5141,Vetri Maaran Next,Action,2026,4,9,0,87,0.5
USR_3398,MOV_5278,Raayan,Action,2024,5,20,1,139,0.94
USR_3620,MOV_5282,Viduthalai Part 2,Thriller,2025,5,21,1,189,0.87
USR_3134,MOV_5282,Viduthalai Part 2,Thriller,2025,3.5,6,0,85,0.26
USR_3054,MOV_5083,Project AI,Sci-Fi,2025,3,2,0,27,0.11
USR_3789,MOV_5151,Kaithi,Action,2019,3,0,0,44,-0.19
USR_3180,MOV_5198,Tik Tik Tik,Sci-Fi,2018,3,0,0,59,0.04
USR_3090,MOV_5186,Kottukaali,Drama,2024,4,7,1,84,0.34
USR_4180,MOV_5142,Kaaka Muttai,Drama,2015,5,24,1,195,0.78
USR_3059,MOV_5021,Asuran,Action,2019,4,6,1,82,0.51
USR_3902,MOV_5011,Fun Unlimited,Comedy,2026,3,4,0,5,-0.35
USR_3367,MOV_5081,Fun Unlimited,Comedy,2026,2.5,1,0,35,-0.43
USR_3266,MOV_5132,Indru Netru Naalai,Sci-Fi,2015,3.5,6,0,112,0.57
USR_3197,MOV_5045,Vettaiyan,Thriller,2024,5,13,1,197,0.93
USR_3835,MOV_5267,Time Loop 2,Sci-Fi,2026,5,20,0,175,0.79
USR_4001,MOV_5227,The GOAT,Action,2024,3.5,9,0,114,0.53
USR_3715,MOV_5130,Oh My Kadavule,Romance,2020,3.5,7,1,106,0.37
USR_3699,MOV_5099,Ayalaan,Sci-Fi,2024,3.5,11,1,125,0.65
USR_3409,MOV_5255,Oh My Kadavule,Romance,2020,5,15,1,184,0.95
USR_4061,MOV_5105,Dhuruvangal Pathinaaru,Thriller,2016,2,2,1,39,-0.32
USR_3950,MOV_5005,Maya,Thriller,2015,4,7,0,127,0.59
USR_3132,MOV_5216,Classic Love Story,Romance,2026,5,14,1,151,0.75
USR_3844,MOV_5191,Imaikkaa Nodigal,Thriller,2018,1.5,2,0,19,-0.03
USR_3339,MOV_5185,Love Today,Comedy,2022,5,18,1,186,0.73
USR_3011,MOV_5060,Maharaja,Action,2024,5,21,1,197,1
USR_3797,MOV_5101,Maanaadu,Sci-Fi,2021,3.5,11,1,99,0.3
USR_4080,MOV_5264,Imaikkaa Nodigal,Thriller,2018,4.5,17,0,175,0.75
USR_4115,MOV_5197,Vikram Vedha,Thriller,2017,2,1,0,19,0.1
USR_4121,MOV_5052,Chitha,Thriller,2023,5,18,0,158,0.99
USR_3176,MOV_5179,SivaKartikeyan Next,Comedy,2025,4,10,1,98,0.26
USR_3862,MOV_5240,SivaKartikeyan Next,Comedy,2025,4,11,1,102,0.66
USR_3235,MOV_5030,Indru Netru Naalai,Sci-Fi,2015,3,0,0,37,-0.09
USR_3942,MOV_5214,Peranbu,Drama,2018,4.5,18,1,175,0.99
USR_3264,MOV_5260,Tik Tik Tik,Sci-Fi,2018,4.5,18,1,189,0.72
USR_3707,MOV_5230,Vada Chennai,Action,2018,4,6,0,110,0.28
USR_3481,MOV_5288,Time Loop 2,Sci-Fi,2026,2,4,0,41,0.15
USR_3344,MOV_5254,Indru Netru Naalai,Sci-Fi,2015,3,2,0,52,-0.47
USR_3082,MOV_5284,Ratsasan,Thriller,2018,3.5,8,0,97,0.45
USR_3598,MOV_5174,Time Loop 2,Sci-Fi,2026,2,2,0,62,-0.06
USR_4123,MOV_5242,Imaikkaa Nodigal,Thriller,2018,5,19,1,183,0.81
USR_4014,MOV_5006,Rajinimurugan,Comedy,2016,2.5,0,0,52,0.16
USR_3904,MOV_5123,Thiruchitrambalam,Romance,2022,5,14,1,137,0.72
USR_3969,MOV_5217,Game Over,Thriller,2019,5,17,1,139,0.79
USR_3480,MOV_5224,Indru Netru Naalai,Sci-Fi,2015,4,10,0,66,0.49
USR_3947,MOV_5083,Project AI,Sci-Fi,2025,5,13,1,179,0.81
USR_3892,MOV_5242,Imaikkaa Nodigal,Thriller,2018,4,11,1,80,0.29
USR_3752,MOV_5098,Game Over,Thriller,2019,4.5,23,0,188,0.85
USR_3275,MOV_5092,Jai Bhim,Drama,2021,4,11,0,128,0.61
USR_3117,MOV_5238,Maanaadu,Sci-Fi,2021,3,0,0,8,-0.06
USR_3372,MOV_5129,Naanum Rowdy Dhaan,Comedy,2015,4.5,15,1,199,0.92
USR_3231,MOV_5243,Star,Romance,2024,3.5,6,1,80,0.26
USR_3948,MOV_5093,Theri,Action,2016,5,17,1,144,0.87
USR_3606,MOV_5117,Amaran,Action,2024,3.5,5,1,71,0.68
USR_3494,MOV_5087,Thug Life,Action,2025,2.5,1,1,60,-0.34
USR_3720,MOV_5221,Hey Sinamika,Romance,2022,5,23,1,176,0.98
USR_3711,MOV_5009,96,Romance,2018,2.5,4,0,37,0.17
USR_3326,MOV_5036,Tik Tik Tik,Sci-Fi,2018,4,8,1,88,0.36
USR_4039,MOV_5066,Thani Oruvan,Action,2015,4,7,1,126,0.32
USR_3263,MOV_5270,Siren,Romance,2024,2.5,3,0,13,-0.12
USR_3915,MOV_5066,Thani Oruvan,Action,2015,2.5,3,0,50,-0.36
USR_3047,MOV_5147,Ayalaan,Sci-Fi,2024,3.5,8,1,87,0.25
USR_3347,MOV_5038,O Kadhal Kanmani,Romance,2015,4.5,19,1,136,0.81
USR_4193,MOV_5086,Project AI,Sci-Fi,2025,1.5,0,0,28,0.06
USR_3074,MOV_5079,Chitha,Thriller,2023,5,18,0,182,0.85
USR_4124,MOV_5053,Good Bad Ugly,Action,2025,4,8,0,79,0.63
USR_3014,MOV_5210,O Kadhal Kanmani,Romance,2015,5,19,1,164,0.98
USR_4070,MOV_5232,Dhuruvangal Pathinaaru,Thriller,2016,5,14,1,161,0.91
USR_4120,MOV_5048,Amaran,Action,2024,2.5,3,1,12,0.13
USR_3712,MOV_5158,Classic Love Story,Romance,2026,1.5,0,0,9,-0.43
USR_3732,MOV_5044,Joe,Romance,2023,5,23,1,154,0.89
USR_3257,MOV_5265,Vedalam,Action,2015,2.5,4,1,41,-0.14
USR_4031,MOV_5111,Soorarai Pottru,Drama,2020,5,20,1,175,0.91
USR_3382,MOV_5096,Dhruva Natchathiram,Thriller,2025,5,13,1,140,1
USR_4147,MOV_5193,Kaaka Muttai,Drama,2015,2.5,4,0,49,-0.4
USR_3329,MOV_5254,Indru Netru Naalai,Sci-Fi,2015,2.5,2,0,36,-0.34
USR_4048,MOV_5224,Indru Netru Naalai,Sci-Fi,2015,3.5,9,0,111,0.22
USR_4034,MOV_5268,Dada,Comedy,2023,2.5,0,0,18,0.01
USR_3954,MOV_5081,Fun Unlimited,Comedy,2026,3.5,6,1,126,0.51
USR_3057,MOV_5258,Hey Sinamika,Romance,2022,5,13,0,187,0.95
USR_3675,MOV_5201,Don,Comedy,2022,1.5,3,0,15,-0.21
USR_4114,MOV_5242,Imaikkaa Nodigal,Thriller,2018,5,22,1,159,0.89
USR_3922,MOV_5022,Classic Love Story,Romance,2026,4,7,0,90,0.29
USR_3146,MOV_5138,Kaaka Muttai,Drama,2015,3.5,11,1,118,0.54
USR_3004,MOV_5247,The investigative report,Thriller,2026,3,4,0,65,-0.49
USR_3431,MOV_5130,Oh My Kadavule,Romance,2020,4.5,17,1,172,0.7
USR_4196,MOV_5134,Por Thozhil,Thriller,2023,1.5,1,0,15,-0.27
USR_3953,MOV_5261,Love Today,Comedy,2022,5,14,1,192,0.81
USR_3388,MOV_5007,Viduthalai Part 1,Thriller,2023,2.5,0,0,36,-0.24
USR_3893,MOV_5061,O Kadhal Kanmani,Romance,2015,5,24,1,182,0.72
USR_3606,MOV_5033,2,Sci-Fi,2018,4.5,13,1,168,0.97
USR_3682,MOV_5026,Classic Love Story,Romance,2026,3.5,8,1,85,0.27
USR_3235,MOV_5044,Joe,Romance,2023,4,6,1,94,0.49
USR_4093,MOV_5268,Dada,Comedy,2023,4,11,0,93,0.49
USR_3228,MOV_5242,Imaikkaa Nodigal,Thriller,2018,4,7,1,105,0.53
USR_3430,MOV_5238,Maanaadu,Sci-Fi,2021,2.5,2,0,39,-0.24
USR_3954,MOV_5155,Fun Unlimited,Comedy,2026,4.5,13,0,177,0.82
USR_3923,MOV_5225,Theri,Action,2016,1.5,4,0,40,0.18
USR_4057,MOV_5161,Good Night,Comedy,2023,5,22,0,196,0.79
USR_3705,MOV_5013,Maanaadu,Sci-Fi,2021,3,3,1,59,-0.45
USR_3118,MOV_5039,Kaaka Muttai,Drama,2015,5,14,1,177,0.89
USR_3104,MOV_5064,Naanum Rowdy Dhaan,Comedy,2015,2.5,2,0,41,-0.42
USR_3427,MOV_5167,Maanaadu,Sci-Fi,2021,4.5,16,1,151,0.74
USR_3809,MOV_5204,Lubber Pandhu,Drama,2024,5,17,1,161,0.86
USR_4074,MOV_5275,Love Today,Comedy,2022,2,2,0,26,-0.23
USR_4099,MOV_5098,Game Over,Thriller,2019,5,22,1,151,0.77
USR_3343,MOV_5253,Love Today,Comedy,2022,2.5,4,0,21,-0.49
USR_3128,MOV_5246,Love Insurance Kompany,Romance,2025,5,22,1,197,0.74
USR_3685,MOV_5001,Fun Unlimited,Comedy,2026,4,9,0,88,0.38
USR_3607,MOV_5040,Comali,Comedy,2019,4.5,21,1,190,0.77
USR_3004,MOV_5017,Oh My Kadavule,Romance,2020,3,2,0,58,0.11
USR_3112,MOV_5028,Doctor,Comedy,2021,5,12,1,138,0.71
USR_3657,MOV_5248,Ayalaan,Sci-Fi,2024,4,7,1,76,0.45
USR_4142,MOV_5021,Asuran,Action,2019,3.5,10,0,124,0.38
USR_3252,MOV_5181,Indru Netru Naalai,Sci-Fi,2015,5,12,1,147,0.9
USR_4119,MOV_5191,Imaikkaa Nodigal,Thriller,2018,2.5,2,0,49,-0.06
USR_3324,MOV_5195,Sita Ramam (Tamil),Romance,2022,3.5,7,1,117,0.47
USR_3139,MOV_5103,Visaranai,Thriller,2015,4,9,0,105,0.41
USR_3263,MOV_5184,Mookuthi Amman,Comedy,2020,1,2,0,30,-0.32
USR_3269,MOV_5244,Raayan,Action,2024,2.5,0,0,33,0.04
USR_3613,MOV_5123,Thiruchitrambalam,Romance,2022,3.5,7,0,92,0.5
USR_3611,MOV_5149,Coolie,Action,2025,5,20,1,185,0.99
USR_4043,MOV_5230,Vada Chennai,Action,2018,2,3,0,63,0.07
USR_3733,MOV_5053,Good Bad Ugly,Action,2025,4,8,1,123,0.26
USR_3837,MOV_5027,Viduthalai Part 1,Thriller,2023,3.5,10,0,76,0.33
USR_4067,MOV_5226,Coolie,Action,2025,5,23,1,194,0.76
USR_3760,MOV_5023,Vedalam,Action,2015,5,24,1,169,0.77
USR_3558,MOV_5060,Maharaja,Action,2024,2.5,0,0,25,-0.46
USR_3479,MOV_5170,Garudan,Drama,2024,3,0,1,49,-0.01
USR_3663,MOV_5002,Hey Sinamika,Romance,2022,2,4,0,45,-0.43
USR_3018,MOV_5273,Dhuruvangal Pathinaaru,Thriller,2016,5,17,1,173,0.89
USR_3960,MOV_5044,Joe,Romance,2023,4,11,0,87,0.44
USR_3055,MOV_5074,Conjuring Kannappan,Comedy,2023,2,2,0,53,0.1
USR_3125,MOV_5270,Siren,Romance,2024,5,24,1,160,0.97
USR_3705,MOV_5229,Kabali,Action,2016,2,4,0,9,0.04
USR_3181,MOV_5028,Doctor,Comedy,2021,2.5,2,0,64,-0.33
USR_3942,MOV_5014,Viduthalai Part 2,Thriller,2025,3,3,1,25,-0.25
USR_3630,MOV_5046,Soorarai Pottru,Drama,2020,1,3,0,38,-0.04
USR_3558,MOV_5160,Garudan,Drama,2024,4,10,1,111,0.43
USR_3451,MOV_5047,Meiyazhagan,Drama,2024,1.5,1,0,35,-0.23
USR_3663,MOV_5011,Fun Unlimited,Comedy,2026,4,10,1,85,0.44
USR_3200,MOV_5072,Comali,Comedy,2019,5,24,1,185,0.73
USR_4156,MOV_5086,Project AI,Sci-Fi,2025,4,10,0,80,0.54
USR_3988,MOV_5125,Hit List,Thriller,2024,4,10,0,122,0.23
USR_3507,MOV_5246,Love Insurance Kompany,Romance,2025,5,12,1,157,0.73
USR_3231,MOV_5094,Sita Ramam (Tamil),Romance,2022,3.5,11,0,114,0.43
USR_3676,MOV_5066,Thani Oruvan,Action,2015,4.5,14,1,170,0.96
USR_3885,MOV_5057,Garudan,Drama,2024,4,9,0,118,0.4
USR_3256,MOV_5275,Love Today,Comedy,2022,4,7,1,93,0.26
USR_3094,MOV_5092,Jai Bhim,Drama,2021,3.5,7,0,101,0.58
USR_4017,MOV_5183,Vaadivaasal,Drama,2025,5,17,1,148,1
USR_3629,MOV_5139,Dhuruvangal Pathinaaru,Thriller,2016,4,6,0,128,0.3
USR_4098,MOV_5223,Chitha,Thriller,2023,5,18,1,176,0.99
USR_3852,MOV_5222,Vikram Vedha,Thriller,2017,1,0,0,12,-0.45
USR_3856,MOV_5037,96,Romance,2018,4.5,24,1,183,0.95
USR_3385,MOV_5008,Kanguva 2,Action,2026,2.5,3,0,37,-0.28
USR_3740,MOV_5243,Star,Romance,2024,5,12,0,195,0.73
USR_3307,MOV_5099,Ayalaan,Sci-Fi,2024,5,15,1,158,0.83
USR_4095,MOV_5103,Visaranai,Thriller,2015,5,14,1,169,0.73
USR_4008,MOV_5144,Ratsasan,Thriller,2018,5,19,1,191,0.88
USR_3487,MOV_5013,Maanaadu,Sci-Fi,2021,4,7,0,75,0.49
USR_3440,MOV_5078,2,Sci-Fi,2018,4,8,1,108,0.33
USR_3687,MOV_5151,Kaithi,Action,2019,2.5,3,0,17,-0.5
USR_3872,MOV_5141,Vetri Maaran Next,Action,2026,4,10,0,110,0.23
USR_3854,MOV_5230,Vada Chennai,Action,2018,3,4,0,18,-0.12
USR_4086,MOV_5011,Fun Unlimited,Comedy,2026,4,11,0,80,0.3
USR_3612,MOV_5113,Oh My Kadavule,Romance,2020,4.5,14,1,162,0.77
USR_3606,MOV_5210,O Kadhal Kanmani,Romance,2015,2.5,0,0,42,0.06
USR_3257,MOV_5167,Maanaadu,Sci-Fi,2021,5,19,1,199,0.95
USR_3010,MOV_5204,Lubber Pandhu,Drama,2024,5,22,1,138,0.92
USR_3521,MOV_5139,Dhuruvangal Pathinaaru,Thriller,2016,2.5,2,0,34,-0.16
USR_3720,MOV_5140,Love Insurance Kompany,Romance,2025,4.5,23,1,178,0.75
USR_3430,MOV_5173,Kaithi,Action,2019,5,15,1,146,0.82
USR_4126,MOV_5005,Maya,Thriller,2015,3.5,6,1,98,0.39
USR_3052,MOV_5036,Tik Tik Tik,Sci-Fi,2018,2,2,0,59,-0.42
USR_3830,MOV_5246,Love Insurance Kompany,Romance,2025,2,0,0,50,0.03
USR_3562,MOV_5115,Mari Selvaraj Next,Drama,2026,3,2,1,33,0.12
USR_3972,MOV_5022,Classic Love Story,Romance,2026,5,23,1,133,0.72
USR_3869,MOV_5226,Coolie,Action,2025,5,23,1,136,0.79
USR_3351,MOV_5138,Kaaka Muttai,Drama,2015,1,1,0,49,0.03
USR_3872,MOV_5252,2,Sci-Fi,2018,5,18,1,142,0.87
USR_3022,MOV_5267,Time Loop 2,Sci-Fi,2026,4,9,1,106,0.49
USR_4173,MOV_5241,Ayalaan,Sci-Fi,2024,3,2,0,12,0.14
USR_3202,MOV_5136,Project AI,Sci-Fi,2025,3.5,6,0,101,0.41
USR_3549,MOV_5045,Vettaiyan,Thriller,2024,4,7,1,106,0.29
USR_4186,MOV_5283,Tik Tik Tik,Sci-Fi,2018,2.5,0,0,60,-0.26
USR_3861,MOV_5106,Maanaadu,Sci-Fi,2021,2,1,0,36,-0.33
USR_3917,MOV_5194,Vada Chennai,Action,2018,3,4,0,16,-0.34
USR_3461,MOV_5144,Ratsasan,Thriller,2018,5,14,1,153,0.89
USR_3920,MOV_5284,Ratsasan,Thriller,2018,1,3,1,19,0.14
USR_3914,MOV_5283,Tik Tik Tik,Sci-Fi,2018,4,8,1,77,0.42
USR_3509,MOV_5243,Star,Romance,2024,3,3,0,11,-0.14
USR_3556,MOV_5240,SivaKartikeyan Next,Comedy,2025,3.5,11,1,91,0.47
USR_3135,MOV_5279,Doctor,Comedy,2021,5,18,1,177,0.77
USR_3793,MOV_5019,Fun Unlimited,Comedy,2026,2.5,4,1,64,-0.38
USR_3123,MOV_5072,Comali,Comedy,2019,4.5,16,1,134,0.92
USR_3185,MOV_5201,Don,Comedy,2022,4,10,0,96,0.47
USR_3572,MOV_5169,24,Sci-Fi,2016,5,12,1,168,1
USR_3698,MOV_5204,Lubber Pandhu,Drama,2024,4.5,17,1,192,0.9
USR_3817,MOV_5164,Kaaka Muttai,Drama,2015,5,18,1,199,0.89
USR_3811,MOV_5203,Lubber Pandhu,Drama,2024,2,0,0,55,-0.39
USR_4053,MOV_5196,Naanum Rowdy Dhaan,Comedy,2015,5,14,1,157,1
USR_4046,MOV_5186,Kottukaali,Drama,2024,4,10,1,122,0.25
USR_3661,MOV_5123,Thiruchitrambalam,Romance,2022,2.5,4,0,20,-0.25
USR_3360,MOV_5224,Indru Netru Naalai,Sci-Fi,2015,4,10,1,117,0.64
USR_4016,MOV_5221,Hey Sinamika,Romance,2022,2,4,0,17,-0.26
USR_3203,MOV_5207,Meiyazhagan,Drama,2024,4,5,0,73,0.24
USR_4039,MOV_5033,2,Sci-Fi,2018,5,12,1,170,0.82
USR_3818,MOV_5152,Garudan,Drama,2024,4,10,1,117,0.64
USR_3157,MOV_5152,Garudan,Drama,2024,3.5,6,1,111,0.43
USR_3878,MOV_5196,Naanum Rowdy Dhaan,Comedy,2015,5,24,1,180,0.84
USR_3652,MOV_5264,Imaikkaa Nodigal,Thriller,2018,5,22,1,170,0.93
USR_4196,MOV_5224,Indru Netru Naalai,Sci-Fi,2015,1,4,0,57,-0.34
USR_3024,MOV_5029,Mari Selvaraj Next,Drama,2026,2,3,0,39,-0.26
USR_3535,MOV_5115,Mari Selvaraj Next,Drama,2026,5,16,0,191,0.95
USR_3301,MOV_5053,Good Bad Ugly,Action,2025,5,24,1,133,0.87
USR_3293,MOV_5173,Kaithi,Action,2019,4,5,0,92,0.23
USR_3598,MOV_5204,Lubber Pandhu,Drama,2024,4,9,0,106,0.33
USR_3726,MOV_5083,Project AI,Sci-Fi,2025,5,15,0,159,0.95
USR_3270,MOV_5029,Mari Selvaraj Next,Drama,2026,5,21,1,176,0.74
USR_3411,MOV_5097,Sita Ramam (Tamil),Romance,2022,3.5,9,1,113,0.27
USR_3759,MOV_5061,O Kadhal Kanmani,Romance,2015,5,17,1,134,0.74
USR_3177,MOV_5024,Jailer,Action,2023,5,23,1,154,0.81
USR_3991,MOV_5022,Classic Love Story,Romance,2026,5,20,1,169,0.81
USR_3068,MOV_5262,24,Sci-Fi,2016,3.5,10,0,109,0.35
USR_4067,MOV_5185,Love Today,Comedy,2022,3.5,7,1,95,0.28
USR_3960,MOV_5133,Viduthalai Part 1,Thriller,2023,4,8,0,88,0.64
USR_3034,MOV_5274,Asuran,Action,2019,3.5,9,1,88,0.59
USR_3340,MOV_5199,96,Romance,2018,1.5,2,0,34,-0.21
USR_3861,MOV_5125,Hit List,Thriller,2024,4,7,0,84,0.62
USR_3718,MOV_5250,Visaranai,Thriller,2015,5,13,1,146,0.79
USR_4120,MOV_5181,Indru Netru Naalai,Sci-Fi,2015,4,8,0,75,0.29
USR_3288,MOV_5011,Fun Unlimited,Comedy,2026,4.5,24,1,175,0.74
USR_3364,MOV_5255,Oh My Kadavule,Romance,2020,5,21,1,153,0.91
USR_3503,MOV_5122,Maanaadu,Sci-Fi,2021,2.5,2,0,48,-0.2
USR_3018,MOV_5162,Kanguva 2,Action,2026,5,13,0,166,0.9
USR_3252,MOV_5286,Vettaiyan,Thriller,2024,2.5,3,0,26,-0.1
USR_3007,MOV_5072,Comali,Comedy,2019,5,22,1,175,0.94
USR_3074,MOV_5131,2,Sci-Fi,2018,4,10,0,101,0.51
USR_3755,MOV_5172,Doctor,Comedy,2021,3.5,7,0,105,0.23
USR_3071,MOV_5225,Theri,Action,2016,5,14,1,189,0.99
USR_3273,MOV_5027,Viduthalai Part 1,Thriller,2023,3.5,6,1,67,0.64
USR_3134,MOV_5156,Kottukaali,Drama,2024,4,6,1,130,0.29
USR_3247,MOV_5245,Hey Sinamika,Romance,2022,4.5,23,1,141,0.87
USR_3947,MOV_5077,Por Thozhil,Thriller,2023,2,1,0,56,-0.04
USR_3515,MOV_5073,Thug Life,Action,2025,5,23,1,137,0.75
USR_3018,MOV_5116,Ayalaan,Sci-Fi,2024,5,19,1,182,0.85
USR_3125,MOV_5266,Hit List,Thriller,2024,3.5,11,0,89,0.64
USR_3950,MOV_5103,Visaranai,Thriller,2015,5,12,1,152,0.92
USR_3475,MOV_5134,Por Thozhil,Thriller,2023,2,0,0,52,0.18
USR_3785,MOV_5159,Vikram,Action,2022,4,6,0,117,0.35
USR_3696,MOV_5073,Thug Life,Action,2025,5,12,1,157,0.81
USR_4164,MOV_5114,Tik Tik Tik,Sci-Fi,2018,4,10,0,86,0.34
USR_4171,MOV_5270,Siren,Romance,2024,2.5,0,0,9,0.02
USR_4009,MOV_5243,Star,Romance,2024,4,6,1,69,0.48
USR_3693,MOV_5196,Naanum Rowdy Dhaan,Comedy,2015,5,13,1,168,0.99
USR_4025,MOV_5147,Ayalaan,Sci-Fi,2024,3,4,0,27,-0.19
USR_3035,MOV_5221,Hey Sinamika,Romance,2022,5,23,1,169,0.98
USR_3677,MOV_5021,Asuran,Action,2019,5,23,1,154,0.87
USR_3397,MOV_5227,The GOAT,Action,2024,2,2,0,26,0.03
USR_3198,MOV_5037,96,Romance,2018,2,2,0,64,-0.14
USR_3091,MOV_5242,Imaikkaa Nodigal,Thriller,2018,1,2,1,45,-0.26
USR_3989,MOV_5146,Visaranai,Thriller,2015,4.5,21,1,186,0.79
USR_3240,MOV_5043,Thani Oruvan,Action,2015,4,11,1,75,0.66
USR_3092,MOV_5247,The investigative report,Thriller,2026,1,3,0,49,-0.44
USR_3761,MOV_5247,The investigative report,Thriller,2026,4.5,12,1,161,0.79
USR_3695,MOV_5129,Naanum Rowdy Dhaan,Comedy,2015,3.5,9,1,67,0.39
USR_3339,MOV_5120,Game Over,Thriller,2019,4.5,19,1,176,0.87
USR_3555,MOV_5190,Amaran,Action,2024,3,4,0,28,0.1
USR_3287,MOV_5209,LKG,Comedy,2019,2,3,1,52,-0.25
USR_3379,MOV_5091,Tik Tik Tik,Sci-Fi,2018,3,4,0,12,-0.15
USR_3162,MOV_5266,Hit List,Thriller,2024,2,0,0,29,-0.36
USR_3343,MOV_5173,Kaithi,Action,2019,4.5,23,1,150,0.95
USR_4135,MOV_5050,Indru Netru Naalai,Sci-Fi,2015,1.5,2,0,52,-0.23
USR_3438,MOV_5161,Good Night,Comedy,2023,5,22,1,139,0.78
USR_3621,MOV_5242,Imaikkaa Nodigal,Thriller,2018,2,0,0,53,-0.5
USR_3456,MOV_5129,Naanum Rowdy Dhaan,Comedy,2015,3,0,0,59,-0.35
USR_3937,MOV_5133,Viduthalai Part 1,Thriller,2023,4,9,0,127,0.48
USR_3402,MOV_5195,Sita Ramam (Tamil),Romance,2022,4.5,13,0,146,0.78
USR_3306,MOV_5221,Hey Sinamika,Romance,2022,2.5,2,0,47,0.09
USR_4061,MOV_5197,Vikram Vedha,Thriller,2017,2,0,0,44,-0.28
USR_3696,MOV_5225,Theri,Action,2016,4.5,20,1,168,0.86
USR_3704,MOV_5145,Time Loop 2,Sci-Fi,2026,2.5,2,0,32,-0.42
USR_3437,MOV_5280,Vettaiyan,Thriller,2024,5,18,1,146,0.87
USR_3148,MOV_5102,Joe,Romance,2023,1,1,0,40,-0.16
USR_4065,MOV_5051,Tik Tik Tik,Sci-Fi,2018,4,5,1,76,0.61
USR_3840,MOV_5091,Tik Tik Tik,Sci-Fi,2018,4,6,1,88,0.5
USR_3541,MOV_5061,O Kadhal Kanmani,Romance,2015,4,9,0,74,0.36
USR_3476,MOV_5180,Master,Action,2021,4,9,1,128,0.58
USR_3648,MOV_5205,Conjuring Kannappan,Comedy,2023,4,7,0,90,0.57
USR_3379,MOV_5214,Peranbu,Drama,2018,1.5,2,0,21,0.16
USR_3802,MOV_5169,24,Sci-Fi,2016,2.5,0,1,13,-0.25
USR_3960,MOV_5225,Theri,Action,2016,2.5,4,0,10,-0.35
USR_3739,MOV_5077,Por Thozhil,Thriller,2023,4,6,1,116,0.35
USR_3457,MOV_5281,Viduthalai Part 2,Thriller,2025,5,22,1,152,0.85
USR_3515,MOV_5014,Viduthalai Part 2,Thriller,2025,2.5,1,0,33,-0.03
USR_3935,MOV_5147,Ayalaan,Sci-Fi,2024,4.5,23,1,169,0.8
USR_3335,MOV_5201,Don,Comedy,2022,4.5,24,1,183,0.78
USR_3858,MOV_5016,Oh My Kadavule,Romance,2020,4,7,1,87,0.63
USR_4012,MOV_5120,Game Over,Thriller,2019,1.5,2,0,48,-0.04
USR_3401,MOV_5124,2,Sci-Fi,2018,4,10,0,90,0.23
USR_3081,MOV_5274,Asuran,Action,2019,5,18,1,187,0.96
USR_3084,MOV_5225,Theri,Action,2016,4.5,12,1,172,0.87
USR_3495,MOV_5275,Love Today,Comedy,2022,5,23,1,184,0.96
USR_3613,MOV_5182,Thug Life,Action,2025,4,10,1,83,0.49
USR_3427,MOV_5010,Tik Tik Tik,Sci-Fi,2018,5,21,1,166,0.71
USR_3855,MOV_5266,Hit List,Thriller,2024,5,17,1,164,0.77
USR_3674,MOV_5050,Indru Netru Naalai,Sci-Fi,2015,3.5,7,0,106,0.55
USR_3422,MOV_5189,Thani Oruvan,Action,2015,5,16,1,161,0.95
USR_3105,MOV_5112,Maanaadu,Sci-Fi,2021,4,6,0,89,0.66
USR_3953,MOV_5070,Jai Bhim,Drama,2021,3.5,7,0,93,0.55
USR_3924,MOV_5085,Good Night,Comedy,2023,3,3,0,23,-0.23
USR_3176,MOV_5212,Chitha,Thriller,2023,4.5,22,1,163,0.94
USR_3763,MOV_5082,Vikram Vedha,Thriller,2017,5,24,1,178,0.88
USR_3252,MOV_5175,Star,Romance,2024,4,11,0,82,0.51
USR_3739,MOV_5062,Hit List,Thriller,2024,4,11,0,125,0.28
USR_3384,MOV_5174,Time Loop 2,Sci-Fi,2026,2,0,0,33,-0.27
USR_3759,MOV_5147,Ayalaan,Sci-Fi,2024,4,7,1,101,0.64
USR_3555,MOV_5039,Kaaka Muttai,Drama,2015,5,23,1,140,0.82
USR_3537,MOV_5072,Comali,Comedy,2019,2.5,0,0,34,-0.03
USR_4080,MOV_5169,24,Sci-Fi,2016,5,20,1,160,0.94
USR_3063,MOV_5246,Love Insurance Kompany,Romance,2025,2,3,0,10,-0.49
USR_4002,MOV_5267,Time Loop 2,Sci-Fi,2026,1.5,2,0,11,-0.15
USR_3623,MOV_5128,Vetri Maaran Next,Action,2026,4,5,0,68,0.69
USR_3684,MOV_5165,Amaran,Action,2024,1.5,3,0,11,0.06
USR_3261,MOV_5086,Project AI,Sci-Fi,2025,3,0,0,17,0.01
USR_3015,MOV_5257,Joe,Romance,2023,3,3,0,56,-0.32
USR_4149,MOV_5041,Thani Oruvan,Action,2015,2.5,1,0,45,-0.39
USR_3242,MOV_5187,Ponniyin Selvan: Part 1,Drama,2022,4,5,1,87,0.46
USR_3339,MOV_5277,Brother,Comedy,2024,5,12,1,181,0.89
USR_3029,MOV_5239,Time Loop 2,Sci-Fi,2026,4,9,0,77,0.36
USR_3286,MOV_5141,Vetri Maaran Next,Action,2026,2,4,0,46,-0.5
USR_3680,MOV_5195,Sita Ramam (Tamil),Romance,2022,4,10,1,114,0.28
USR_3765,MOV_5187,Ponniyin Selvan: Part 1,Drama,2022,3.5,6,1,98,0.56
USR_3699,MOV_5120,Game Over,Thriller,2019,3,3,0,12,-0.08
USR_3832,MOV_5172,Doctor,Comedy,2021,5,21,1,169,0.81
USR_3007,MOV_5235,Project AI,Sci-Fi,2025,4,5,1,99,0.6
USR_3084,MOV_5195,Sita Ramam (Tamil),Romance,2022,5,14,1,182,0.78
USR_3881,MOV_5028,Doctor,Comedy,2021,4,8,0,120,0.54
USR_3746,MOV_5218,O Kadhal Kanmani,Romance,2015,2,1,0,16,0.19
USR_3937,MOV_5265,Vedalam,Action,2015,4,10,1,75,0.38
USR_3041,MOV_5279,Doctor,Comedy,2021,2.5,3,1,49,-0.44
USR_3227,MOV_5088,Naanum Rowdy Dhaan,Comedy,2015,2.5,0,0,60,-0.07
USR_4077,MOV_5115,Mari Selvaraj Next,Drama,2026,5,23,1,134,0.91
USR_4049,MOV_5118,Tik Tik Tik,Sci-Fi,2018,1,4,0,55,-0.47
USR_3644,MOV_5086,Project AI,Sci-Fi,2025,5,15,1,153,0.81
USR_3301,MOV_5156,Kottukaali,Drama,2024,2.5,0,0,61,-0.42
USR_3718,MOV_5052,Chitha,Thriller,2023,5,20,1,188,0.96
USR_4079,MOV_5047,Meiyazhagan,Drama,2024,5,20,1,185,0.87
USR_3981,MOV_5029,Mari Selvaraj Next,Drama,2026,4,10,1,79,0.58
USR_3629,MOV_5240,SivaKartikeyan Next,Comedy,2025,1.5,0,0,58,-0.19
USR_3427,MOV_5018,Lubber Pandhu,Drama,2024,3.5,11,1,94,0.23
USR_3086,MOV_5175,Star,Romance,2024,1,1,0,39,0.06
USR_3283,MOV_5288,Time Loop 2,Sci-Fi,2026,5,19,1,180,0.87
USR_3081,MOV_5189,Thani Oruvan,Action,2015,4,7,1,81,0.64
USR_3058,MOV_5057,Garudan,Drama,2024,3.5,11,1,88,0.31
USR_3373,MOV_5077,Por Thozhil,Thriller,2023,2.5,3,0,5,-0.26
USR_3726,MOV_5288,Time Loop 2,Sci-Fi,2026,2,4,0,57,-0.3
USR_3717,MOV_5085,Good Night,Comedy,2023,2,0,0,8,0.05
USR_3786,MOV_5194,Vada Chennai,Action,2018,2.5,4,0,35,0.09
USR_3791,MOV_5277,Brother,Comedy,2024,4,10,1,100,0.27
USR_3109,MOV_5139,Dhuruvangal Pathinaaru,Thriller,2016,2,3,0,53,-0.34
USR_3473,MOV_5076,Viduthalai Part 1,Thriller,2023,3.5,6,1,86,0.37
USR_3718,MOV_5249,Kaithi,Action,2019,4,6,1,126,0.26
USR_3593,MOV_5012,Vedalam,Action,2015,4,6,1,69,0.47
USR_3403,MOV_5084,Don,Comedy,2022,2,2,0,26,0.07
USR_3242,MOV_5241,Ayalaan,Sci-Fi,2024,5,12,1,145,0.74
USR_3279,MOV_5162,Kanguva 2,Action,2026,4.5,17,1,198,0.85
USR_3599,MOV_5286,Vettaiyan,Thriller,2024,2,4,1,8,0.07
USR_4009,MOV_5079,Chitha,Thriller,2023,5,20,1,156,0.73
USR_4048,MOV_5088,Naanum Rowdy Dhaan,Comedy,2015,5,18,1,189,0.93
USR_4186,MOV_5275,Love Today,Comedy,2022,4,10,1,127,0.68
USR_4148,MOV_5266,Hit List,Thriller,2024,4.5,13,1,140,0.92
USR_3124,MOV_5251,Love Today,Comedy,2022,4,6,0,73,0.28
USR_3184,MOV_5030,Indru Netru Naalai,Sci-Fi,2015,5,23,1,174,0.77
USR_3061,MOV_5151,Kaithi,Action,2019,5,12,1,199,0.89
USR_3508,MOV_5028,Doctor,Comedy,2021,2.5,0,0,61,-0.37
USR_3925,MOV_5275,Love Today,Comedy,2022,2.5,2,0,63,-0.02
USR_3803,MOV_5193,Kaaka Muttai,Drama,2015,2.5,3,0,56,-0.16
USR_3470,MOV_5100,Vikram Vedha,Thriller,2017,3.5,11,0,111,0.64
USR_3134,MOV_5074,Conjuring Kannappan,Comedy,2023,5,14,1,171,0.91
USR_3337,MOV_5106,Maanaadu,Sci-Fi,2021,4,8,1,78,0.63
USR_3914,MOV_5171,Love Insurance Kompany,Romance,2025,4.5,18,1,166,0.86
USR_3426,MOV_5061,O Kadhal Kanmani,Romance,2015,4,7,0,68,0.6
USR_3140,MOV_5255,Oh My Kadavule,Romance,2020,1,0,1,44,-0.17
USR_3120,MOV_5105,Dhuruvangal Pathinaaru,Thriller,2016,4,5,1,90,0.31
USR_4082,MOV_5120,Game Over,Thriller,2019,5,13,1,158,0.77
USR_4077,MOV_5102,Joe,Romance,2023,3.5,10,0,106,0.28
USR_3223,MOV_5024,Jailer,Action,2023,4,7,0,117,0.48
USR_4160,MOV_5055,2,Sci-Fi,2018,4,9,1,99,0.22
USR_3944,MOV_5056,Fun Unlimited,Comedy,2026,5,14,1,186,0.84
USR_3793,MOV_5252,2,Sci-Fi,2018,5,24,1,154,0.85
USR_4177,MOV_5222,Vikram Vedha,Thriller,2017,4,8,1,73,0.68
USR_4065,MOV_5127,Vada Chennai,Action,2018,2.5,2,0,56,-0.43
USR_3015,MOV_5075,Doctor,Comedy,2021,4.5,14,1,165,0.94
USR_3106,MOV_5073,Thug Life,Action,2025,4,11,1,118,0.36
USR_3698,MOV_5140,Love Insurance Kompany,Romance,2025,2,2,0,27,0.15
USR_3690,MOV_5106,Maanaadu,Sci-Fi,2021,4,7,0,121,0.67
USR_3638,MOV_5120,Game Over,Thriller,2019,4,9,1,106,0.39
USR_4182,MOV_5269,Tik Tik Tik,Sci-Fi,2018,4,10,1,116,0.64
USR_4158,MOV_5076,Viduthalai Part 1,Thriller,2023,5,19,1,143,0.91
USR_3125,MOV_5026,Classic Love Story,Romance,2026,5,16,1,165,0.96
USR_3302,MOV_5195,Sita Ramam (Tamil),Romance,2022,5,18,1,184,0.73
USR_3670,MOV_5163,Naanum Rowdy Dhaan,Comedy,2015,4,9,0,125,0.3
USR_3182,MOV_5034,Indru Netru Naalai,Sci-Fi,2015,5,17,1,142,0.93
USR_3275,MOV_5064,Naanum Rowdy Dhaan,Comedy,2015,4,10,1,92,0.38
USR_3823,MOV_5239,Time Loop 2,Sci-Fi,2026,2,3,0,20,0.02
USR_3334,MOV_5243,Star,Romance,2024,2,4,0,9,-0.02
USR_3236,MOV_5196,Naanum Rowdy Dhaan,Comedy,2015,3.5,11,1,109,0.41
USR_3850,MOV_5242,Imaikkaa Nodigal,Thriller,2018,4,7,1,118,0.65
USR_3977,MOV_5139,Dhuruvangal Pathinaaru,Thriller,2016,5,16,0,138,0.87
USR_3688,MOV_5073,Thug Life,Action,2025,3.5,9,0,66,0.59
USR_3231,MOV_5126,Visaranai,Thriller,2015,4.5,22,1,166,0.82
USR_3020,MOV_5147,Ayalaan,Sci-Fi,2024,3,4,1,16,-0.28
USR_3792,MOV_5141,Vetri Maaran Next,Action,2026,2,4,0,38,-0.04
USR_3797,MOV_5114,Tik Tik Tik,Sci-Fi,2018,2.5,2,0,10,0.18
USR_3099,MOV_5117,Amaran,Action,2024,3,4,0,36,-0.14
USR_3958,MOV_5233,24,Sci-Fi,2016,3.5,11,1,66,0.23
USR_3993,MOV_5119,Mehandi Circus,Romance,2019,4,5,0,76,0.57
USR_3188,MOV_5146,Visaranai,Thriller,2015,3.5,7,0,97,0.67
USR_3544,MOV_5289,Vada Chennai,Action,2018,5,13,1,174,0.93
USR_3338,MOV_5097,Sita Ramam (Tamil),Romance,2022,4.5,15,1,153,0.77
USR_3899,MOV_5259,Joe,Romance,2023,3,3,0,44,0.11
USR_4094,MOV_5242,Imaikkaa Nodigal,Thriller,2018,3.5,10,0,90,0.46
USR_3029,MOV_5197,Vikram Vedha,Thriller,2017,5,24,1,154,0.79
USR_3268,MOV_5243,Star,Romance,2024,4,11,0,102,0.2
USR_3228,MOV_5239,Time Loop 2,Sci-Fi,2026,3.5,6,0,117,0.26
USR_3618,MOV_5085,Good Night,Comedy,2023,5,15,1,144,0.72
USR_4086,MOV_5267,Time Loop 2,Sci-Fi,2026,4,9,1,103,0.42
USR_4120,MOV_5006,Rajinimurugan,Comedy,2016,4,8,0,72,0.37
USR_3549,MOV_5245,Hey Sinamika,Romance,2022,3.5,8,0,119,0.51
USR_3978,MOV_5261,Love Today,Comedy,2022,2,0,0,48,-0.15
USR_3990,MOV_5038,O Kadhal Kanmani,Romance,2015,2.5,2,0,34,0.18
USR_3442,MOV_5149,Coolie,Action,2025,5,21,1,190,0.96
USR_4126,MOV_5244,Raayan,Action,2024,2,4,0,10,-0.35
USR_4185,MOV_5040,Comali,Comedy,2019,4.5,20,1,176,0.8
USR_3026,MOV_5028,Doctor,Comedy,2021,3.5,10,0,88,0.57
USR_3353,MOV_5034,Indru Netru Naalai,Sci-Fi,2015,1.5,2,0,64,-0.33
USR_3848,MOV_5041,Thani Oruvan,Action,2015,5,19,1,195,0.82
USR_3952,MOV_5250,Visaranai,Thriller,2015,1.5,2,0,60,-0.32
USR_3824,MOV_5220,Asuran,Action,2019,4,11,1,122,0.46
USR_3227,MOV_5041,Thani Oruvan,Action,2015,4,9,1,118,0.55
USR_3078,MOV_5090,O Kadhal Kanmani,Romance,2015,4,6,0,79,0.49
USR_3324,MOV_5046,Soorarai Pottru,Drama,2020,4,10,0,109,0.6
USR_3404,MOV_5230,Vada Chennai,Action,2018,4.5,13,1,179,0.92
USR_3716,MOV_5047,Meiyazhagan,Drama,2024,5,15,1,140,0.95
USR_3878,MOV_5075,Doctor,Comedy,2021,4.5,14,1,188,0.72
USR_3433,MOV_5026,Classic Love Story,Romance,2026,5,22,0,152,0.84
USR_3013,MOV_5226,Coolie,Action,2025,4,8,1,69,0.51
USR_4180,MOV_5185,Love Today,Comedy,2022,4.5,20,1,172,0.82
USR_3025,MOV_5109,Garudan,Drama,2024,2,1,0,61,-0.48
USR_4014,MOV_5036,Tik Tik Tik,Sci-Fi,2018,4,6,0,109,0.44
USR_3517,MOV_5034,Indru Netru Naalai,Sci-Fi,2015,4,8,1,96,0.34
USR_3633,MOV_5139,Dhuruvangal Pathinaaru,Thriller,2016,3.5,9,1,105,0.27
USR_4046,MOV_5004,Amaran,Action,2024,2,3,0,50,-0.26
USR_3627,MOV_5261,Love Today,Comedy,2022,3,0,0,34,0.03
USR_3290,MOV_5229,Kabali,Action,2016,4.5,15,1,141,0.92
USR_3771,MOV_5178,Indru Netru Naalai,Sci-Fi,2015,3.5,5,1,76,0.22
USR_3120,MOV_5008,Kanguva 2,Action,2026,3.5,8,1,91,0.23
USR_3923,MOV_5013,Maanaadu,Sci-Fi,2021,4.5,17,0,193,0.9
USR_3715,MOV_5040,Comali,Comedy,2019,4.5,12,1,180,0.96
USR_3470,MOV_5277,Brother,Comedy,2024,4,5,0,102,0.54
USR_3833,MOV_5175,Star,Romance,2024,3.5,8,1,116,0.63
USR_3009,MOV_5048,Amaran,Action,2024,4,8,0,86,0.21
USR_3076,MOV_5081,Fun Unlimited,Comedy,2026,3.5,7,1,104,0.46
USR_3543,MOV_5129,Naanum Rowdy Dhaan,Comedy,2015,5,17,1,165,0.73
USR_3377,MOV_5114,Tik Tik Tik,Sci-Fi,2018,2,4,0,62,-0.24
USR_4099,MOV_5088,Naanum Rowdy Dhaan,Comedy,2015,4,11,1,66,0.61
USR_4007,MOV_5250,Visaranai,Thriller,2015,5,17,1,184,0.84
USR_3134,MOV_5131,2,Sci-Fi,2018,3.5,6,1,115,0.65
USR_3676,MOV_5216,Classic Love Story,Romance,2026,1.5,3,0,62,-0.45
USR_3970,MOV_5026,Classic Love Story,Romance,2026,4,5,1,117,0.39
USR_3758,MOV_5122,Maanaadu,Sci-Fi,2021,2,4,0,49,-0.25
USR_3247,MOV_5147,Ayalaan,Sci-Fi,2024,5,17,1,195,0.92
USR_3038,MOV_5167,Maanaadu,Sci-Fi,2021,4,8,1,103,0.5
USR_3111,MOV_5146,Visaranai,Thriller,2015,3,3,0,32,-0.27
USR_3079,MOV_5059,Vikram,Action,2022,5,22,1,172,0.72
USR_3064,MOV_5155,Fun Unlimited,Comedy,2026,1,4,0,22,0.1
USR_3465,MOV_5205,Conjuring Kannappan,Comedy,2023,2.5,2,0,59,0.03
USR_3995,MOV_5182,Thug Life,Action,2025,2,1,0,49,0.14
USR_3248,MOV_5057,Garudan,Drama,2024,3.5,7,1,66,0.48
USR_3321,MOV_5101,Maanaadu,Sci-Fi,2021,3.5,7,1,115,0.65
USR_3092,MOV_5116,Ayalaan,Sci-Fi,2024,2,1,0,46,0.17
USR_3435,MOV_5173,Kaithi,Action,2019,4.5,14,1,148,0.94
USR_4195,MOV_5010,Tik Tik Tik,Sci-Fi,2018,5,23,1,166,0.79
USR_4164,MOV_5126,Visaranai,Thriller,2015,4,10,0,118,0.45
USR_3423,MOV_5033,2,Sci-Fi,2018,1.5,2,0,48,-0.31
USR_3600,MOV_5030,Indru Netru Naalai,Sci-Fi,2015,5,18,1,178,0.92
USR_3515,MOV_5116,Ayalaan,Sci-Fi,2024,2,0,1,48,-0.3
USR_3968,MOV_5255,Oh My Kadavule,Romance,2020,2.5,1,1,54,-0.09
USR_4152,MOV_5283,Tik Tik Tik,Sci-Fi,2018,5,22,1,188,0.9
USR_3203,MOV_5084,Don,Comedy,2022,5,24,1,199,0.83
USR_3035,MOV_5201,Don,Comedy,2022,4,8,1,97,0.53
USR_4009,MOV_5248,Ayalaan,Sci-Fi,2024,4.5,17,1,157,0.74
USR_3871,MOV_5090,O Kadhal Kanmani,Romance,2015,5,14,1,133,0.78
USR_4068,MOV_5153,Maanaadu,Sci-Fi,2021,3.5,8,1,75,0.28
USR_3634,MOV_5091,Tik Tik Tik,Sci-Fi,2018,5,16,1,171,0.93
USR_3457,MOV_5154,Siren,Romance,2024,2.5,3,0,7,0.18
USR_3812,MOV_5079,Chitha,Thriller,2023,1,0,0,7,0.12
USR_3012,MOV_5211,Indru Netru Naalai,Sci-Fi,2015,5,20,1,167,0.91
USR_3198,MOV_5262,24,Sci-Fi,2016,5,20,1,171,0.89
USR_3085,MOV_5006,Rajinimurugan,Comedy,2016,4,6,0,98,0.33
USR_3519,MOV_5176,LKG,Comedy,2019,4,8,1,126,0.44
USR_3620,MOV_5252,2,Sci-Fi,2018,3.5,6,1,89,0.63
USR_3015,MOV_5208,96,Romance,2018,2,2,0,30,-0.4
USR_3839,MOV_5272,Meiyazhagan,Drama,2024,3.5,10,0,80,0.23
USR_3351,MOV_5212,Chitha,Thriller,2023,4.5,20,1,190,0.99
USR_3382,MOV_5039,Kaaka Muttai,Drama,2015,4,6,0,67,0.37
USR_3243,MOV_5266,Hit List,Thriller,2024,1,4,0,59,0
USR_3320,MOV_5014,Viduthalai Part 2,Thriller,2025,4,5,0,115,0.33
USR_4023,MOV_5281,Viduthalai Part 2,Thriller,2025,4.5,14,1,152,0.75
USR_3598,MOV_5189,Thani Oruvan,Action,2015,5,12,1,163,0.75
USR_3096,MOV_5100,Vikram Vedha,Thriller,2017,3,4,0,13,-0.3
USR_3178,MOV_5283,Tik Tik Tik,Sci-Fi,2018,3.5,6,1,109,0.32
USR_3865,MOV_5042,Time Loop 2,Sci-Fi,2026,4,9,0,116,0.37
USR_3621,MOV_5048,Amaran,Action,2024,2.5,1,0,10,-0.39
USR_3110,MOV_5256,Garudan,Drama,2024,2.5,2,0,14,-0.07
USR_4054,MOV_5035,Ayalaan,Sci-Fi,2024,5,13,0,133,0.71
USR_3120,MOV_5021,Asuran,Action,2019,4.5,14,1,143,0.75
USR_3266,MOV_5239,Time Loop 2,Sci-Fi,2026,2.5,4,0,43,-0.25
USR_4170,MOV_5120,Game Over,Thriller,2019,1.5,3,0,64,-0.39
USR_3023,MOV_5006,Rajinimurugan,Comedy,2016,5,24,1,199,0.93
USR_3247,MOV_5108,Ratsasan,Thriller,2018,4,6,0,100,0.25
USR_3998,MOV_5042,Time Loop 2,Sci-Fi,2026,4,5,1,122,0.46
USR_3218,MOV_5088,Naanum Rowdy Dhaan,Comedy,2015,3.5,10,0,89,0.38
USR_3328,MOV_5246,Love Insurance Kompany,Romance,2025,4,5,0,101,0.51
USR_4091,MOV_5215,The investigative report,Thriller,2026,4,8,0,123,0.36
USR_3224,MOV_5090,O Kadhal Kanmani,Romance,2015,5,23,1,175,0.75
USR_3275,MOV_5077,Por Thozhil,Thriller,2023,4,9,0,108,0.21
USR_3114,MOV_5068,Jai Bhim,Drama,2021,4.5,16,0,196,0.77
USR_3406,MOV_5113,Oh My Kadavule,Romance,2020,4,10,1,92,0.67
USR_3297,MOV_5108,Ratsasan,Thriller,2018,3,0,0,42,-0.21
USR_3362,MOV_5128,Vetri Maaran Next,Action,2026,2.5,1,1,11,-0.33
USR_3456,MOV_5103,Visaranai,Thriller,2015,5,20,1,171,0.86
USR_3767,MOV_5119,Mehandi Circus,Romance,2019,1.5,1,0,10,-0.41
USR_3841,MOV_5275,Love Today,Comedy,2022,4.5,17,1,176,0.82
USR_3156,MOV_5253,Love Today,Comedy,2022,2.5,4,0,52,0.06
USR_3627,MOV_5276,Kadaisi Vivasayi,Drama,2022,3.5,6,0,96,0.59
USR_3196,MOV_5149,Coolie,Action,2025,4,9,0,128,0.34
USR_4083,MOV_5201,Don,Comedy,2022,1.5,4,0,27,-0.34
USR_3202,MOV_5276,Kadaisi Vivasayi,Drama,2022,3,3,0,54,-0.16
USR_3206,MOV_5246,Love Insurance Kompany,Romance,2025,3.5,9,1,103,0.64
USR_3860,MOV_5219,Kadhalum Kadandhu Pogum,Romance,2016,3.5,8,0,94,0.39
USR_3409,MOV_5046,Soorarai Pottru,Drama,2020,4,6,1,89,0.59
USR_4095,MOV_5227,The GOAT,Action,2024,1,4,0,11,-0.38
USR_3430,MOV_5210,O Kadhal Kanmani,Romance,2015,3,3,0,11,0.14
USR_3274,MOV_5029,Mari Selvaraj Next,Drama,2026,5,19,1,197,0.76
USR_3134,MOV_5035,Ayalaan,Sci-Fi,2024,5,24,1,186,0.77
USR_4193,MOV_5150,Maya,Thriller,2015,1,4,0,50,0.19
USR_3533,MOV_5025,Kaithi,Action,2019,5,12,1,158,0.91
USR_3378,MOV_5125,Hit List,Thriller,2024,5,22,1,141,0.85
USR_3179,MOV_5241,Ayalaan,Sci-Fi,2024,3.5,5,0,116,0.58
USR_3643,MOV_5249,Kaithi,Action,2019,4,11,0,107,0.68
USR_3058,MOV_5095,Star,Romance,2024,3.5,10,1,109,0.68
USR_3403,MOV_5111,Soorarai Pottru,Drama,2020,5,23,1,187,0.86
USR_3677,MOV_5018,Lubber Pandhu,Drama,2024,2,2,1,12,-0.13
USR_4155,MOV_5097,Sita Ramam (Tamil),Romance,2022,2,4,0,21,-0.07
USR_3579,MOV_5196,Naanum Rowdy Dhaan,Comedy,2015,1,2,0,23,-0.14
USR_3479,MOV_5271,Mari Selvaraj Next,Drama,2026,4,8,0,93,0.41
USR_3998,MOV_5282,Viduthalai Part 2,Thriller,2025,5,21,1,149,0.72
USR_3330,MOV_5012,Vedalam,Action,2015,2.5,3,0,24,0.13
USR_3458,MOV_5211,Indru Netru Naalai,Sci-Fi,2015,4.5,16,1,165,0.96
USR_3803,MOV_5061,O Kadhal Kanmani,Romance,2015,4.5,16,1,165,0.92
USR_4186,MOV_5201,Don,Comedy,2022,2,3,1,13,0.14
USR_3019,MOV_5212,Chitha,Thriller,2023,1,2,0,65,-0.01
USR_3183,MOV_5080,Thug Life,Action,2025,3,4,0,65,-0.08
USR_3908,MOV_5104,Soorarai Pottru,Drama,2020,4,6,1,118,0.36
USR_3440,MOV_5182,Thug Life,Action,2025,5,17,1,188,0.74
USR_4191,MOV_5275,Love Today,Comedy,2022,4.5,23,1,153,0.71
USR_3383,MOV_5177,Jailer,Action,2023,2.5,4,0,11,-0.1
USR_3637,MOV_5223,Chitha,Thriller,2023,4.5,14,1,136,0.98
USR_3108,MOV_5287,Project AI,Sci-Fi,2025,4.5,13,1,138,0.89
USR_4006,MOV_5083,Project AI,Sci-Fi,2025,3.5,6,0,71,0.3
USR_3062,MOV_5260,Tik Tik Tik,Sci-Fi,2018,2.5,1,0,39,-0.19
USR_3479,MOV_5105,Dhuruvangal Pathinaaru,Thriller,2016,5,14,1,191,0.86
USR_3818,MOV_5213,Ayalaan,Sci-Fi,2024,2,0,0,51,-0.1
USR_3589,MOV_5273,Dhuruvangal Pathinaaru,Thriller,2016,3,2,0,52,0
USR_3673,MOV_5029,Mari Selvaraj Next,Drama,2026,2,1,0,41,-0.17
USR_3360,MOV_5122,Maanaadu,Sci-Fi,2021,5,14,1,148,0.72
USR_4106,MOV_5006,Rajinimurugan,Comedy,2016,1.5,0,0,17,-0.16
USR_3443,MOV_5279,Doctor,Comedy,2021,3,3,0,16,-0.08
USR_3617,MOV_5224,Indru Netru Naalai,Sci-Fi,2015,5,19,1,187,0.72
USR_3428,MOV_5034,Indru Netru Naalai,Sci-Fi,2015,4.5,16,1,179,0.7
USR_3038,MOV_5279,Doctor,Comedy,2021,2,0,0,51,-0.04
USR_3677,MOV_5101,Maanaadu,Sci-Fi,2021,4,6,1,124,0.53
USR_3825,MOV_5193,Kaaka Muttai,Drama,2015,3.5,6,0,82,0.56
USR_3209,MOV_5178,Indru Netru Naalai,Sci-Fi,2015,4.5,13,1,189,0.84
USR_3629,MOV_5052,Chitha,Thriller,2023,3.5,6,0,97,0.2
USR_4139,MOV_5089,Don,Comedy,2022,5,23,1,146,0.88
USR_3033,MOV_5131,2,Sci-Fi,2018,3,4,0,49,-0.07
USR_3126,MOV_5210,O Kadhal Kanmani,Romance,2015,4.5,15,1,146,0.95
USR_3464,MOV_5228,Thani Oruvan,Action,2015,5,23,1,176,0.89
USR_3436,MOV_5096,Dhruva Natchathiram,Thriller,2025,4,10,0,67,0.56
USR_3587,MOV_5175,Star,Romance,2024,4.5,24,1,152,0.95
USR_3619,MOV_5041,Thani Oruvan,Action,2015,4,8,0,106,0.26
USR_3123,MOV_5151,Kaithi,Action,2019,5,19,1,160,0.72
USR_3007,MOV_5130,Oh My Kadavule,Romance,2020,5,13,1,186,0.94
USR_3097,MOV_5138,Kaaka Muttai,Drama,2015,5,17,1,162,0.98
USR_3577,MOV_5070,Jai Bhim,Drama,2021,2.5,0,1,28,-0.22
USR_3445,MOV_5013,Maanaadu,Sci-Fi,2021,4,5,1,101,0.32
USR_3126,MOV_5126,Visaranai,Thriller,2015,5,23,1,145,0.94
USR_3013,MOV_5084,Don,Comedy,2022,5,17,1,181,0.9
USR_3038,MOV_5276,Kadaisi Vivasayi,Drama,2022,5,18,1,161,0.72
USR_3203,MOV_5085,Good Night,Comedy,2023,4,10,1,93,0.61
USR_4180,MOV_5091,Tik Tik Tik,Sci-Fi,2018,5,13,1,181,0.82
USR_3749,MOV_5109,Garudan,Drama,2024,3.5,5,1,74,0.31
USR_3357,MOV_5264,Imaikkaa Nodigal,Thriller,2018,5,16,1,198,0.71
USR_3775,MOV_5254,Indru Netru Naalai,Sci-Fi,2015,4,8,1,113,0.31
USR_3257,MOV_5250,Visaranai,Thriller,2015,3.5,11,1,114,0.64
USR_4021,MOV_5206,Indru Netru Naalai,Sci-Fi,2015,4,9,1,115,0.5
USR_3993,MOV_5144,Ratsasan,Thriller,2018,2.5,0,0,16,-0.49
USR_3864,MOV_5060,Maharaja,Action,2024,5,16,1,195,0.84
USR_3450,MOV_5242,Imaikkaa Nodigal,Thriller,2018,4,9,0,104,0.66
USR_3408,MOV_5185,Love Today,Comedy,2022,5,18,1,135,0.9
USR_3855,MOV_5170,Garudan,Drama,2024,3,2,0,28,-0.05
USR_3728,MOV_5113,Oh My Kadavule,Romance,2020,2,3,0,45,-0.2
USR_3398,MOV_5128,Vetri Maaran Next,Action,2026,3,4,0,28,0
USR_3961,MOV_5236,Thug Life,Action,2025,5,12,1,160,0.92
USR_3737,MOV_5197,Vikram Vedha,Thriller,2017,3.5,7,0,89,0.46
USR_3323,MOV_5260,Tik Tik Tik,Sci-Fi,2018,5,19,1,165,0.75
USR_3341,MOV_5223,Chitha,Thriller,2023,5,13,1,183,0.72
USR_3056,MOV_5112,Maanaadu,Sci-Fi,2021,2,2,0,30,-0.25
USR_3601,MOV_5068,Jai Bhim,Drama,2021,4,6,1,100,0.62
USR_3798,MOV_5070,Jai Bhim,Drama,2021,4.5,16,1,161,0.77
USR_3454,MOV_5079,Chitha,Thriller,2023,3,2,0,48,-0.2
USR_3657,MOV_5022,Classic Love Story,Romance,2026,1.5,2,0,20,-0.01
USR_3763,MOV_5214,Peranbu,Drama,2018,4.5,13,0,157,0.92
USR_3112,MOV_5210,O Kadhal Kanmani,Romance,2015,4,11,1,104,0.61
USR_3719,MOV_5072,Comali,Comedy,2019,2.5,0,0,52,0.12
USR_3977,MOV_5278,Raayan,Action,2024,1,0,0,26,0.02
USR_3132,MOV_5139,Dhuruvangal Pathinaaru,Thriller,2016,3.5,9,1,75,0.55
USR_4020,MOV_5041,Thani Oruvan,Action,2015,5,12,1,196,0.97
USR_3667,MOV_5089,Don,Comedy,2022,5,12,1,156,0.93
USR_3938,MOV_5167,Maanaadu,Sci-Fi,2021,4.5,21,1,190,0.71
USR_4135,MOV_5173,Kaithi,Action,2019,5,20,1,197,0.95
USR_3398,MOV_5152,Garudan,Drama,2024,5,22,1,163,0.82
USR_3770,MOV_5061,O Kadhal Kanmani,Romance,2015,4,9,1,81,0.33
USR_3855,MOV_5008,Kanguva 2,Action,2026,5,22,1,182,0.79
USR_4129,MOV_5191,Imaikkaa Nodigal,Thriller,2018,4,7,1,75,0.23
USR_3154,MOV_5067,Indru Netru Naalai,Sci-Fi,2015,2.5,2,0,49,-0.03
USR_4172,MOV_5099,Ayalaan,Sci-Fi,2024,4.5,20,0,160,0.88
USR_3900,MOV_5246,Love Insurance Kompany,Romance,2025,5,18,1,159,0.79
USR_3907,MOV_5234,Karnan,Drama,2021,3.5,11,1,73,0.56
USR_4092,MOV_5073,Thug Life,Action,2025,2,4,0,65,-0.3
USR_3433,MOV_5225,Theri,Action,2016,5,13,1,157,0.98
USR_4168,MOV_5197,Vikram Vedha,Thriller,2017,1,2,1,53,-0.41
USR_3568,MOV_5164,Kaaka Muttai,Drama,2015,2,2,0,19,0.01
USR_3958,MOV_5133,Viduthalai Part 1,Thriller,2023,2.5,4,0,45,-0.38
USR_3758,MOV_5207,Meiyazhagan,Drama,2024,2,0,0,7,0.11
USR_3961,MOV_5213,Ayalaan,Sci-Fi,2024,3.5,6,0,73,0.62
USR_3058,MOV_5064,Naanum Rowdy Dhaan,Comedy,2015,4.5,22,1,133,0.73
USR_3488,MOV_5239,Time Loop 2,Sci-Fi,2026,2.5,3,0,44,0.01
USR_3205,MOV_5060,Maharaja,Action,2024,4,6,0,91,0.39
USR_3644,MOV_5012,Vedalam,Action,2015,5,22,1,167,0.93
USR_3632,MOV_5017,Oh My Kadavule,Romance,2020,4,6,0,85,0.28
USR_3839,MOV_5238,Maanaadu,Sci-Fi,2021,4,7,1,115,0.35
USR_3704,MOV_5153,Maanaadu,Sci-Fi,2021,4,7,0,118,0.28
USR_3694,MOV_5223,Chitha,Thriller,2023,5,22,1,142,0.99
USR_3165,MOV_5195,Sita Ramam (Tamil),Romance,2022,2.5,0,0,50,-0.38
USR_3504,MOV_5206,Indru Netru Naalai,Sci-Fi,2015,4,11,1,130,0.28
USR_3307,MOV_5199,96,Romance,2018,5,20,1,183,0.89
USR_3290,MOV_5061,O Kadhal Kanmani,Romance,2015,5,15,1,132,0.93
USR_3761,MOV_5193,Kaaka Muttai,Drama,2015,4.5,20,1,167,0.94
USR_4031,MOV_5058,Soorarai Pottru,Drama,2020,2,0,0,60,0.18
USR_4023,MOV_5220,Asuran,Action,2019,2.5,4,0,55,-0.14
USR_3429,MOV_5095,Star,Romance,2024,4,9,1,119,0.44
USR_3827,MOV_5130,Oh My Kadavule,Romance,2020,5,16,1,159,0.96
USR_3320,MOV_5158,Classic Love Story,Romance,2026,3.5,5,0,108,0.39
USR_3786,MOV_5020,Vedalam,Action,2015,5,22,1,159,0.94
USR_3614,MOV_5236,Thug Life,Action,2025,2,1,0,41,0.12
USR_4002,MOV_5158,Classic Love Story,Romance,2026,4.5,18,1,197,0.93
USR_3699,MOV_5068,Jai Bhim,Drama,2021,4,7,1,119,0.32
USR_3814,MOV_5260,Tik Tik Tik,Sci-Fi,2018,5,24,1,131,0.81
USR_3402,MOV_5175,Star,Romance,2024,5,18,1,149,0.81
USR_3920,MOV_5192,SivaKartikeyan Next,Comedy,2025,1.5,2,0,36,0.17
USR_3029,MOV_5136,Project AI,Sci-Fi,2025,3.5,5,0,81,0.45
USR_3597,MOV_5219,Kadhalum Kadandhu Pogum,Romance,2016,4.5,12,1,191,0.8
USR_3084,MOV_5001,Fun Unlimited,Comedy,2026,4.5,19,1,136,0.8
USR_3228,MOV_5246,Love Insurance Kompany,Romance,2025,4.5,14,1,171,0.83
USR_3887,MOV_5105,Dhuruvangal Pathinaaru,Thriller,2016,5,20,1,134,0.87
USR_4041,MOV_5011,Fun Unlimited,Comedy,2026,4.5,21,1,186,0.96
USR_3962,MOV_5202,Lubber Pandhu,Drama,2024,3,0,0,13,-0.49
USR_3047,MOV_5151,Kaithi,Action,2019,5,15,1,167,0.73
USR_3321,MOV_5220,Asuran,Action,2019,4.5,19,1,192,0.82
USR_3613,MOV_5189,Thani Oruvan,Action,2015,4,6,1,72,0.66
USR_3951,MOV_5257,Joe,Romance,2023,5,14,1,185,0.81
USR_3047,MOV_5107,Indru Netru Naalai,Sci-Fi,2015,5,21,0,132,0.95
USR_3712,MOV_5078,2,Sci-Fi,2018,4.5,18,1,160,0.95
USR_3552,MOV_5042,Time Loop 2,Sci-Fi,2026,5,20,1,140,0.86
USR_3559,MOV_5164,Kaaka Muttai,Drama,2015,2.5,1,0,32,-0.09
USR_3279,MOV_5040,Comali,Comedy,2019,3,1,0,32,-0.33
USR_3322,MOV_5179,SivaKartikeyan Next,Comedy,2025,4.5,23,1,175,0.81
USR_3590,MOV_5027,Viduthalai Part 1,Thriller,2023,5,21,1,180,0.97
USR_4032,MOV_5270,Siren,Romance,2024,2,1,0,41,-0.39
USR_4053,MOV_5169,24,Sci-Fi,2016,3,0,0,43,-0.32
USR_3558,MOV_5173,Kaithi,Action,2019,3,1,1,27,-0.12
USR_3410,MOV_5280,Vettaiyan,Thriller,2024,5,13,1,133,0.92
USR_4147,MOV_5138,Kaaka Muttai,Drama,2015,2.5,3,1,20,-0.16
USR_3317,MOV_5099,Ayalaan,Sci-Fi,2024,2.5,0,0,18,-0.36
USR_3301,MOV_5107,Indru Netru Naalai,Sci-Fi,2015,4.5,19,1,132,0.82
USR_3878,MOV_5258,Hey Sinamika,Romance,2022,5,20,1,160,0.77
USR_3796,MOV_5169,24,Sci-Fi,2016,2.5,0,0,11,-0.16
USR_3135,MOV_5226,Coolie,Action,2025,4,11,1,99,0.56
USR_4155,MOV_5255,Oh My Kadavule,Romance,2020,5,16,1,174,0.72
USR_3516,MOV_5242,Imaikkaa Nodigal,Thriller,2018,5,19,1,167,0.97
USR_3127,MOV_5261,Love Today,Comedy,2022,5,22,1,135,0.93
USR_3061,MOV_5208,96,Romance,2018,4,6,0,94,0.65
USR_3780,MOV_5158,Classic Love Story,Romance,2026,4.5,13,1,183,0.84
USR_3533,MOV_5117,Amaran,Action,2024,3,3,0,36,-0.35
USR_4188,MOV_5066,Thani Oruvan,Action,2015,5,21,1,161,0.98
USR_3079,MOV_5229,Kabali,Action,2016,4,11,0,104,0.66
USR_4100,MOV_5073,Thug Life,Action,2025,2,3,0,65,-0.12
USR_3362,MOV_5213,Ayalaan,Sci-Fi,2024,5,17,1,155,0.72
USR_3765,MOV_5288,Time Loop 2,Sci-Fi,2026,4,5,0,85,0.45
USR_3277,MOV_5048,Amaran,Action,2024,4,11,0,126,0.57
USR_3909,MOV_5101,Maanaadu,Sci-Fi,2021,3,2,0,28,-0.46
USR_3809,MOV_5186,Kottukaali,Drama,2024,3,4,0,44,0
USR_3428,MOV_5064,Naanum Rowdy Dhaan,Comedy,2015,5,21,1,170,0.82
USR_3309,MOV_5108,Ratsasan,Thriller,2018,3,0,0,34,-0.08
USR_3242,MOV_5269,Tik Tik Tik,Sci-Fi,2018,4.5,20,1,167,0.7
USR_3135,MOV_5123,Thiruchitrambalam,Romance,2022,5,16,1,185,0.79
USR_4159,MOV_5244,Raayan,Action,2024,3.5,9,0,108,0.29
USR_3555,MOV_5180,Master,Action,2021,5,14,1,135,0.97
USR_3452,MOV_5225,Theri,Action,2016,2,1,0,56,0.11
USR_3657,MOV_5154,Siren,Romance,2024,4,10,0,81,0.32
USR_3756,MOV_5002,Hey Sinamika,Romance,2022,2.5,2,0,59,-0.02
USR_3606,MOV_5248,Ayalaan,Sci-Fi,2024,5,20,1,198,0.94
USR_3619,MOV_5273,Dhuruvangal Pathinaaru,Thriller,2016,1,3,1,38,-0.18
USR_3792,MOV_5011,Fun Unlimited,Comedy,2026,5,19,1,139,0.91
USR_3272,MOV_5016,Oh My Kadavule,Romance,2020,5,16,1,171,1
USR_3651,MOV_5025,Kaithi,Action,2019,2,0,0,59,-0.11
USR_4117,MOV_5282,Viduthalai Part 2,Thriller,2025,5,18,1,174,0.86
USR_3641,MOV_5282,Viduthalai Part 2,Thriller,2025,1,0,0,30,-0.37
USR_3416,MOV_5157,Mari Selvaraj Next,Drama,2026,2,0,0,10,-0.12
USR_3788,MOV_5027,Viduthalai Part 1,Thriller,2023,4,9,1,110,0.4
USR_3110,MOV_5120,Game Over,Thriller,2019,1,0,0,12,0.08
USR_3765,MOV_5257,Joe,Romance,2023,1,0,0,24,-0.06
USR_3762,MOV_5103,Visaranai,Thriller,2015,5,15,1,158,0.85
USR_3584,MOV_5169,24,Sci-Fi,2016,4,8,1,78,0.4
USR_3300,MOV_5042,Time Loop 2,Sci-Fi,2026,5,19,1,133,0.86
USR_3406,MOV_5052,Chitha,Thriller,2023,5,13,1,187,0.78
USR_3708,MOV_5227,The GOAT,Action,2024,4,10,0,86,0.57
USR_4086,MOV_5136,Project AI,Sci-Fi,2025,5,23,1,142,0.81
USR_3131,MOV_5218,O Kadhal Kanmani,Romance,2015,3.5,7,1,112,0.59
USR_3860,MOV_5028,Doctor,Comedy,2021,5,17,1,189,0.74
USR_3196,MOV_5120,Game Over,Thriller,2019,2.5,4,0,52,-0.29
USR_3371,MOV_5209,LKG,Comedy,2019,3,0,0,33,-0.41
USR_4052,MOV_5260,Tik Tik Tik,Sci-Fi,2018,4,8,1,100,0.46
USR_3984,MOV_5149,Coolie,Action,2025,5,14,1,132,0.76
USR_3781,MOV_5270,Siren,Romance,2024,3.5,9,0,74,0.54
USR_3850,MOV_5029,Mari Selvaraj Next,Drama,2026,3,2,0,29,0.02
USR_3774,MOV_5030,Indru Netru Naalai,Sci-Fi,2015,2,3,0,58,0.16
USR_3303,MOV_5063,Star,Romance,2024,4,7,1,105,0.49
USR_3673,MOV_5160,Garudan,Drama,2024,2.5,2,0,28,0.14
USR_3158,MOV_5146,Visaranai,Thriller,2015,4,6,1,96,0.32
USR_3472,MOV_5220,Asuran,Action,2019,5,18,1,142,0.73
USR_4185,MOV_5088,Naanum Rowdy Dhaan,Comedy,2015,3.5,10,1,105,0.24
USR_3616,MOV_5101,Maanaadu,Sci-Fi,2021,3.5,11,0,92,0.47
USR_4063,MOV_5215,The investigative report,Thriller,2026,5,14,1,191,0.77
USR_3425,MOV_5002,Hey Sinamika,Romance,2022,5,13,1,131,0.97
USR_3761,MOV_5026,Classic Love Story,Romance,2026,2.5,3,0,48,-0.31
USR_3263,MOV_5149,Coolie,Action,2025,3.5,7,1,102,0.5
USR_3733,MOV_5163,Naanum Rowdy Dhaan,Comedy,2015,5,17,1,175,0.95
USR_3194,MOV_5058,Soorarai Pottru,Drama,2020,5,12,0,193,0.82
USR_3172,MOV_5134,Por Thozhil,Thriller,2023,3,1,0,21,-0.36
USR_3024,MOV_5178,Indru Netru Naalai,Sci-Fi,2015,5,16,1,139,0.91
USR_3106,MOV_5241,Ayalaan,Sci-Fi,2024,4,6,1,67,0.21
USR_3072,MOV_5084,Don,Comedy,2022,3.5,10,0,112,0.5
USR_3824,MOV_5199,96,Romance,2018,4.5,13,1,135,0.96
USR_3147,MOV_5195,Sita Ramam (Tamil),Romance,2022,2,0,0,18,-0.22
USR_3472,MOV_5128,Vetri Maaran Next,Action,2026,2,0,0,9,-0.02
USR_3191,MOV_5151,Kaithi,Action,2019,4,10,0,123,0.44
USR_3982,MOV_5030,Indru Netru Naalai,Sci-Fi,2015,4.5,21,1,155,0.78
USR_4166,MOV_5044,Joe,Romance,2023,3.5,5,1,93,0.5
USR_3028,MOV_5004,Amaran,Action,2024,2.5,1,0,15,-0.17
USR_3348,MOV_5178,Indru Netru Naalai,Sci-Fi,2015,1.5,3,0,37,0.05
USR_4088,MOV_5057,Garudan,Drama,2024,5,20,1,197,0.73
USR_4171,MOV_5251,Love Today,Comedy,2022,4.5,14,1,131,0.77
USR_4125,MOV_5211,Indru Netru Naalai,Sci-Fi,2015,3.5,7,1,92,0.25
USR_3149,MOV_5234,Karnan,Drama,2021,4,9,1,129,0.51
USR_3555,MOV_5157,Mari Selvaraj Next,Drama,2026,5,17,1,184,0.78
USR_3442,MOV_5009,96,Romance,2018,2.5,1,1,38,-0.25
USR_4108,MOV_5142,Kaaka Muttai,Drama,2015,4,10,0,70,0.67
USR_3666,MOV_5160,Garudan,Drama,2024,4,10,1,91,0.24
USR_3699,MOV_5242,Imaikkaa Nodigal,Thriller,2018,3.5,9,1,101,0.39
USR_3632,MOV_5020,Vedalam,Action,2015,4.5,24,1,131,0.9
USR_3019,MOV_5020,Vedalam,Action,2015,4,6,1,96,0.54
USR_3130,MOV_5279,Doctor,Comedy,2021,5,22,1,184,0.87
USR_4043,MOV_5178,Indru Netru Naalai,Sci-Fi,2015,4,8,1,128,0.2
USR_3758,MOV_5005,Maya,Thriller,2015,2.5,1,0,25,-0.26
USR_3046,MOV_5018,Lubber Pandhu,Drama,2024,5,24,1,168,0.92
USR_3010,MOV_5006,Rajinimurugan,Comedy,2016,3.5,9,1,85,0.48
USR_3149,MOV_5034,Indru Netru Naalai,Sci-Fi,2015,4.5,17,1,162,0.74
USR_3393,MOV_5063,Star,Romance,2024,1.5,1,1,57,-0.45
USR_3916,MOV_5112,Maanaadu,Sci-Fi,2021,4,11,1,104,0.49
USR_4030,MOV_5107,Indru Netru Naalai,Sci-Fi,2015,4.5,17,0,139,0.76
USR_3132,MOV_5067,Indru Netru Naalai,Sci-Fi,2015,5,13,1,154,0.85
USR_3423,MOV_5247,The investigative report,Thriller,2026,4.5,24,1,131,0.72
USR_3896,MOV_5287,Project AI,Sci-Fi,2025,2,0,0,23,-0.34
USR_3208,MOV_5057,Garudan,Drama,2024,2.5,1,0,27,-0.49
USR_3271,MOV_5145,Time Loop 2,Sci-Fi,2026,5,22,1,188,0.93
USR_4153,MOV_5012,Vedalam,Action,2015,4,8,1,114,0.46
USR_3970,MOV_5168,Karnan,Drama,2021,4,7,0,126,0.37
USR_3148,MOV_5009,96,Romance,2018,3.5,7,1,111,0.56
USR_3920,MOV_5036,Tik Tik Tik,Sci-Fi,2018,4,7,1,72,0.48
USR_3964,MOV_5123,Thiruchitrambalam,Romance,2022,4,11,0,104,0.57
USR_3728,MOV_5196,Naanum Rowdy Dhaan,Comedy,2015,3,2,1,25,0.06
USR_3807,MOV_5006,Rajinimurugan,Comedy,2016,5,18,1,196,0.74
USR_3683,MOV_5286,Vettaiyan,Thriller,2024,5,16,1,191,0.88
USR_3571,MOV_5145,Time Loop 2,Sci-Fi,2026,4,6,0,71,0.47
USR_3230,MOV_5037,96,Romance,2018,2,1,0,22,-0.05
USR_3037,MOV_5046,Soorarai Pottru,Drama,2020,2.5,1,1,8,0.15
USR_3440,MOV_5197,Vikram Vedha,Thriller,2017,2,3,0,9,-0.33
USR_3556,MOV_5064,Naanum Rowdy Dhaan,Comedy,2015,4,9,1,80,0.31
USR_3195,MOV_5143,Chitha,Thriller,2023,5,24,1,174,0.72
USR_3391,MOV_5044,Joe,Romance,2023,3.5,9,0,87,0.38
USR_3129,MOV_5098,Game Over,Thriller,2019,4.5,18,1,157,0.81
USR_3911,MOV_5202,Lubber Pandhu,Drama,2024,4,11,0,103,0.49
USR_4153,MOV_5024,Jailer,Action,2023,1.5,1,0,16,-0.14
USR_3707,MOV_5213,Ayalaan,Sci-Fi,2024,1,3,0,15,0.08
USR_3011,MOV_5019,Fun Unlimited,Comedy,2026,5,23,0,183,0.83
USR_4122,MOV_5157,Mari Selvaraj Next,Drama,2026,5,15,1,194,0.75
USR_3923,MOV_5227,The GOAT,Action,2024,5,20,0,141,0.81
USR_3818,MOV_5095,Star,Romance,2024,3.5,6,0,104,0.28
USR_4053,MOV_5068,Jai Bhim,Drama,2021,4,9,0,74,0.53
USR_3518,MOV_5175,Star,Romance,2024,4,8,1,113,0.68
USR_3635,MOV_5123,Thiruchitrambalam,Romance,2022,4,8,1,115,0.46
USR_3340,MOV_5123,Thiruchitrambalam,Romance,2022,2.5,4,0,12,0.01
USR_3516,MOV_5075,Doctor,Comedy,2021,2,4,0,49,-0.4
USR_3810,MOV_5159,Vikram,Action,2022,3,3,0,61,-0.32
USR_3643,MOV_5153,Maanaadu,Sci-Fi,2021,5,15,1,157,0.86
USR_3815,MOV_5219,Kadhalum Kadandhu Pogum,Romance,2016,4.5,23,1,183,0.79
USR_3803,MOV_5242,Imaikkaa Nodigal,Thriller,2018,3,2,0,39,-0.1
USR_3406,MOV_5004,Amaran,Action,2024,4,11,1,115,0.53
USR_3639,MOV_5033,2,Sci-Fi,2018,5,20,1,185,0.78
USR_3216,MOV_5262,24,Sci-Fi,2016,3.5,11,0,117,0.38
USR_3344,MOV_5267,Time Loop 2,Sci-Fi,2026,4,10,1,67,0.58
USR_3885,MOV_5189,Thani Oruvan,Action,2015,1.5,0,0,51,-0.09
USR_3656,MOV_5250,Visaranai,Thriller,2015,5,17,1,188,0.87
USR_3995,MOV_5251,Love Today,Comedy,2022,3,4,0,14,0
USR_3577,MOV_5195,Sita Ramam (Tamil),Romance,2022,4,7,1,98,0.56
USR_3034,MOV_5116,Ayalaan,Sci-Fi,2024,5,18,1,168,0.81
USR_3234,MOV_5195,Sita Ramam (Tamil),Romance,2022,4,8,1,68,0.35
USR_3492,MOV_5078,2,Sci-Fi,2018,3,4,0,61,-0.29
USR_4172,MOV_5168,Karnan,Drama,2021,2,2,0,30,-0.42
USR_4180,MOV_5082,Vikram Vedha,Thriller,2017,4,7,0,96,0.27
USR_3443,MOV_5243,Star,Romance,2024,1,3,1,52,-0.27
USR_3411,MOV_5211,Indru Netru Naalai,Sci-Fi,2015,5,21,1,141,0.78
USR_3934,MOV_5242,Imaikkaa Nodigal,Thriller,2018,3.5,11,1,100,0.24
USR_4003,MOV_5028,Doctor,Comedy,2021,3.5,8,1,77,0.25
USR_3283,MOV_5185,Love Today,Comedy,2022,5,20,1,191,0.87
USR_4070,MOV_5286,Vettaiyan,Thriller,2024,2.5,3,0,27,-0.43
USR_4094,MOV_5014,Viduthalai Part 2,Thriller,2025,5,19,1,192,0.97
USR_3336,MOV_5208,96,Romance,2018,4,5,0,110,0.38
USR_3862,MOV_5121,Amaran,Action,2024,2,2,0,38,-0.06
USR_3264,MOV_5124,2,Sci-Fi,2018,5,14,1,137,0.73
USR_3232,MOV_5216,Classic Love Story,Romance,2026,2.5,0,1,44,-0.46
USR_3239,MOV_5211,Indru Netru Naalai,Sci-Fi,2015,3.5,10,0,81,0.29
USR_3451,MOV_5206,Indru Netru Naalai,Sci-Fi,2015,3,0,1,45,-0.38
USR_4025,MOV_5283,Tik Tik Tik,Sci-Fi,2018,5,18,1,194,0.92
USR_3686,MOV_5014,Viduthalai Part 2,Thriller,2025,5,13,1,161,0.92
USR_4138,MOV_5004,Amaran,Action,2024,4,6,0,120,0.6
USR_3297,MOV_5195,Sita Ramam (Tamil),Romance,2022,4.5,21,1,171,0.71
USR_3774,MOV_5043,Thani Oruvan,Action,2015,4.5,17,1,142,0.81
USR_3737,MOV_5254,Indru Netru Naalai,Sci-Fi,2015,5,20,1,133,0.86
USR_3059,MOV_5016,Oh My Kadavule,Romance,2020,5,12,1,187,0.97
USR_3781,MOV_5173,Kaithi,Action,2019,3,3,0,45,-0.24
USR_3405,MOV_5190,Amaran,Action,2024,4,10,0,74,0.32
USR_3659,MOV_5112,Maanaadu,Sci-Fi,2021,4,7,0,95,0.21
USR_3316,MOV_5028,Doctor,Comedy,2021,4.5,24,1,142,0.8
USR_4130,MOV_5004,Amaran,Action,2024,4,7,0,91,0.27
USR_4093,MOV_5052,Chitha,Thriller,2023,5,19,1,133,0.72
USR_3403,MOV_5210,O Kadhal Kanmani,Romance,2015,4.5,19,1,140,0.89
USR_3544,MOV_5248,Ayalaan,Sci-Fi,2024,4,10,1,75,0.48
USR_4002,MOV_5169,24,Sci-Fi,2016,5,13,1,135,0.94
USR_4136,MOV_5134,Por Thozhil,Thriller,2023,3,0,0,45,-0.26
USR_3650,MOV_5179,SivaKartikeyan Next,Comedy,2025,2,1,0,21,0.13
USR_3664,MOV_5099,Ayalaan,Sci-Fi,2024,4.5,22,1,179,0.74
USR_3736,MOV_5054,Kottukaali,Drama,2024,4,7,1,117,0.55
USR_3678,MOV_5229,Kabali,Action,2016,4.5,15,1,142,0.82
USR_3089,MOV_5124,2,Sci-Fi,2018,4,6,0,76,0.65
USR_3268,MOV_5207,Meiyazhagan,Drama,2024,3.5,5,1,118,0.63
USR_3255,MOV_5144,Ratsasan,Thriller,2018,3.5,7,0,80,0.6
USR_3240,MOV_5239,Time Loop 2,Sci-Fi,2026,4,9,1,67,0.45
USR_3538,MOV_5142,Kaaka Muttai,Drama,2015,2.5,0,0,5,-0.05
USR_3480,MOV_5207,Meiyazhagan,Drama,2024,5,14,1,184,0.9
USR_3215,MOV_5242,Imaikkaa Nodigal,Thriller,2018,5,21,1,173,0.86
USR_4197,MOV_5048,Amaran,Action,2024,5,22,1,179,0.77
USR_3875,MOV_5188,Kottukaali,Drama,2024,5,22,1,149,0.71
USR_3264,MOV_5084,Don,Comedy,2022,4,10,1,126,0.63
USR_3179,MOV_5227,The GOAT,Action,2024,5,21,1,182,0.85
USR_3642,MOV_5148,Imaikkaa Nodigal,Thriller,2018,3.5,6,0,84,0.59
USR_3172,MOV_5174,Time Loop 2,Sci-Fi,2026,1.5,3,0,41,-0.39
USR_3454,MOV_5182,Thug Life,Action,2025,2.5,3,1,50,0.05
USR_4103,MOV_5269,Tik Tik Tik,Sci-Fi,2018,5,22,0,179,0.84
USR_3680,MOV_5280,Vettaiyan,Thriller,2024,3,4,0,15,0.11
USR_4111,MOV_5148,Imaikkaa Nodigal,Thriller,2018,2.5,4,0,15,-0.41
USR_3836,MOV_5164,Kaaka Muttai,Drama,2015,3,1,0,29,-0.19
USR_3666,MOV_5062,Hit List,Thriller,2024,4,7,1,68,0.38
USR_3207,MOV_5138,Kaaka Muttai,Drama,2015,2,4,1,21,-0.22
USR_3016,MOV_5229,Kabali,Action,2016,2,4,0,45,-0.39
USR_3120,MOV_5177,Jailer,Action,2023,5,17,1,141,0.97
USR_3123,MOV_5055,2,Sci-Fi,2018,2.5,0,1,44,-0.07
USR_3976,MOV_5039,Kaaka Muttai,Drama,2015,2.5,1,1,57,-0.33
USR_3718,MOV_5049,Asuran,Action,2019,1,0,0,20,-0.32
USR_3152,MOV_5107,Indru Netru Naalai,Sci-Fi,2015,2,3,0,47,-0.01
USR_3353,MOV_5147,Ayalaan,Sci-Fi,2024,3,1,0,8,0.01
USR_3643,MOV_5287,Project AI,Sci-Fi,2025,5,17,1,191,0.88
USR_3833,MOV_5213,Ayalaan,Sci-Fi,2024,2,2,0,35,0.16
USR_3963,MOV_5105,Dhuruvangal Pathinaaru,Thriller,2016,4.5,17,1,184,0.7
USR_3295,MOV_5193,Kaaka Muttai,Drama,2015,4,8,1,113,0.3
USR_3021,MOV_5080,Thug Life,Action,2025,3,3,0,57,0.08
USR_3754,MOV_5111,Soorarai Pottru,Drama,2020,4,11,1,120,0.27
USR_3511,MOV_5204,Lubber Pandhu,Drama,2024,1,0,0,30,-0.19
USR_3154,MOV_5255,Oh My Kadavule,Romance,2020,4,9,0,90,0.38
USR_3332,MOV_5212,Chitha,Thriller,2023,2.5,2,0,13,-0.02
USR_4097,MOV_5212,Chitha,Thriller,2023,4,10,0,70,0.35
USR_3621,MOV_5253,Love Today,Comedy,2022,1,3,0,37,-0.26
USR_3897,MOV_5139,Dhuruvangal Pathinaaru,Thriller,2016,2.5,4,0,10,0.07
USR_3253,MOV_5239,Time Loop 2,Sci-Fi,2026,1,0,0,27,-0.26
USR_3781,MOV_5033,2,Sci-Fi,2018,3,3,0,16,-0.25
USR_3148,MOV_5165,Amaran,Action,2024,5,16,1,137,0.94
USR_4035,MOV_5114,Tik Tik Tik,Sci-Fi,2018,1.5,3,1,24,-0.01
USR_3992,MOV_5188,Kottukaali,Drama,2024,2.5,0,1,18,-0.31
USR_3599,MOV_5089,Don,Comedy,2022,4,6,1,79,0.48
USR_4067,MOV_5271,Mari Selvaraj Next,Drama,2026,2.5,2,0,45,0.14
USR_3230,MOV_5255,Oh My Kadavule,Romance,2020,3.5,9,0,128,0.61
USR_3614,MOV_5070,Jai Bhim,Drama,2021,3.5,6,0,128,0.41
USR_3797,MOV_5023,Vedalam,Action,2015,5,21,1,141,0.85
USR_4083,MOV_5281,Viduthalai Part 2,Thriller,2025,4,11,1,117,0.24
USR_3313,MOV_5039,Kaaka Muttai,Drama,2015,4.5,12,1,136,0.98
USR_3209,MOV_5072,Comali,Comedy,2019,4,8,0,79,0.28
USR_3769,MOV_5178,Indru Netru Naalai,Sci-Fi,2015,4.5,12,1,173,0.82
USR_3913,MOV_5007,Viduthalai Part 1,Thriller,2023,1,0,0,32,0.04
USR_3539,MOV_5175,Star,Romance,2024,3.5,6,1,112,0.36
USR_3197,MOV_5086,Project AI,Sci-Fi,2025,2.5,3,0,10,-0.3
USR_4157,MOV_5285,Master,Action,2021,5,17,1,137,0.89
USR_3069,MOV_5239,Time Loop 2,Sci-Fi,2026,4,10,0,80,0.23
USR_3073,MOV_5256,Garudan,Drama,2024,2.5,3,0,62,-0.42
USR_3822,MOV_5289,Vada Chennai,Action,2018,4.5,14,1,151,0.71
USR_4013,MOV_5032,Dhruva Natchathiram,Thriller,2025,5,14,1,185,0.96
USR_3600,MOV_5225,Theri,Action,2016,4,5,0,119,0.22
USR_3259,MOV_5095,Star,Romance,2024,5,22,1,197,0.88
USR_3151,MOV_5245,Hey Sinamika,Romance,2022,2.5,2,1,45,0.11
USR_3286,MOV_5058,Soorarai Pottru,Drama,2020,5,23,1,192,0.87
USR_4063,MOV_5239,Time Loop 2,Sci-Fi,2026,3.5,9,0,116,0.44
USR_3075,MOV_5112,Maanaadu,Sci-Fi,2021,2.5,2,0,43,0.08
USR_4020,MOV_5075,Doctor,Comedy,2021,2,1,0,37,-0.3
USR_3288,MOV_5234,Karnan,Drama,2021,5,15,1,166,0.98
USR_3725,MOV_5215,The investigative report,Thriller,2026,5,21,1,153,0.83
USR_3668,MOV_5131,2,Sci-Fi,2018,2,3,0,40,-0.01
USR_3346,MOV_5183,Vaadivaasal,Drama,2025,2.5,0,0,42,-0.03
USR_3940,MOV_5030,Indru Netru Naalai,Sci-Fi,2015,4,9,0,99,0.27
USR_3042,MOV_5278,Raayan,Action,2024,4,8,0,103,0.62
USR_3379,MOV_5100,Vikram Vedha,Thriller,2017,4,5,1,85,0.21
USR_3005,MOV_5252,2,Sci-Fi,2018,4,5,1,71,0.39
USR_3305,MOV_5014,Viduthalai Part 2,Thriller,2025,5,13,1,139,0.9
USR_3717,MOV_5186,Kottukaali,Drama,2024,3,0,0,36,-0.49
USR_3486,MOV_5071,Dhruva Natchathiram,Thriller,2025,4,10,0,91,0.22
USR_4196,MOV_5121,Amaran,Action,2024,3.5,11,1,86,0.48
USR_3553,MOV_5054,Kottukaali,Drama,2024,1,3,0,55,-0.24
USR_3761,MOV_5168,Karnan,Drama,2021,3,2,0,35,-0.42
USR_4121,MOV_5267,Time Loop 2,Sci-Fi,2026,5,19,1,133,0.99
USR_3930,MOV_5236,Thug Life,Action,2025,4,5,1,126,0.56
USR_3334,MOV_5142,Kaaka Muttai,Drama,2015,2,0,0,55,0.02
USR_3387,MOV_5060,Maharaja,Action,2024,2.5,3,0,40,-0.41
USR_3785,MOV_5067,Indru Netru Naalai,Sci-Fi,2015,2.5,0,0,22,-0.46
USR_4054,MOV_5003,Jai Bhim,Drama,2021,5,18,1,197,0.8
USR_3182,MOV_5117,Amaran,Action,2024,3.5,8,1,116,0.48
USR_3872,MOV_5008,Kanguva 2,Action,2026,2,4,0,60,-0.29
USR_3505,MOV_5097,Sita Ramam (Tamil),Romance,2022,2.5,2,0,56,-0.27
USR_3285,MOV_5049,Asuran,Action,2019,5,23,1,166,0.93
USR_3037,MOV_5193,Kaaka Muttai,Drama,2015,4,6,0,98,0.37
USR_3591,MOV_5279,Doctor,Comedy,2021,3.5,10,1,77,0.66
USR_3235,MOV_5274,Asuran,Action,2019,5,22,1,188,0.78
USR_3286,MOV_5156,Kottukaali,Drama,2024,4.5,17,1,151,0.96
USR_3684,MOV_5147,Ayalaan,Sci-Fi,2024,4,5,0,105,0.21
USR_3670,MOV_5269,Tik Tik Tik,Sci-Fi,2018,4,5,1,78,0.26
USR_3379,MOV_5209,LKG,Comedy,2019,2,2,0,11,-0.01
USR_3443,MOV_5096,Dhruva Natchathiram,Thriller,2025,4,10,1,112,0.47
USR_3117,MOV_5125,Hit List,Thriller,2024,5,12,1,139,0.72
USR_3898,MOV_5284,Ratsasan,Thriller,2018,3.5,6,0,102,0.53
USR_4056,MOV_5091,Tik Tik Tik,Sci-Fi,2018,5,19,1,173,0.72
USR_3262,MOV_5123,Thiruchitrambalam,Romance,2022,4,7,1,114,0.67
USR_3134,MOV_5285,Master,Action,2021,2,1,0,5,0.11
USR_3291,MOV_5022,Classic Love Story,Romance,2026,5,23,1,187,0.99
USR_4192,MOV_5248,Ayalaan,Sci-Fi,2024,3.5,11,1,71,0.68
USR_3345,MOV_5038,O Kadhal Kanmani,Romance,2015,1,1,0,13,-0.27
USR_3073,MOV_5045,Vettaiyan,Thriller,2024,3.5,9,0,128,0.6
USR_3733,MOV_5096,Dhruva Natchathiram,Thriller,2025,5,14,1,175,0.85
USR_3378,MOV_5025,Kaithi,Action,2019,5,17,1,187,0.87
USR_3700,MOV_5182,Thug Life,Action,2025,5,16,1,145,0.77
USR_3966,MOV_5243,Star,Romance,2024,4,11,1,117,0.4
USR_3947,MOV_5202,Lubber Pandhu,Drama,2024,1.5,4,0,17,0.11
USR_4113,MOV_5205,Conjuring Kannappan,Comedy,2023,4.5,23,1,159,0.77
USR_3464,MOV_5275,Love Today,Comedy,2022,4.5,14,1,169,0.72
USR_3004,MOV_5203,Lubber Pandhu,Drama,2024,4.5,24,1,192,0.93
USR_4144,MOV_5064,Naanum Rowdy Dhaan,Comedy,2015,2,2,0,43,0.07
USR_4151,MOV_5132,Indru Netru Naalai,Sci-Fi,2015,4,10,1,80,0.36
USR_3571,MOV_5035,Ayalaan,Sci-Fi,2024,5,21,1,187,0.74
USR_3924,MOV_5041,Thani Oruvan,Action,2015,4.5,19,1,195,0.76
USR_4150,MOV_5213,Ayalaan,Sci-Fi,2024,2.5,1,0,24,-0.21
USR_3652,MOV_5040,Comali,Comedy,2019,1.5,4,1,5,0.16
USR_4165,MOV_5263,Kottukaali,Drama,2024,1,1,0,21,-0.39
USR_3423,MOV_5150,Maya,Thriller,2015,4.5,23,1,150,1
USR_3677,MOV_5022,Classic Love Story,Romance,2026,5,12,1,152,0.96
USR_3092,MOV_5234,Karnan,Drama,2021,4.5,23,1,186,0.8
USR_3943,MOV_5202,Lubber Pandhu,Drama,2024,4,6,0,99,0.47
USR_3511,MOV_5074,Conjuring Kannappan,Comedy,2023,5,17,1,153,0.87
USR_3023,MOV_5287,Project AI,Sci-Fi,2025,5,23,1,154,0.93
USR_4154,MOV_5066,Thani Oruvan,Action,2015,4,8,1,108,0.31
USR_3174,MOV_5178,Indru Netru Naalai,Sci-Fi,2015,3.5,7,1,67,0.27
USR_3660,MOV_5097,Sita Ramam (Tamil),Romance,2022,5,16,1,177,0.72
USR_3474,MOV_5176,LKG,Comedy,2019,3.5,10,1,71,0.61
USR_4059,MOV_5249,Kaithi,Action,2019,4.5,15,0,162,0.76
USR_3774,MOV_5108,Ratsasan,Thriller,2018,5,21,1,198,0.86
USR_3783,MOV_5196,Naanum Rowdy Dhaan,Comedy,2015,4.5,14,1,189,0.81
USR_3884,MOV_5139,Dhuruvangal Pathinaaru,Thriller,2016,4,5,0,97,0.42
USR_3624,MOV_5032,Dhruva Natchathiram,Thriller,2025,2.5,2,0,39,-0.29
USR_3402,MOV_5178,Indru Netru Naalai,Sci-Fi,2015,5,18,1,196,0.84
USR_3905,MOV_5070,Jai Bhim,Drama,2021,2.5,4,0,58,-0.26
USR_3064,MOV_5103,Visaranai,Thriller,2015,3.5,7,1,107,0.63
USR_3654,MOV_5159,Vikram,Action,2022,4.5,18,1,138,0.71
USR_3258,MOV_5179,SivaKartikeyan Next,Comedy,2025,4.5,20,1,132,0.82
USR_3438,MOV_5146,Visaranai,Thriller,2015,2,4,0,60,-0.23
USR_3267,MOV_5205,Conjuring Kannappan,Comedy,2023,5,16,1,147,0.86
USR_3051,MOV_5264,Imaikkaa Nodigal,Thriller,2018,4,9,0,105,0.43
USR_3472,MOV_5042,Time Loop 2,Sci-Fi,2026,4,5,0,82,0.35
USR_3607,MOV_5219,Kadhalum Kadandhu Pogum,Romance,2016,4,7,1,76,0.31
USR_3966,MOV_5076,Viduthalai Part 1,Thriller,2023,4,8,1,120,0.51
USR_3742,MOV_5287,Project AI,Sci-Fi,2025,2,4,0,50,-0.11
USR_3158,MOV_5160,Garudan,Drama,2024,2,1,0,64,-0.29
USR_3476,MOV_5016,Oh My Kadavule,Romance,2020,5,18,1,173,0.9
USR_3467,MOV_5121,Amaran,Action,2024,2,1,1,54,-0.14
USR_3997,MOV_5075,Doctor,Comedy,2021,5,15,1,183,0.88
USR_3502,MOV_5042,Time Loop 2,Sci-Fi,2026,5,14,1,180,0.8
USR_3507,MOV_5264,Imaikkaa Nodigal,Thriller,2018,3,1,0,31,0.17
USR_3366,MOV_5283,Tik Tik Tik,Sci-Fi,2018,4,11,0,73,0.33
USR_3995,MOV_5222,Vikram Vedha,Thriller,2017,4.5,23,1,139,0.96
USR_3639,MOV_5072,Comali,Comedy,2019,2.5,2,0,39,0.02
USR_3816,MOV_5221,Hey Sinamika,Romance,2022,1,3,0,10,0.18
USR_3878,MOV_5008,Kanguva 2,Action,2026,5,12,0,196,0.91
USR_3041,MOV_5198,Tik Tik Tik,Sci-Fi,2018,4,11,1,99,0.35
USR_3856,MOV_5232,Dhuruvangal Pathinaaru,Thriller,2016,2,2,0,41,-0.17
USR_3390,MOV_5281,Viduthalai Part 2,Thriller,2025,5,13,1,147,0.87
USR_3525,MOV_5016,Oh My Kadavule,Romance,2020,2,2,0,30,-0.31
USR_3677,MOV_5274,Asuran,Action,2019,5,24,0,147,0.79
USR_3832,MOV_5128,Vetri Maaran Next,Action,2026,5,12,1,179,0.93
USR_3577,MOV_5008,Kanguva 2,Action,2026,2,2,0,17,0.08
USR_3941,MOV_5193,Kaaka Muttai,Drama,2015,5,12,1,172,0.91
USR_3209,MOV_5070,Jai Bhim,Drama,2021,4.5,20,1,148,0.94
USR_3479,MOV_5289,Vada Chennai,Action,2018,3.5,11,0,123,0.57
USR_3742,MOV_5100,Vikram Vedha,Thriller,2017,3.5,8,1,97,0.64
USR_3935,MOV_5056,Fun Unlimited,Comedy,2026,3,0,0,9,-0.22
USR_3199,MOV_5212,Chitha,Thriller,2023,4,9,0,122,0.34
USR_3897,MOV_5167,Maanaadu,Sci-Fi,2021,2,0,1,61,0.04
USR_3550,MOV_5213,Ayalaan,Sci-Fi,2024,1.5,2,0,18,-0.37
USR_4137,MOV_5188,Kottukaali,Drama,2024,1.5,2,0,47,-0.44
USR_3787,MOV_5052,Chitha,Thriller,2023,2.5,1,0,7,-0.27
USR_3691,MOV_5126,Visaranai,Thriller,2015,2,1,0,26,-0.31
USR_3398,MOV_5229,Kabali,Action,2016,2.5,2,0,13,-0.21
USR_3301,MOV_5064,Naanum Rowdy Dhaan,Comedy,2015,3,4,0,14,-0.18
USR_4145,MOV_5267,Time Loop 2,Sci-Fi,2026,2,0,0,52,-0.15
USR_4096,MOV_5139,Dhuruvangal Pathinaaru,Thriller,2016,2.5,3,0,34,-0.36
USR_4035,MOV_5044,Joe,Romance,2023,3.5,6,1,66,0.69
USR_4117,MOV_5097,Sita Ramam (Tamil),Romance,2022,5,21,1,146,0.94
USR_4146,MOV_5270,Siren,Romance,2024,4.5,15,1,191,0.83
USR_3194,MOV_5129,Naanum Rowdy Dhaan,Comedy,2015,5,22,1,183,0.72
USR_4058,MOV_5099,Ayalaan,Sci-Fi,2024,4,8,0,88,0.42
USR_4056,MOV_5196,Naanum Rowdy Dhaan,Comedy,2015,4,11,1,87,0.38
USR_3737,MOV_5221,Hey Sinamika,Romance,2022,4,6,0,73,0.5
USR_4135,MOV_5280,Vettaiyan,Thriller,2024,5,12,1,195,0.73
USR_3579,MOV_5188,Kottukaali,Drama,2024,2,3,1,53,-0.35
USR_4090,MOV_5132,Indru Netru Naalai,Sci-Fi,2015,4,7,1,118,0.57
USR_3054,MOV_5138,Kaaka Muttai,Drama,2015,4,8,1,82,0.38
USR_3803,MOV_5208,96,Romance,2018,4,5,0,108,0.43
USR_3306,MOV_5057,Garudan,Drama,2024,4,10,0,74,0.6
USR_3777,MOV_5032,Dhruva Natchathiram,Thriller,2025,4,9,0,87,0.45
USR_4069,MOV_5141,Vetri Maaran Next,Action,2026,4,5,1,96,0.68
USR_3885,MOV_5281,Viduthalai Part 2,Thriller,2025,5,17,1,146,0.72
USR_4015,MOV_5077,Por Thozhil,Thriller,2023,5,18,1,186,0.88
USR_3007,MOV_5122,Maanaadu,Sci-Fi,2021,2,2,0,36,-0.15
USR_3109,MOV_5249,Kaithi,Action,2019,3,4,0,24,0.11
USR_4045,MOV_5225,Theri,Action,2016,2,2,0,10,0.05
USR_3002,MOV_5110,Maanaadu,Sci-Fi,2021,5,16,1,176,0.9
USR_3241,MOV_5040,Comali,Comedy,2019,4.5,14,1,187,0.95
USR_4183,MOV_5230,Vada Chennai,Action,2018,5,16,1,179,0.75
USR_3923,MOV_5024,Jailer,Action,2023,1,2,0,16,-0.07
USR_3330,MOV_5145,Time Loop 2,Sci-Fi,2026,3,0,0,55,0.11
USR_3024,MOV_5023,Vedalam,Action,2015,4,10,1,93,0.35
USR_3298,MOV_5010,Tik Tik Tik,Sci-Fi,2018,4,10,1,85,0.46
USR_3548,MOV_5231,The investigative report,Thriller,2026,1,0,0,58,0.19
USR_3705,MOV_5127,Vada Chennai,Action,2018,5,17,1,197,0.7
USR_3751,MOV_5073,Thug Life,Action,2025,2.5,3,0,59,-0.48
USR_4088,MOV_5268,Dada,Comedy,2023,2.5,4,0,16,-0.37
USR_3926,MOV_5018,Lubber Pandhu,Drama,2024,5,20,0,154,0.93
USR_3726,MOV_5254,Indru Netru Naalai,Sci-Fi,2015,3,1,0,18,-0.34
USR_3567,MOV_5032,Dhruva Natchathiram,Thriller,2025,2.5,2,0,59,-0.23
USR_4103,MOV_5166,Vettaiyan,Thriller,2024,1.5,4,0,49,-0.06
USR_4155,MOV_5042,Time Loop 2,Sci-Fi,2026,2,2,0,40,0.09
USR_4176,MOV_5214,Peranbu,Drama,2018,4,10,0,119,0.59
USR_3907,MOV_5208,96,Romance,2018,2.5,0,0,19,0.13
USR_4110,MOV_5167,Maanaadu,Sci-Fi,2021,5,13,1,138,0.77
USR_3134,MOV_5124,2,Sci-Fi,2018,2.5,3,0,18,-0.37
USR_3727,MOV_5070,Jai Bhim,Drama,2021,4,10,0,106,0.6
USR_3035,MOV_5114,Tik Tik Tik,Sci-Fi,2018,3,3,0,59,-0.23
USR_3006,MOV_5139,Dhuruvangal Pathinaaru,Thriller,2016,2.5,4,0,31,-0.45
USR_3470,MOV_5223,Chitha,Thriller,2023,5,16,1,138,0.72
USR_3844,MOV_5241,Ayalaan,Sci-Fi,2024,4,7,0,96,0.58
USR_3982,MOV_5144,Ratsasan,Thriller,2018,5,16,1,148,0.74
USR_3120,MOV_5103,Visaranai,Thriller,2015,5,14,1,157,0.83
USR_3917,MOV_5029,Mari Selvaraj Next,Drama,2026,5,17,1,146,0.86
USR_3258,MOV_5209,LKG,Comedy,2019,4,9,0,85,0.62
USR_3865,MOV_5084,Don,Comedy,2022,4,9,0,102,0.3
USR_3871,MOV_5276,Kadaisi Vivasayi,Drama,2022,5,15,1,194,0.83
USR_3709,MOV_5141,Vetri Maaran Next,Action,2026,5,23,1,195,0.81
USR_4006,MOV_5193,Kaaka Muttai,Drama,2015,3.5,9,1,90,0.55
USR_3944,MOV_5164,Kaaka Muttai,Drama,2015,4,11,0,105,0.37
USR_3227,MOV_5184,Mookuthi Amman,Comedy,2020,4,5,1,124,0.58
USR_3240,MOV_5014,Viduthalai Part 2,Thriller,2025,5,14,1,140,0.79
USR_3242,MOV_5055,2,Sci-Fi,2018,5,20,1,151,0.95
USR_3120,MOV_5044,Joe,Romance,2023,2.5,0,0,39,-0.4
USR_3454,MOV_5161,Good Night,Comedy,2023,3.5,8,0,112,0.45
USR_3701,MOV_5208,96,Romance,2018,4,8,0,79,0.21
USR_3490,MOV_5184,Mookuthi Amman,Comedy,2020,4,11,1,92,0.21
USR_3556,MOV_5044,Joe,Romance,2023,5,23,1,198,0.94
USR_3178,MOV_5160,Garudan,Drama,2024,4.5,23,1,165,0.93
USR_3615,MOV_5266,Hit List,Thriller,2024,5,16,1,168,0.94
USR_3176,MOV_5245,Hey Sinamika,Romance,2022,4,9,1,80,0.23
USR_4048,MOV_5220,Asuran,Action,2019,4,5,1,114,0.54
USR_3311,MOV_5086,Project AI,Sci-Fi,2025,1.5,2,0,20,-0.02
USR_3896,MOV_5045,Vettaiyan,Thriller,2024,3.5,9,0,128,0.28
USR_3733,MOV_5102,Joe,Romance,2023,2,1,0,8,-0.3
USR_3558,MOV_5279,Doctor,Comedy,2021,5,18,1,132,0.77
USR_3689,MOV_5009,96,Romance,2018,5,17,1,153,0.91
USR_3103,MOV_5029,Mari Selvaraj Next,Drama,2026,3,4,0,61,0.07
USR_3661,MOV_5251,Love Today,Comedy,2022,5,17,1,136,0.78
USR_3426,MOV_5086,Project AI,Sci-Fi,2025,5,18,1,134,0.73
USR_3631,MOV_5288,Time Loop 2,Sci-Fi,2026,5,17,1,157,0.9
USR_4058,MOV_5097,Sita Ramam (Tamil),Romance,2022,3,4,1,51,-0.43
USR_3322,MOV_5115,Mari Selvaraj Next,Drama,2026,5,15,1,183,0.87
USR_3222,MOV_5152,Garudan,Drama,2024,2,2,0,36,-0.33
USR_4195,MOV_5163,Naanum Rowdy Dhaan,Comedy,2015,3.5,6,1,82,0.57
USR_3324,MOV_5250,Visaranai,Thriller,2015,2.5,1,0,31,-0.34
USR_4181,MOV_5287,Project AI,Sci-Fi,2025,3,1,0,57,0.12
USR_4090,MOV_5256,Garudan,Drama,2024,2.5,2,0,29,-0.08
USR_4192,MOV_5205,Conjuring Kannappan,Comedy,2023,5,17,1,192,0.92
USR_3082,MOV_5203,Lubber Pandhu,Drama,2024,2.5,2,0,57,-0.33
USR_3034,MOV_5228,Thani Oruvan,Action,2015,3.5,9,0,87,0.25
USR_3572,MOV_5003,Jai Bhim,Drama,2021,3.5,7,1,120,0.26
USR_3199,MOV_5025,Kaithi,Action,2019,4.5,22,0,136,0.73
USR_3244,MOV_5278,Raayan,Action,2024,4.5,14,1,142,1
USR_3719,MOV_5267,Time Loop 2,Sci-Fi,2026,2.5,0,0,62,-0.14
USR_3573,MOV_5030,Indru Netru Naalai,Sci-Fi,2015,2,4,0,19,0.06
USR_3207,MOV_5054,Kottukaali,Drama,2024,4,11,0,69,0.4
USR_3695,MOV_5244,Raayan,Action,2024,2,4,0,38,-0.27
USR_4155,MOV_5218,O Kadhal Kanmani,Romance,2015,5,18,1,199,0.82
USR_3813,MOV_5257,Joe,Romance,2023,5,19,1,161,1
USR_3671,MOV_5091,Tik Tik Tik,Sci-Fi,2018,4,9,1,96,0.21
USR_3155,MOV_5140,Love Insurance Kompany,Romance,2025,3.5,11,0,86,0.59
USR_3105,MOV_5167,Maanaadu,Sci-Fi,2021,1.5,0,1,37,0.06
USR_3274,MOV_5243,Star,Romance,2024,4.5,24,1,165,0.99
USR_3982,MOV_5131,2,Sci-Fi,2018,3,1,0,21,0.06
USR_3561,MOV_5003,Jai Bhim,Drama,2021,4.5,16,1,131,0.88
USR_3890,MOV_5217,Game Over,Thriller,2019,3,4,0,61,-0.33
USR_3686,MOV_5164,Kaaka Muttai,Drama,2015,4,6,0,104,0.25
USR_3435,MOV_5186,Kottukaali,Drama,2024,2,4,0,22,-0.05
USR_3402,MOV_5120,Game Over,Thriller,2019,4.5,13,0,157,0.72
USR_3018,MOV_5175,Star,Romance,2024,2,4,0,7,-0.4
USR_3251,MOV_5008,Kanguva 2,Action,2026,3,4,0,16,-0.45
USR_3205,MOV_5063,Star,Romance,2024,5,16,0,150,0.77
USR_3376,MOV_5130,Oh My Kadavule,Romance,2020,5,24,1,190,1
USR_4186,MOV_5220,Asuran,Action,2019,4,6,1,110,0.34
USR_3361,MOV_5002,Hey Sinamika,Romance,2022,5,22,1,162,0.98
USR_3724,MOV_5038,O Kadhal Kanmani,Romance,2015,1,2,0,37,0.07
USR_3837,MOV_5058,Soorarai Pottru,Drama,2020,2,4,0,5,-0.37
USR_3368,MOV_5001,Fun Unlimited,Comedy,2026,2.5,4,0,15,-0.39
USR_3636,MOV_5241,Ayalaan,Sci-Fi,2024,5,24,1,136,0.95
USR_3527,MOV_5057,Garudan,Drama,2024,5,15,1,149,0.95
USR_3892,MOV_5060,Maharaja,Action,2024,2.5,1,0,39,-0.08
USR_3678,MOV_5165,Amaran,Action,2024,4.5,21,1,135,0.91
USR_3573,MOV_5011,Fun Unlimited,Comedy,2026,4,9,1,113,0.52
USR_4091,MOV_5007,Viduthalai Part 1,Thriller,2023,3.5,9,1,88,0.44
USR_3976,MOV_5150,Maya,Thriller,2015,4,6,1,93,0.21
USR_4149,MOV_5268,Dada,Comedy,2023,2.5,2,0,10,-0.35
USR_3977,MOV_5124,2,Sci-Fi,2018,2.5,4,0,55,-0.01
USR_3015,MOV_5248,Ayalaan,Sci-Fi,2024,5,23,0,173,0.75
USR_3560,MOV_5018,Lubber Pandhu,Drama,2024,3.5,6,1,129,0.3
USR_3350,MOV_5070,Jai Bhim,Drama,2021,4.5,24,1,171,0.71
USR_3533,MOV_5142,Kaaka Muttai,Drama,2015,4,5,0,117,0.3
USR_3270,MOV_5003,Jai Bhim,Drama,2021,1.5,2,0,5,-0.46
USR_3615,MOV_5061,O Kadhal Kanmani,Romance,2015,1.5,3,0,50,-0.28
USR_3993,MOV_5280,Vettaiyan,Thriller,2024,4,11,0,118,0.34
USR_3384,MOV_5239,Time Loop 2,Sci-Fi,2026,5,13,1,190,0.87
USR_3061,MOV_5017,Oh My Kadavule,Romance,2020,4,9,1,96,0.57
USR_3756,MOV_5020,Vedalam,Action,2015,5,16,1,140,0.81
USR_4184,MOV_5267,Time Loop 2,Sci-Fi,2026,2,4,0,24,-0.48
USR_3437,MOV_5156,Kottukaali,Drama,2024,2.5,4,0,33,0.15
USR_3923,MOV_5212,Chitha,Thriller,2023,4.5,22,1,169,0.9
USR_3806,MOV_5282,Viduthalai Part 2,Thriller,2025,3,0,0,33,0.12
USR_3778,MOV_5070,Jai Bhim,Drama,2021,3.5,9,1,111,0.24
USR_3951,MOV_5024,Jailer,Action,2023,2.5,3,0,56,-0.25
USR_4108,MOV_5093,Theri,Action,2016,5,15,1,131,0.71
USR_4091,MOV_5052,Chitha,Thriller,2023,3.5,5,1,81,0.36
USR_3176,MOV_5089,Don,Comedy,2022,3.5,5,0,101,0.59
USR_3172,MOV_5270,Siren,Romance,2024,4,5,1,98,0.39
USR_3409,MOV_5084,Don,Comedy,2022,4,7,1,125,0.37
USR_4184,MOV_5031,Dada,Comedy,2023,4,5,0,76,0.6
USR_3419,MOV_5256,Garudan,Drama,2024,3.5,8,1,90,0.39
USR_3634,MOV_5048,Amaran,Action,2024,5,21,1,171,0.84
USR_3141,MOV_5220,Asuran,Action,2019,4,10,0,115,0.65
USR_4170,MOV_5143,Chitha,Thriller,2023,2.5,0,0,15,-0.23
USR_3676,MOV_5244,Raayan,Action,2024,4,7,1,128,0.44
USR_3738,MOV_5152,Garudan,Drama,2024,3,1,0,19,-0.43
USR_4187,MOV_5067,Indru Netru Naalai,Sci-Fi,2015,2.5,3,0,36,-0.14
USR_4178,MOV_5085,Good Night,Comedy,2023,3.5,7,0,66,0.51
USR_3847,MOV_5186,Kottukaali,Drama,2024,1,1,0,36,0.03
USR_3824,MOV_5069,O Kadhal Kanmani,Romance,2015,3.5,7,1,117,0.27
USR_3224,MOV_5093,Theri,Action,2016,2.5,4,0,64,0.11
USR_3799,MOV_5178,Indru Netru Naalai,Sci-Fi,2015,3.5,6,1,72,0.58
USR_3272,MOV_5084,Don,Comedy,2022,5,16,1,134,0.71
USR_3631,MOV_5231,The investigative report,Thriller,2026,2,0,0,54,-0.44
USR_3826,MOV_5257,Joe,Romance,2023,2.5,0,0,26,-0.46
USR_3728,MOV_5121,Amaran,Action,2024,4,9,0,89,0.22
USR_4078,MOV_5178,Indru Netru Naalai,Sci-Fi,2015,2.5,2,0,57,-0.29
USR_3589,MOV_5195,Sita Ramam (Tamil),Romance,2022,5,15,1,188,0.75
USR_3487,MOV_5133,Viduthalai Part 1,Thriller,2023,3,3,0,36,-0.28
USR_3701,MOV_5037,96,Romance,2018,1.5,4,0,61,-0.34
USR_3467,MOV_5119,Mehandi Circus,Romance,2019,4,10,1,120,0.45
USR_3226,MOV_5213,Ayalaan,Sci-Fi,2024,3,4,0,21,-0.47
USR_3224,MOV_5222,Vikram Vedha,Thriller,2017,3,0,1,9,-0.31
USR_4157,MOV_5195,Sita Ramam (Tamil),Romance,2022,5,17,0,177,0.96
USR_3163,MOV_5033,2,Sci-Fi,2018,5,13,1,186,1
USR_3404,MOV_5014,Viduthalai Part 2,Thriller,2025,2,1,0,49,-0.26
USR_3350,MOV_5241,Ayalaan,Sci-Fi,2024,3,4,0,16,-0.38
USR_4010,MOV_5033,2,Sci-Fi,2018,5,19,1,137,0.97
USR_3298,MOV_5284,Ratsasan,Thriller,2018,2,3,0,35,0.17
USR_4098,MOV_5044,Joe,Romance,2023,4,9,0,95,0.3
USR_3565,MOV_5225,Theri,Action,2016,4.5,16,1,180,0.89
USR_3394,MOV_5257,Joe,Romance,2023,3,2,0,42,0.13
USR_3922,MOV_5024,Jailer,Action,2023,5,20,1,159,0.8
USR_3256,MOV_5261,Love Today,Comedy,2022,3,4,0,61,-0.01
USR_3282,MOV_5243,Star,Romance,2024,3.5,6,0,120,0.44
USR_3481,MOV_5170,Garudan,Drama,2024,3,0,0,53,-0.05
USR_3783,MOV_5101,Maanaadu,Sci-Fi,2021,3.5,7,0,112,0.65
USR_3404,MOV_5140,Love Insurance Kompany,Romance,2025,4.5,20,0,136,0.75
USR_3561,MOV_5256,Garudan,Drama,2024,5,16,1,131,0.76
USR_3533,MOV_5032,Dhruva Natchathiram,Thriller,2025,5,14,1,149,0.97
USR_3146,MOV_5173,Kaithi,Action,2019,5,16,1,181,0.77
USR_3926,MOV_5147,Ayalaan,Sci-Fi,2024,5,22,1,150,0.88
USR_3436,MOV_5118,Tik Tik Tik,Sci-Fi,2018,2,2,1,52,-0.17
USR_4039,MOV_5192,SivaKartikeyan Next,Comedy,2025,1,0,0,23,-0.34
USR_3935,MOV_5275,Love Today,Comedy,2022,3,2,0,28,-0.03
USR_3125,MOV_5123,Thiruchitrambalam,Romance,2022,1,1,0,40,-0.37
USR_3645,MOV_5118,Tik Tik Tik,Sci-Fi,2018,2.5,2,1,14,-0.39
USR_3193,MOV_5167,Maanaadu,Sci-Fi,2021,5,24,1,155,0.78
USR_4046,MOV_5105,Dhuruvangal Pathinaaru,Thriller,2016,5,20,1,172,0.77
USR_3477,MOV_5133,Viduthalai Part 1,Thriller,2023,1,1,0,14,0.09
USR_4171,MOV_5201,Don,Comedy,2022,2.5,3,0,35,0.13
USR_3638,MOV_5080,Thug Life,Action,2025,4,11,0,86,0.62
USR_4154,MOV_5257,Joe,Romance,2023,3.5,9,0,69,0.5
USR_3460,MOV_5026,Classic Love Story,Romance,2026,5,12,1,131,0.74
USR_3191,MOV_5253,Love Today,Comedy,2022,4,8,0,102,0.36
USR_3881,MOV_5285,Master,Action,2021,3.5,9,0,85,0.67
USR_3167,MOV_5087,Thug Life,Action,2025,4.5,17,1,146,0.8
USR_3219,MOV_5088,Naanum Rowdy Dhaan,Comedy,2015,5,24,1,178,0.72
USR_3591,MOV_5243,Star,Romance,2024,5,20,1,145,0.79
USR_3948,MOV_5244,Raayan,Action,2024,5,15,0,180,0.85
USR_3980,MOV_5195,Sita Ramam (Tamil),Romance,2022,5,18,1,141,0.85
USR_3293,MOV_5124,2,Sci-Fi,2018,2,1,0,12,-0.45
USR_3165,MOV_5206,Indru Netru Naalai,Sci-Fi,2015,1.5,4,0,14,0.18
USR_3708,MOV_5173,Kaithi,Action,2019,5,15,1,169,0.78
USR_3127,MOV_5183,Vaadivaasal,Drama,2025,5,20,1,172,0.72
USR_4188,MOV_5132,Indru Netru Naalai,Sci-Fi,2015,3.5,10,0,113,0.48
USR_3872,MOV_5036,Tik Tik Tik,Sci-Fi,2018,1.5,4,0,31,-0.12
USR_3238,MOV_5113,Oh My Kadavule,Romance,2020,4,9,0,130,0.62
USR_3643,MOV_5273,Dhuruvangal Pathinaaru,Thriller,2016,5,14,1,137,0.84
USR_3409,MOV_5144,Ratsasan,Thriller,2018,1,2,0,65,0.07
USR_3861,MOV_5075,Doctor,Comedy,2021,2,4,0,9,-0.45
USR_4083,MOV_5029,Mari Selvaraj Next,Drama,2026,5,21,1,149,0.98
USR_3347,MOV_5026,Classic Love Story,Romance,2026,4,8,1,93,0.47
USR_4023,MOV_5184,Mookuthi Amman,Comedy,2020,4,9,0,69,0.69
USR_3755,MOV_5161,Good Night,Comedy,2023,4,7,1,123,0.66
USR_4022,MOV_5053,Good Bad Ugly,Action,2025,3.5,8,1,104,0.28
USR_4018,MOV_5145,Time Loop 2,Sci-Fi,2026,5,19,0,142,0.85
USR_4185,MOV_5173,Kaithi,Action,2019,3.5,8,1,101,0.46
USR_3303,MOV_5142,Kaaka Muttai,Drama,2015,1.5,0,0,54,0.15
USR_3301,MOV_5181,Indru Netru Naalai,Sci-Fi,2015,2.5,3,0,64,-0.4
USR_3035,MOV_5229,Kabali,Action,2016,4,5,1,117,0.52
USR_3505,MOV_5232,Dhuruvangal Pathinaaru,Thriller,2016,1,3,0,46,-0.25
USR_3042,MOV_5160,Garudan,Drama,2024,4,6,1,101,0.3
USR_3599,MOV_5205,Conjuring Kannappan,Comedy,2023,2,1,0,45,-0.36
USR_3160,MOV_5285,Master,Action,2021,3.5,9,0,71,0.39
USR_3494,MOV_5211,Indru Netru Naalai,Sci-Fi,2015,3.5,8,1,97,0.62
USR_4187,MOV_5217,Game Over,Thriller,2019,5,13,1,163,0.77
USR_3669,MOV_5254,Indru Netru Naalai,Sci-Fi,2015,2,2,0,7,-0.3
USR_4129,MOV_5276,Kadaisi Vivasayi,Drama,2022,4.5,12,1,174,0.92
USR_3593,MOV_5277,Brother,Comedy,2024,2,3,0,16,-0.48
USR_3467,MOV_5140,Love Insurance Kompany,Romance,2025,3.5,8,0,129,0.23
USR_4177,MOV_5240,SivaKartikeyan Next,Comedy,2025,5,23,1,164,0.86
USR_3609,MOV_5181,Indru Netru Naalai,Sci-Fi,2015,5,18,1,147,0.93
USR_3248,MOV_5075,Doctor,Comedy,2021,3,0,0,30,0.15
USR_3058,MOV_5076,Viduthalai Part 1,Thriller,2023,4,6,0,108,0.66
USR_3799,MOV_5010,Tik Tik Tik,Sci-Fi,2018,5,22,1,174,0.74
USR_3133,MOV_5065,Ponniyin Selvan: Part 1,Drama,2022,5,21,0,158,0.93
USR_3900,MOV_5282,Viduthalai Part 2,Thriller,2025,5,21,1,140,0.72
USR_3040,MOV_5131,2,Sci-Fi,2018,4.5,19,1,166,0.83
USR_3921,MOV_5154,Siren,Romance,2024,4.5,15,1,142,0.95
USR_3181,MOV_5255,Oh My Kadavule,Romance,2020,5,16,1,145,0.87
USR_3620,MOV_5153,Maanaadu,Sci-Fi,2021,4,6,1,66,0.23
USR_3612,MOV_5289,Vada Chennai,Action,2018,2.5,3,0,32,0.07
USR_3984,MOV_5239,Time Loop 2,Sci-Fi,2026,3.5,6,1,71,0.42
USR_3946,MOV_5190,Amaran,Action,2024,4,6,0,118,0.63
USR_3932,MOV_5260,Tik Tik Tik,Sci-Fi,2018,2.5,0,1,27,0.14
USR_3834,MOV_5184,Mookuthi Amman,Comedy,2020,4,5,1,112,0.36
USR_3764,MOV_5280,Vettaiyan,Thriller,2024,1.5,0,0,9,-0.09
USR_3413,MOV_5096,Dhruva Natchathiram,Thriller,2025,5,17,1,179,0.7
USR_3036,MOV_5282,Viduthalai Part 2,Thriller,2025,5,20,1,177,0.9
USR_3554,MOV_5034,Indru Netru Naalai,Sci-Fi,2015,5,24,1,195,0.72
USR_3012,MOV_5038,O Kadhal Kanmani,Romance,2015,3,0,0,15,0.1
USR_3203,MOV_5019,Fun Unlimited,Comedy,2026,5,23,1,191,0.79
USR_3368,MOV_5072,Comali,Comedy,2019,4,8,0,102,0.47
USR_3757,MOV_5195,Sita Ramam (Tamil),Romance,2022,5,17,1,166,0.77
USR_3055,MOV_5144,Ratsasan,Thriller,2018,3,3,0,60,-0.17
USR_3374,MOV_5252,2,Sci-Fi,2018,5,20,1,158,0.76
USR_3281,MOV_5110,Maanaadu,Sci-Fi,2021,1.5,2,0,5,0
USR_3326,MOV_5070,Jai Bhim,Drama,2021,3.5,5,1,108,0.52
USR_3174,MOV_5062,Hit List,Thriller,2024,4,10,0,110,0.45
USR_3570,MOV_5012,Vedalam,Action,2015,3.5,5,0,128,0.55
USR_3148,MOV_5185,Love Today,Comedy,2022,1,1,0,30,-0.39
USR_3960,MOV_5226,Coolie,Action,2025,2,0,0,43,-0.44
USR_3122,MOV_5079,Chitha,Thriller,2023,2.5,4,0,15,-0.14
USR_3702,MOV_5156,Kottukaali,Drama,2024,5,13,1,133,0.7
USR_3253,MOV_5014,Viduthalai Part 2,Thriller,2025,1.5,2,0,10,-0.18
USR_3806,MOV_5067,Indru Netru Naalai,Sci-Fi,2015,5,15,1,193,0.72
USR_3295,MOV_5120,Game Over,Thriller,2019,5,24,1,166,0.7
USR_3128,MOV_5259,Joe,Romance,2023,4,10,1,77,0.56
USR_3703,MOV_5184,Mookuthi Amman,Comedy,2020,5,19,1,145,0.99
USR_4101,MOV_5198,Tik Tik Tik,Sci-Fi,2018,3.5,7,0,92,0.35
USR_3994,MOV_5112,Maanaadu,Sci-Fi,2021,5,21,1,187,0.97
USR_3039,MOV_5281,Viduthalai Part 2,Thriller,2025,3.5,5,1,94,0.35
USR_3234,MOV_5012,Vedalam,Action,2015,5,22,0,189,0.75
USR_3335,MOV_5266,Hit List,Thriller,2024,4,5,1,66,0.22
USR_4027,MOV_5197,Vikram Vedha,Thriller,2017,4,6,1,100,0.54
USR_3694,MOV_5270,Siren,Romance,2024,2,2,0,30,0.07
USR_3303,MOV_5168,Karnan,Drama,2021,2.5,2,1,47,-0.23
USR_3982,MOV_5280,Vettaiyan,Thriller,2024,4,6,1,124,0.58
USR_3492,MOV_5163,Naanum Rowdy Dhaan,Comedy,2015,5,18,1,188,0.87
USR_3936,MOV_5139,Dhuruvangal Pathinaaru,Thriller,2016,5,15,1,199,0.77
USR_3301,MOV_5224,Indru Netru Naalai,Sci-Fi,2015,3,2,0,63,-0.38
USR_3322,MOV_5218,O Kadhal Kanmani,Romance,2015,4,7,1,87,0.51
USR_4174,MOV_5010,Tik Tik Tik,Sci-Fi,2018,4,5,1,94,0.43
USR_3375,MOV_5072,Comali,Comedy,2019,5,15,1,134,0.8
USR_3400,MOV_5020,Vedalam,Action,2015,4,9,0,74,0.49
USR_3756,MOV_5203,Lubber Pandhu,Drama,2024,4,7,1,70,0.41
USR_3440,MOV_5207,Meiyazhagan,Drama,2024,4.5,17,1,173,0.95
USR_3823,MOV_5145,Time Loop 2,Sci-Fi,2026,4.5,13,1,196,0.78
USR_4009,MOV_5225,Theri,Action,2016,5,18,1,168,0.78
USR_4115,MOV_5038,O Kadhal Kanmani,Romance,2015,2,0,1,36,-0.46
USR_3420,MOV_5040,Comali,Comedy,2019,5,23,1,147,0.78
USR_3614,MOV_5275,Love Today,Comedy,2022,5,20,0,146,0.71
USR_3314,MOV_5097,Sita Ramam (Tamil),Romance,2022,4,11,1,71,0.42
USR_3296,MOV_5057,Garudan,Drama,2024,5,22,1,133,0.85
USR_4078,MOV_5236,Thug Life,Action,2025,4,11,1,126,0.6
USR_3080,MOV_5011,Fun Unlimited,Comedy,2026,3.5,10,1,125,0.31
USR_3722,MOV_5194,Vada Chennai,Action,2018,4,7,1,78,0.36
USR_3684,MOV_5084,Don,Comedy,2022,4,8,1,75,0.31
USR_3472,MOV_5045,Vettaiyan,Thriller,2024,5,22,1,149,0.92
USR_3305,MOV_5028,Doctor,Comedy,2021,4.5,20,1,171,0.99
USR_3368,MOV_5289,Vada Chennai,Action,2018,3.5,7,1,109,0.67
USR_3836,MOV_5264,Imaikkaa Nodigal,Thriller,2018,3.5,6,0,104,0.41
USR_3198,MOV_5022,Classic Love Story,Romance,2026,3.5,8,0,118,0.55
USR_3273,MOV_5133,Viduthalai Part 1,Thriller,2023,4.5,17,1,193,0.79
USR_3567,MOV_5175,Star,Romance,2024,5,21,1,142,0.98
USR_3592,MOV_5283,Tik Tik Tik,Sci-Fi,2018,2,4,0,5,0.06
USR_3482,MOV_5238,Maanaadu,Sci-Fi,2021,3.5,7,0,76,0.68
USR_4184,MOV_5004,Amaran,Action,2024,5,21,1,192,0.91
USR_3748,MOV_5081,Fun Unlimited,Comedy,2026,5,18,1,155,0.72
USR_3179,MOV_5040,Comali,Comedy,2019,4.5,17,1,182,0.87
USR_3985,MOV_5115,Mari Selvaraj Next,Drama,2026,4,9,0,130,0.26
USR_3181,MOV_5150,Maya,Thriller,2015,4.5,24,1,193,0.7
USR_3931,MOV_5237,Hit List,Thriller,2024,5,15,1,197,0.97
USR_4190,MOV_5017,Oh My Kadavule,Romance,2020,4.5,24,1,137,0.79
USR_3501,MOV_5145,Time Loop 2,Sci-Fi,2026,3.5,5,0,68,0.54
USR_3747,MOV_5231,The investigative report,Thriller,2026,2.5,4,0,32,-0.33
USR_3185,MOV_5289,Vada Chennai,Action,2018,5,15,1,132,0.84
USR_3071,MOV_5128,Vetri Maaran Next,Action,2026,2.5,1,0,14,0.01
USR_3950,MOV_5141,Vetri Maaran Next,Action,2026,5,24,1,178,0.75
USR_3037,MOV_5184,Mookuthi Amman,Comedy,2020,3.5,10,0,93,0.54
USR_3907,MOV_5177,Jailer,Action,2023,5,19,1,151,0.89
USR_3286,MOV_5270,Siren,Romance,2024,2.5,2,0,31,0.08
USR_3255,MOV_5147,Ayalaan,Sci-Fi,2024,5,14,1,135,0.89
USR_3635,MOV_5009,96,Romance,2018,2.5,0,1,37,-0.14
USR_3770,MOV_5265,Vedalam,Action,2015,3,3,0,22,0.09
USR_4014,MOV_5125,Hit List,Thriller,2024,3.5,11,0,125,0.21
USR_3760,MOV_5025,Kaithi,Action,2019,3.5,8,1,83,0.41
USR_3249,MOV_5070,Jai Bhim,Drama,2021,3,2,0,19,-0.21
USR_3652,MOV_5021,Asuran,Action,2019,1.5,3,0,52,-0.04
USR_3711,MOV_5227,The GOAT,Action,2024,4,7,1,91,0.29
USR_3392,MOV_5123,Thiruchitrambalam,Romance,2022,1.5,0,0,13,0.1
USR_3689,MOV_5019,Fun Unlimited,Comedy,2026,4,9,1,77,0.51
USR_3942,MOV_5218,O Kadhal Kanmani,Romance,2015,3.5,7,1,85,0.54
USR_3953,MOV_5133,Viduthalai Part 1,Thriller,2023,4.5,13,1,190,0.8
USR_3175,MOV_5147,Ayalaan,Sci-Fi,2024,5,21,1,141,0.8
USR_4028,MOV_5133,Viduthalai Part 1,Thriller,2023,4.5,17,1,143,1
USR_3615,MOV_5140,Love Insurance Kompany,Romance,2025,5,16,1,150,0.73
USR_3926,MOV_5075,Doctor,Comedy,2021,5,17,1,147,0.71
USR_4018,MOV_5099,Ayalaan,Sci-Fi,2024,1.5,3,0,16,-0.02
USR_3125,MOV_5047,Meiyazhagan,Drama,2024,5,17,1,139,0.88
USR_4130,MOV_5082,Vikram Vedha,Thriller,2017,2.5,2,0,61,0.16
USR_3899,MOV_5077,Por Thozhil,Thriller,2023,5,15,1,160,0.74
USR_4069,MOV_5203,Lubber Pandhu,Drama,2024,1,0,0,43,-0.3
USR_3311,MOV_5261,Love Today,Comedy,2022,2.5,4,1,14,0.11
USR_3629,MOV_5066,Thani Oruvan,Action,2015,2.5,0,0,29,-0.17
USR_4135,MOV_5239,Time Loop 2,Sci-Fi,2026,5,20,1,156,0.81
USR_3593,MOV_5220,Asuran,Action,2019,2,4,0,10,0.03
USR_4141,MOV_5243,Star,Romance,2024,4,6,0,116,0.38
USR_3777,MOV_5267,Time Loop 2,Sci-Fi,2026,4,11,0,86,0.3
USR_3963,MOV_5031,Dada,Comedy,2023,5,13,1,176,0.87
USR_3218,MOV_5034,Indru Netru Naalai,Sci-Fi,2015,4.5,24,1,170,0.91
USR_3366,MOV_5113,Oh My Kadavule,Romance,2020,2.5,3,0,8,-0.36
USR_3490,MOV_5166,Vettaiyan,Thriller,2024,5,15,1,193,0.96
USR_3904,MOV_5067,Indru Netru Naalai,Sci-Fi,2015,4.5,24,1,137,0.73
USR_3407,MOV_5152,Garudan,Drama,2024,4.5,15,1,138,0.92
USR_3616,MOV_5009,96,Romance,2018,2.5,3,1,14,0
USR_3051,MOV_5099,Ayalaan,Sci-Fi,2024,2.5,0,0,56,0.13
USR_3646,MOV_5080,Thug Life,Action,2025,5,20,1,131,0.87
USR_3217,MOV_5289,Vada Chennai,Action,2018,4,11,1,87,0.35
USR_3808,MOV_5026,Classic Love Story,Romance,2026,3,3,0,51,-0.03
USR_4008,MOV_5289,Vada Chennai,Action,2018,4,8,1,71,0.53
USR_3524,MOV_5073,Thug Life,Action,2025,1.5,3,0,61,0.01
USR_3312,MOV_5205,Conjuring Kannappan,Comedy,2023,4,11,0,74,0.64
USR_4171,MOV_5144,Ratsasan,Thriller,2018,4.5,16,1,178,0.89
USR_3925,MOV_5012,Vedalam,Action,2015,1.5,2,0,55,-0.37
USR_3409,MOV_5099,Ayalaan,Sci-Fi,2024,2,4,1,60,-0.27
USR_3959,MOV_5065,Ponniyin Selvan: Part 1,Drama,2022,5,14,1,167,0.77
USR_4060,MOV_5108,Ratsasan,Thriller,2018,4.5,17,1,195,0.89
USR_3211,MOV_5282,Viduthalai Part 2,Thriller,2025,3.5,6,1,88,0.54
USR_3596,MOV_5134,Por Thozhil,Thriller,2023,1.5,1,0,7,-0.33
USR_3318,MOV_5036,Tik Tik Tik,Sci-Fi,2018,2.5,2,0,40,-0.19
USR_3866,MOV_5260,Tik Tik Tik,Sci-Fi,2018,5,22,1,135,0.83
USR_3240,MOV_5040,Comali,Comedy,2019,5,18,1,139,0.82
USR_3531,MOV_5273,Dhuruvangal Pathinaaru,Thriller,2016,2.5,3,0,23,0.07
USR_3116,MOV_5189,Thani Oruvan,Action,2015,4.5,24,1,145,0.71
USR_3254,MOV_5133,Viduthalai Part 1,Thriller,2023,3.5,6,1,75,0.41
USR_4187,MOV_5201,Don,Comedy,2022,5,24,1,166,0.92
USR_3965,MOV_5031,Dada,Comedy,2023,2.5,0,0,30,0.02
USR_3023,MOV_5009,96,Romance,2018,4,5,1,66,0.26
USR_3014,MOV_5095,Star,Romance,2024,4,7,1,109,0.31
USR_3363,MOV_5102,Joe,Romance,2023,5,15,1,181,0.87
USR_4196,MOV_5185,Love Today,Comedy,2022,3,1,0,15,-0.35
USR_3449,MOV_5185,Love Today,Comedy,2022,5,16,0,199,0.76
USR_4094,MOV_5048,Amaran,Action,2024,5,13,1,179,0.75
USR_3289,MOV_5109,Garudan,Drama,2024,3.5,6,1,111,0.29
USR_3999,MOV_5142,Kaaka Muttai,Drama,2015,5,24,1,199,0.79
USR_3322,MOV_5032,Dhruva Natchathiram,Thriller,2025,5,17,1,189,0.71
USR_3699,MOV_5027,Viduthalai Part 1,Thriller,2023,4.5,18,1,196,0.84
USR_3827,MOV_5263,Kottukaali,Drama,2024,2.5,1,0,40,-0.12
USR_3666,MOV_5066,Thani Oruvan,Action,2015,4,7,1,66,0.23
USR_4123,MOV_5058,Soorarai Pottru,Drama,2020,2.5,4,0,54,-0.28
USR_3461,MOV_5192,SivaKartikeyan Next,Comedy,2025,5,18,1,158,0.75
USR_4196,MOV_5193,Kaaka Muttai,Drama,2015,5,22,1,199,0.98
USR_3552,MOV_5020,Vedalam,Action,2015,1,3,0,36,0.1
USR_3427,MOV_5212,Chitha,Thriller,2023,3,1,0,39,-0.35
USR_3729,MOV_5060,Maharaja,Action,2024,3,1,1,15,-0.13
USR_3783,MOV_5146,Visaranai,Thriller,2015,4.5,13,1,156,0.76
USR_3524,MOV_5005,Maya,Thriller,2015,4,7,1,95,0.64
USR_3661,MOV_5278,Raayan,Action,2024,5,12,1,152,0.83
USR_3996,MOV_5231,The investigative report,Thriller,2026,1,0,0,39,0.16
USR_3177,MOV_5288,Time Loop 2,Sci-Fi,2026,2,0,0,33,-0.39
USR_3962,MOV_5076,Viduthalai Part 1,Thriller,2023,3,2,0,59,0.17
USR_3514,MOV_5119,Mehandi Circus,Romance,2019,3.5,10,0,91,0.26
USR_3504,MOV_5088,Naanum Rowdy Dhaan,Comedy,2015,5,18,1,172,0.99
USR_3018,MOV_5186,Kottukaali,Drama,2024,2,0,0,10,-0.24
USR_3148,MOV_5053,Good Bad Ugly,Action,2025,5,24,1,163,0.91
USR_3244,MOV_5159,Vikram,Action,2022,5,18,1,132,0.8
USR_4136,MOV_5097,Sita Ramam (Tamil),Romance,2022,4.5,15,1,199,0.77
USR_3433,MOV_5280,Vettaiyan,Thriller,2024,5,24,1,185,0.97
USR_3146,MOV_5240,SivaKartikeyan Next,Comedy,2025,2,1,1,25,-0.38
USR_3619,MOV_5231,The investigative report,Thriller,2026,4.5,16,1,173,0.81
USR_3263,MOV_5102,Joe,Romance,2023,3.5,10,0,103,0.21
USR_3554,MOV_5206,Indru Netru Naalai,Sci-Fi,2015,5,12,1,138,0.78
USR_3426,MOV_5039,Kaaka Muttai,Drama,2015,5,15,0,133,0.97
USR_3539,MOV_5277,Brother,Comedy,2024,5,23,1,140,1
USR_3116,MOV_5238,Maanaadu,Sci-Fi,2021,4,7,0,97,0.2
USR_3067,MOV_5280,Vettaiyan,Thriller,2024,5,13,1,178,0.85
USR_3127,MOV_5266,Hit List,Thriller,2024,4,11,1,90,0.33
USR_3660,MOV_5058,Soorarai Pottru,Drama,2020,4.5,19,1,144,0.91
USR_3220,MOV_5162,Kanguva 2,Action,2026,3.5,7,1,94,0.62
USR_3165,MOV_5048,Amaran,Action,2024,5,17,1,138,0.84
USR_3221,MOV_5072,Comali,Comedy,2019,2,3,0,6,-0.02
USR_4005,MOV_5124,2,Sci-Fi,2018,1,1,0,18,0.01
USR_3250,MOV_5043,Thani Oruvan,Action,2015,2,2,0,36,-0.16
USR_3153,MOV_5091,Tik Tik Tik,Sci-Fi,2018,4.5,14,1,142,0.86
USR_3864,MOV_5214,Peranbu,Drama,2018,3,1,0,24,-0.3
USR_3705,MOV_5087,Thug Life,Action,2025,2.5,0,1,56,0.12
USR_3341,MOV_5094,Sita Ramam (Tamil),Romance,2022,2,1,0,59,-0.03
USR_3360,MOV_5248,Ayalaan,Sci-Fi,2024,3.5,11,0,108,0.49
USR_4017,MOV_5012,Vedalam,Action,2015,5,21,1,178,0.77
USR_3375,MOV_5143,Chitha,Thriller,2023,4,10,0,102,0.24
USR_4165,MOV_5181,Indru Netru Naalai,Sci-Fi,2015,3.5,10,0,96,0.58
USR_3828,MOV_5046,Soorarai Pottru,Drama,2020,5,12,1,160,0.7
USR_4187,MOV_5041,Thani Oruvan,Action,2015,2,1,1,41,-0.2
USR_3612,MOV_5062,Hit List,Thriller,2024,3,3,0,8,-0.21
USR_4038,MOV_5253,Love Today,Comedy,2022,4,9,0,82,0.23
USR_3049,MOV_5210,O Kadhal Kanmani,Romance,2015,4.5,12,1,182,0.76
USR_3291,MOV_5112,Maanaadu,Sci-Fi,2021,5,17,1,143,0.71
USR_3198,MOV_5268,Dada,Comedy,2023,4,5,1,66,0.53
USR_3662,MOV_5185,Love Today,Comedy,2022,3.5,10,1,103,0.67
USR_3913,MOV_5255,Oh My Kadavule,Romance,2020,5,23,1,156,0.7
USR_3660,MOV_5075,Doctor,Comedy,2021,5,12,1,179,0.78
USR_3152,MOV_5115,Mari Selvaraj Next,Drama,2026,4.5,20,1,157,0.92
USR_3412,MOV_5126,Visaranai,Thriller,2015,4,8,1,75,0.29
USR_3431,MOV_5247,The investigative report,Thriller,2026,5,14,1,139,0.79
USR_3180,MOV_5118,Tik Tik Tik,Sci-Fi,2018,5,18,1,133,0.89
USR_4097,MOV_5230,Vada Chennai,Action,2018,3.5,10,1,66,0.59
USR_4038,MOV_5150,Maya,Thriller,2015,2.5,4,0,29,-0.42
USR_3051,MOV_5215,The investigative report,Thriller,2026,4,10,0,80,0.23
USR_3919,MOV_5040,Comali,Comedy,2019,4,10,1,66,0.47
USR_4059,MOV_5256,Garudan,Drama,2024,3.5,10,0,79,0.63
USR_3554,MOV_5118,Tik Tik Tik,Sci-Fi,2018,4,7,1,94,0.59
USR_4165,MOV_5103,Visaranai,Thriller,2015,2.5,4,0,54,0.12
USR_4188,MOV_5272,Meiyazhagan,Drama,2024,4.5,20,1,190,0.94
USR_3932,MOV_5037,96,Romance,2018,3,2,0,20,-0.02
USR_4168,MOV_5243,Star,Romance,2024,5,12,1,199,0.74
USR_3445,MOV_5095,Star,Romance,2024,3.5,5,0,103,0.5
USR_3406,MOV_5120,Game Over,Thriller,2019,5,16,0,170,0.82
USR_3367,MOV_5277,Brother,Comedy,2024,3.5,8,0,97,0.23
USR_3268,MOV_5284,Ratsasan,Thriller,2018,3,1,0,24,0.06
USR_3950,MOV_5253,Love Today,Comedy,2022,4,10,1,92,0.23
USR_4057,MOV_5125,Hit List,Thriller,2024,4.5,23,1,172,0.92
USR_3129,MOV_5227,The GOAT,Action,2024,4,9,0,81,0.55
USR_3075,MOV_5068,Jai Bhim,Drama,2021,5,12,1,162,0.77
USR_3390,MOV_5220,Asuran,Action,2019,3,1,0,59,-0.08
USR_4133,MOV_5056,Fun Unlimited,Comedy,2026,3,0,0,28,-0.42
USR_3587,MOV_5056,Fun Unlimited,Comedy,2026,2.5,2,0,11,0.15
USR_3790,MOV_5119,Mehandi Circus,Romance,2019,3.5,10,1,87,0.6
USR_3112,MOV_5092,Jai Bhim,Drama,2021,3.5,8,0,97,0.49
USR_3915,MOV_5129,Naanum Rowdy Dhaan,Comedy,2015,1,4,0,26,-0.24
USR_3509,MOV_5264,Imaikkaa Nodigal,Thriller,2018,3,4,0,12,-0.08
USR_3661,MOV_5174,Time Loop 2,Sci-Fi,2026,1,1,0,26,-0.16
USR_3893,MOV_5080,Thug Life,Action,2025,5,21,0,136,0.83
USR_4163,MOV_5227,The GOAT,Action,2024,5,23,1,155,0.89
USR_3405,MOV_5057,Garudan,Drama,2024,5,17,1,145,0.96
USR_3703,MOV_5068,Jai Bhim,Drama,2021,2.5,4,0,55,0.06
USR_4134,MOV_5065,Ponniyin Selvan: Part 1,Drama,2022,2,4,0,29,-0.24
USR_4056,MOV_5101,Maanaadu,Sci-Fi,2021,3.5,5,0,95,0.51
USR_3486,MOV_5045,Vettaiyan,Thriller,2024,3.5,9,1,116,0.51
USR_3702,MOV_5129,Naanum Rowdy Dhaan,Comedy,2015,4,5,1,85,0.63
USR_3982,MOV_5251,Love Today,Comedy,2022,4,8,0,87,0.59
USR_3536,MOV_5175,Star,Romance,2024,5,19,1,155,0.95
USR_3130,MOV_5170,Garudan,Drama,2024,4,6,0,69,0.56
USR_3040,MOV_5017,Oh My Kadavule,Romance,2020,2.5,3,0,8,-0.5
USR_3620,MOV_5276,Kadaisi Vivasayi,Drama,2022,5,18,1,166,0.76
USR_3472,MOV_5022,Classic Love Story,Romance,2026,1.5,4,0,46,-0.47
USR_3514,MOV_5012,Vedalam,Action,2015,2,1,0,54,-0.08
USR_3221,MOV_5047,Meiyazhagan,Drama,2024,2.5,4,1,62,-0.07
USR_3853,MOV_5063,Star,Romance,2024,4,7,1,95,0.41
USR_3643,MOV_5056,Fun Unlimited,Comedy,2026,4,8,1,122,0.52
USR_3141,MOV_5064,Naanum Rowdy Dhaan,Comedy,2015,5,18,1,140,0.71
USR_3390,MOV_5278,Raayan,Action,2024,5,23,1,176,0.89
USR_3376,MOV_5178,Indru Netru Naalai,Sci-Fi,2015,5,17,1,131,0.78
USR_3975,MOV_5110,Maanaadu,Sci-Fi,2021,5,22,1,198,1
USR_3297,MOV_5117,Amaran,Action,2024,4,11,1,108,0.63
USR_3527,MOV_5153,Maanaadu,Sci-Fi,2021,4,7,0,107,0.26
USR_3977,MOV_5070,Jai Bhim,Drama,2021,2,0,0,15,-0.04
USR_3337,MOV_5134,Por Thozhil,Thriller,2023,3,2,0,41,-0.43
USR_3299,MOV_5100,Vikram Vedha,Thriller,2017,5,23,1,140,0.88
USR_3127,MOV_5246,Love Insurance Kompany,Romance,2025,4,9,1,96,0.31
USR_4116,MOV_5146,Visaranai,Thriller,2015,2,4,0,18,-0.05
USR_3386,MOV_5169,24,Sci-Fi,2016,5,14,1,163,1
USR_3193,MOV_5142,Kaaka Muttai,Drama,2015,5,13,1,179,0.83
USR_4057,MOV_5228,Thani Oruvan,Action,2015,2.5,0,0,57,-0.37
USR_3996,MOV_5235,Project AI,Sci-Fi,2025,5,14,1,170,0.83
USR_4161,MOV_5216,Classic Love Story,Romance,2026,1,0,0,8,-0.42
USR_3555,MOV_5274,Asuran,Action,2019,2.5,1,0,31,-0.29
USR_3983,MOV_5182,Thug Life,Action,2025,2,3,1,55,-0.34
USR_3041,MOV_5219,Kadhalum Kadandhu Pogum,Romance,2016,1,1,1,56,-0.06
USR_3418,MOV_5082,Vikram Vedha,Thriller,2017,5,20,1,148,0.84
USR_3611,MOV_5078,2,Sci-Fi,2018,2.5,1,0,38,0.13
USR_3354,MOV_5249,Kaithi,Action,2019,2.5,3,0,44,-0.35
USR_3195,MOV_5176,LKG,Comedy,2019,5,24,1,196,0.91
USR_3890,MOV_5168,Karnan,Drama,2021,3.5,8,0,128,0.57
USR_3198,MOV_5230,Vada Chennai,Action,2018,4.5,24,1,138,0.9
USR_3020,MOV_5257,Joe,Romance,2023,5,17,1,176,0.98
USR_3962,MOV_5281,Viduthalai Part 2,Thriller,2025,3.5,6,0,114,0.43
USR_4138,MOV_5287,Project AI,Sci-Fi,2025,4,7,1,75,0.67
USR_3940,MOV_5007,Viduthalai Part 1,Thriller,2023,4,6,1,106,0.65
USR_4127,MOV_5117,Amaran,Action,2024,2.5,4,0,52,-0.47
USR_3478,MOV_5229,Kabali,Action,2016,4,7,1,67,0.56
USR_3797,MOV_5259,Joe,Romance,2023,3,2,0,24,-0.39
USR_3295,MOV_5220,Asuran,Action,2019,5,24,1,192,0.83
USR_3560,MOV_5160,Garudan,Drama,2024,4,5,1,78,0.26
USR_4001,MOV_5238,Maanaadu,Sci-Fi,2021,3,4,0,35,-0.11
USR_3471,MOV_5029,Mari Selvaraj Next,Drama,2026,5,17,1,188,0.78
USR_3020,MOV_5081,Fun Unlimited,Comedy,2026,4,9,0,75,0.56
USR_3121,MOV_5208,96,Romance,2018,4,9,0,126,0.52
USR_3597,MOV_5248,Ayalaan,Sci-Fi,2024,4,8,0,93,0.37
USR_3522,MOV_5246,Love Insurance Kompany,Romance,2025,4.5,23,1,168,0.87
USR_3391,MOV_5289,Vada Chennai,Action,2018,5,17,1,172,0.82
USR_4190,MOV_5067,Indru Netru Naalai,Sci-Fi,2015,5,17,1,199,0.85
USR_3198,MOV_5065,Ponniyin Selvan: Part 1,Drama,2022,5,16,1,176,0.98
USR_3223,MOV_5021,Asuran,Action,2019,3.5,9,0,124,0.49
USR_3683,MOV_5110,Maanaadu,Sci-Fi,2021,4,11,1,68,0.4
USR_3934,MOV_5262,24,Sci-Fi,2016,2.5,3,0,45,0.14
USR_3028,MOV_5065,Ponniyin Selvan: Part 1,Drama,2022,4.5,23,1,132,0.98
USR_3329,MOV_5219,Kadhalum Kadandhu Pogum,Romance,2016,4,7,1,99,0.26
USR_3965,MOV_5258,Hey Sinamika,Romance,2022,2.5,3,0,27,-0.39
USR_3806,MOV_5153,Maanaadu,Sci-Fi,2021,4,9,1,82,0.65
USR_3216,MOV_5108,Ratsasan,Thriller,2018,3.5,6,0,110,0.64
USR_3732,MOV_5167,Maanaadu,Sci-Fi,2021,5,15,1,135,0.73
USR_3596,MOV_5264,Imaikkaa Nodigal,Thriller,2018,4,10,1,77,0.21
USR_3367,MOV_5042,Time Loop 2,Sci-Fi,2026,5,20,1,172,0.74
USR_3882,MOV_5033,2,Sci-Fi,2018,3.5,5,1,125,0.35
USR_3080,MOV_5136,Project AI,Sci-Fi,2025,5,16,1,198,0.86
USR_3703,MOV_5070,Jai Bhim,Drama,2021,4,8,0,120,0.52
USR_3958,MOV_5115,Mari Selvaraj Next,Drama,2026,3.5,8,0,102,0.62
USR_3987,MOV_5172,Doctor,Comedy,2021,3.5,7,1,95,0.22
USR_3468,MOV_5054,Kottukaali,Drama,2024,3.5,11,1,71,0.55
USR_4084,MOV_5033,2,Sci-Fi,2018,5,20,1,144,0.82
USR_4167,MOV_5164,Kaaka Muttai,Drama,2015,5,18,1,165,0.82
USR_3220,MOV_5258,Hey Sinamika,Romance,2022,4.5,13,1,158,0.73
USR_3464,MOV_5025,Kaithi,Action,2019,5,13,1,192,0.97
USR_3275,MOV_5126,Visaranai,Thriller,2015,2.5,4,0,12,-0.34
USR_3743,MOV_5058,Soorarai Pottru,Drama,2020,4,10,0,78,0.64
USR_3044,MOV_5286,Vettaiyan,Thriller,2024,5,21,1,153,0.84
USR_3560,MOV_5012,Vedalam,Action,2015,4,7,1,106,0.39
USR_3089,MOV_5090,O Kadhal Kanmani,Romance,2015,1.5,4,0,26,0.14
USR_3834,MOV_5062,Hit List,Thriller,2024,3,0,0,55,-0.37
USR_3504,MOV_5255,Oh My Kadavule,Romance,2020,5,15,1,143,0.86
USR_3824,MOV_5040,Comali,Comedy,2019,3,1,0,54,-0.17
USR_4174,MOV_5185,Love Today,Comedy,2022,5,23,1,181,0.81
USR_3987,MOV_5110,Maanaadu,Sci-Fi,2021,2,0,0,50,-0.43
USR_3570,MOV_5037,96,Romance,2018,2,1,0,30,-0.02
USR_3056,MOV_5083,Project AI,Sci-Fi,2025,5,22,1,197,0.85
USR_3800,MOV_5261,Love Today,Comedy,2022,2.5,4,0,47,0.12
USR_3466,MOV_5193,Kaaka Muttai,Drama,2015,3,4,0,50,-0.45
USR_3370,MOV_5172,Doctor,Comedy,2021,5,15,1,137,0.79
USR_3092,MOV_5289,Vada Chennai,Action,2018,2.5,2,0,26,-0.47
USR_3823,MOV_5156,Kottukaali,Drama,2024,3,4,0,61,-0.49
USR_4042,MOV_5226,Coolie,Action,2025,4.5,23,1,155,0.94
USR_3606,MOV_5235,Project AI,Sci-Fi,2025,3,2,0,23,-0.25
USR_3778,MOV_5119,Mehandi Circus,Romance,2019,5,24,1,196,0.88
USR_3761,MOV_5272,Meiyazhagan,Drama,2024,3.5,7,1,91,0.2
USR_3788,MOV_5180,Master,Action,2021,3.5,9,1,97,0.27
USR_3346,MOV_5019,Fun Unlimited,Comedy,2026,2.5,4,0,26,-0.37
USR_3695,MOV_5121,Amaran,Action,2024,2.5,3,0,51,-0.04
USR_4056,MOV_5176,LKG,Comedy,2019,1.5,4,1,6,-0.24
USR_3052,MOV_5259,Joe,Romance,2023,5,19,1,166,0.77
USR_3633,MOV_5100,Vikram Vedha,Thriller,2017,3.5,8,0,107,0.21
USR_3366,MOV_5164,Kaaka Muttai,Drama,2015,5,14,1,151,0.92
USR_4004,MOV_5067,Indru Netru Naalai,Sci-Fi,2015,2,1,0,9,-0.33
USR_3424,MOV_5254,Indru Netru Naalai,Sci-Fi,2015,3,2,0,56,-0.11
USR_3247,MOV_5257,Joe,Romance,2023,3.5,5,1,124,0.28
USR_3791,MOV_5284,Ratsasan,Thriller,2018,5,19,1,194,0.87
USR_3192,MOV_5269,Tik Tik Tik,Sci-Fi,2018,3.5,6,1,123,0.33
USR_3806,MOV_5260,Tik Tik Tik,Sci-Fi,2018,5,24,1,184,0.93
USR_3117,MOV_5202,Lubber Pandhu,Drama,2024,1.5,2,0,37,-0.1
USR_3673,MOV_5080,Thug Life,Action,2025,3,2,0,60,-0.3
USR_3968,MOV_5263,Kottukaali,Drama,2024,3.5,6,1,91,0.22
USR_3929,MOV_5285,Master,Action,2021,3.5,7,0,76,0.6
USR_3039,MOV_5220,Asuran,Action,2019,2,3,0,34,-0.17
USR_3491,MOV_5288,Time Loop 2,Sci-Fi,2026,1.5,3,0,31,-0.04
USR_4157,MOV_5024,Jailer,Action,2023,3.5,11,1,102,0.22
USR_3387,MOV_5033,2,Sci-Fi,2018,4.5,21,1,140,0.99
USR_3592,MOV_5215,The investigative report,Thriller,2026,4.5,16,0,172,1
USR_4171,MOV_5204,Lubber Pandhu,Drama,2024,4,9,1,109,0.44
USR_3571,MOV_5022,Classic Love Story,Romance,2026,4.5,14,1,167,0.98
USR_3049,MOV_5198,Tik Tik Tik,Sci-Fi,2018,1,1,0,42,0.14
USR_3368,MOV_5265,Vedalam,Action,2015,3.5,11,0,124,0.46
USR_3328,MOV_5087,Thug Life,Action,2025,4,5,1,99,0.35
USR_3638,MOV_5033,2,Sci-Fi,2018,5,16,1,193,0.77
USR_3128,MOV_5027,Viduthalai Part 1,Thriller,2023,5,24,1,178,0.73
USR_3121,MOV_5058,Soorarai Pottru,Drama,2020,5,20,1,158,0.82
USR_3358,MOV_5130,Oh My Kadavule,Romance,2020,5,16,1,148,0.99
USR_3531,MOV_5242,Imaikkaa Nodigal,Thriller,2018,3,1,0,14,-0.18
USR_3648,MOV_5234,Karnan,Drama,2021,3.5,5,1,123,0.26
USR_4108,MOV_5283,Tik Tik Tik,Sci-Fi,2018,5,20,1,151,0.79
USR_4162,MOV_5138,Kaaka Muttai,Drama,2015,2.5,2,0,45,0.15
USR_3433,MOV_5261,Love Today,Comedy,2022,4.5,14,1,190,0.72
USR_3552,MOV_5003,Jai Bhim,Drama,2021,4.5,12,1,144,0.76
USR_3022,MOV_5043,Thani Oruvan,Action,2015,1.5,4,1,60,0.04
USR_3816,MOV_5083,Project AI,Sci-Fi,2025,4,7,1,116,0.21
USR_3971,MOV_5158,Classic Love Story,Romance,2026,5,21,1,168,0.9
USR_3648,MOV_5283,Tik Tik Tik,Sci-Fi,2018,4.5,19,1,141,0.92
USR_3131,MOV_5053,Good Bad Ugly,Action,2025,1.5,0,0,52,-0.23
USR_3918,MOV_5169,24,Sci-Fi,2016,4,6,0,77,0.66
USR_4149,MOV_5096,Dhruva Natchathiram,Thriller,2025,4,7,0,116,0.55
USR_4117,MOV_5165,Amaran,Action,2024,4,11,1,113,0.23
USR_3949,MOV_5050,Indru Netru Naalai,Sci-Fi,2015,3.5,7,1,127,0.25
USR_3268,MOV_5106,Maanaadu,Sci-Fi,2021,5,14,1,164,0.93
USR_3591,MOV_5231,The investigative report,Thriller,2026,4.5,23,1,145,0.95
USR_3161,MOV_5042,Time Loop 2,Sci-Fi,2026,1.5,3,0,38,-0.5
USR_3150,MOV_5188,Kottukaali,Drama,2024,3.5,6,0,109,0.57
USR_3501,MOV_5143,Chitha,Thriller,2023,5,17,1,177,0.93
USR_3085,MOV_5276,Kadaisi Vivasayi,Drama,2022,2.5,2,0,17,-0.27
USR_4117,MOV_5210,O Kadhal Kanmani,Romance,2015,3,2,0,7,0.17
USR_4044,MOV_5237,Hit List,Thriller,2024,4.5,17,1,173,0.91
USR_3611,MOV_5282,Viduthalai Part 2,Thriller,2025,5,21,1,149,0.79
USR_4153,MOV_5173,Kaithi,Action,2019,1.5,2,0,15,0.14
USR_3991,MOV_5287,Project AI,Sci-Fi,2025,4.5,13,1,142,0.82
USR_3967,MOV_5167,Maanaadu,Sci-Fi,2021,4,5,0,110,0.68
USR_3031,MOV_5156,Kottukaali,Drama,2024,4,5,1,93,0.37
USR_3411,MOV_5029,Mari Selvaraj Next,Drama,2026,2,1,1,31,0.16
USR_3515,MOV_5210,O Kadhal Kanmani,Romance,2015,1,4,1,53,-0.07
USR_3509,MOV_5117,Amaran,Action,2024,5,18,1,154,0.72
USR_3199,MOV_5248,Ayalaan,Sci-Fi,2024,4,8,1,98,0.52
USR_3419,MOV_5148,Imaikkaa Nodigal,Thriller,2018,3,4,1,50,-0.25
USR_3250,MOV_5063,Star,Romance,2024,5,18,1,132,0.99
USR_3319,MOV_5205,Conjuring Kannappan,Comedy,2023,4,11,0,81,0.34
USR_3245,MOV_5026,Classic Love Story,Romance,2026,2,1,0,20,-0.02
USR_3698,MOV_5036,Tik Tik Tik,Sci-Fi,2018,3.5,6,0,71,0.35
USR_3385,MOV_5109,Garudan,Drama,2024,2.5,2,0,14,0.03
USR_3047,MOV_5280,Vettaiyan,Thriller,2024,4,11,1,70,0.58
USR_3135,MOV_5031,Dada,Comedy,2023,2,0,1,28,-0.34
USR_3854,MOV_5246,Love Insurance Kompany,Romance,2025,3,4,0,58,0.1
USR_3457,MOV_5046,Soorarai Pottru,Drama,2020,5,23,1,137,0.92
USR_4039,MOV_5122,Maanaadu,Sci-Fi,2021,3,2,0,33,-0.14
USR_3215,MOV_5241,Ayalaan,Sci-Fi,2024,4.5,15,1,161,0.96
USR_3144,MOV_5152,Garudan,Drama,2024,4,8,1,107,0.62
USR_3497,MOV_5130,Oh My Kadavule,Romance,2020,5,14,1,141,0.99
USR_3853,MOV_5236,Thug Life,Action,2025,4,6,1,102,0.31
USR_3639,MOV_5098,Game Over,Thriller,2019,1,1,0,18,0.17
USR_3745,MOV_5112,Maanaadu,Sci-Fi,2021,2,2,0,55,-0.39
USR_3715,MOV_5041,Thani Oruvan,Action,2015,3.5,7,1,111,0.57
USR_3455,MOV_5161,Good Night,Comedy,2023,4,11,0,120,0.33
USR_3251,MOV_5247,The investigative report,Thriller,2026,4,11,1,80,0.47
USR_3684,MOV_5071,Dhruva Natchathiram,Thriller,2025,4,6,1,105,0.56
USR_3823,MOV_5169,24,Sci-Fi,2016,3,4,1,34,-0.31
USR_3761,MOV_5031,Dada,Comedy,2023,4,10,0,71,0.35
USR_3013,MOV_5124,2,Sci-Fi,2018,3,2,0,44,-0.19
USR_3981,MOV_5073,Thug Life,Action,2025,5,23,1,174,0.91
USR_3120,MOV_5157,Mari Selvaraj Next,Drama,2026,1,3,0,65,-0.07
USR_3824,MOV_5241,Ayalaan,Sci-Fi,2024,4,7,1,106,0.54
USR_3484,MOV_5195,Sita Ramam (Tamil),Romance,2022,2.5,1,0,43,0.01
USR_3556,MOV_5114,Tik Tik Tik,Sci-Fi,2018,4,7,0,79,0.63
USR_3732,MOV_5250,Visaranai,Thriller,2015,5,23,1,186,0.75
USR_3425,MOV_5016,Oh My Kadavule,Romance,2020,4,11,1,128,0.57
USR_4097,MOV_5236,Thug Life,Action,2025,5,21,1,194,0.92
USR_3613,MOV_5038,O Kadhal Kanmani,Romance,2015,4.5,16,1,132,0.71
USR_3635,MOV_5025,Kaithi,Action,2019,4,11,1,76,0.33
USR_3753,MOV_5006,Rajinimurugan,Comedy,2016,5,21,1,166,0.84
USR_3795,MOV_5218,O Kadhal Kanmani,Romance,2015,2,4,0,58,-0.46
USR_3828,MOV_5054,Kottukaali,Drama,2024,4,11,1,116,0.49
USR_3324,MOV_5019,Fun Unlimited,Comedy,2026,2,4,1,29,0.04
USR_3570,MOV_5049,Asuran,Action,2019,4,5,0,117,0.25
USR_3264,MOV_5232,Dhuruvangal Pathinaaru,Thriller,2016,5,18,1,159,0.72
USR_3624,MOV_5271,Mari Selvaraj Next,Drama,2026,2,4,0,18,-0.36
USR_3215,MOV_5109,Garudan,Drama,2024,4.5,19,1,166,0.94
USR_3937,MOV_5063,Star,Romance,2024,5,20,1,196,0.94
USR_4122,MOV_5082,Vikram Vedha,Thriller,2017,5,13,1,162,0.8
USR_3717,MOV_5130,Oh My Kadavule,Romance,2020,3,4,0,18,0.11
USR_4192,MOV_5165,Amaran,Action,2024,2,3,1,32,0.02
USR_3243,MOV_5045,Vettaiyan,Thriller,2024,3,2,0,30,-0.24
USR_3021,MOV_5010,Tik Tik Tik,Sci-Fi,2018,4.5,22,1,173,0.78
USR_3973,MOV_5088,Naanum Rowdy Dhaan,Comedy,2015,4.5,22,1,191,0.98
USR_3036,MOV_5151,Kaithi,Action,2019,5,22,1,137,0.72
USR_3457,MOV_5145,Time Loop 2,Sci-Fi,2026,5,23,1,132,0.7
USR_3837,MOV_5005,Maya,Thriller,2015,2.5,2,0,57,-0.42
USR_3791,MOV_5047,Meiyazhagan,Drama,2024,3.5,11,1,68,0.26
USR_3154,MOV_5068,Jai Bhim,Drama,2021,2,2,0,31,-0.39
USR_3803,MOV_5093,Theri,Action,2016,4,6,1,80,0.46
USR_4132,MOV_5152,Garudan,Drama,2024,2,3,0,48,0.18
USR_3498,MOV_5016,Oh My Kadavule,Romance,2020,2.5,3,0,31,-0.41
USR_3188,MOV_5008,Kanguva 2,Action,2026,5,12,1,136,0.84
USR_3599,MOV_5170,Garudan,Drama,2024,2.5,0,0,33,0.18
USR_3644,MOV_5070,Jai Bhim,Drama,2021,2.5,1,0,64,-0.27
USR_3409,MOV_5047,Meiyazhagan,Drama,2024,3.5,8,1,104,0.44
USR_3547,MOV_5135,Thug Life,Action,2025,5,13,1,177,0.74
USR_3862,MOV_5264,Imaikkaa Nodigal,Thriller,2018,2.5,3,0,15,-0.27
USR_4030,MOV_5263,Kottukaali,Drama,2024,5,22,1,183,0.76
USR_3099,MOV_5141,Vetri Maaran Next,Action,2026,1,2,0,12,-0.39
USR_3965,MOV_5012,Vedalam,Action,2015,3.5,9,0,111,0.41
USR_3282,MOV_5243,Star,Romance,2024,3.5,6,1,129,0.32
USR_3381,MOV_5183,Vaadivaasal,Drama,2025,4,9,1,83,0.22
USR_3256,MOV_5228,Thani Oruvan,Action,2015,3,2,1,32,-0.22
USR_3637,MOV_5069,O Kadhal Kanmani,Romance,2015,3.5,10,0,103,0.42
USR_3962,MOV_5281,Viduthalai Part 2,Thriller,2025,3,3,0,61,-0.38
USR_3142,MOV_5024,Jailer,Action,2023,2.5,1,0,43,0.15
USR_3959,MOV_5268,Dada,Comedy,2023,2,0,0,27,0.15
USR_4101,MOV_5199,96,Romance,2018,2.5,2,0,46,-0.16
USR_3601,MOV_5183,Vaadivaasal,Drama,2025,4,9,1,118,0.39
USR_3015,MOV_5140,Love Insurance Kompany,Romance,2025,4,8,1,70,0.67
USR_3880,MOV_5144,Ratsasan,Thriller,2018,2,1,0,6,-0.36
USR_3480,MOV_5153,Maanaadu,Sci-Fi,2021,5,21,1,177,0.81
USR_3412,MOV_5079,Chitha,Thriller,2023,4,5,1,118,0.37
USR_3054,MOV_5083,Project AI,Sci-Fi,2025,2,1,0,29,-0.02
USR_4184,MOV_5140,Love Insurance Kompany,Romance,2025,2,3,0,21,0.03
USR_3713,MOV_5191,Imaikkaa Nodigal,Thriller,2018,2.5,3,0,19,-0.07
USR_3202,MOV_5028,Doctor,Comedy,2021,4,9,1,126,0.59
USR_4089,MOV_5222,Vikram Vedha,Thriller,2017,2,0,0,27,-0.25
USR_3897,MOV_5239,Time Loop 2,Sci-Fi,2026,3.5,11,0,86,0.45
USR_3534,MOV_5158,Classic Love Story,Romance,2026,5,22,1,155,0.86
USR_3057,MOV_5187,Ponniyin Selvan: Part 1,Drama,2022,4.5,22,0,176,0.93
USR_3133,MOV_5130,Oh My Kadavule,Romance,2020,5,14,0,158,0.7
USR_3153,MOV_5175,Star,Romance,2024,2,1,0,26,-0.23
USR_3428,MOV_5228,Thani Oruvan,Action,2015,5,21,0,139,0.85
USR_3525,MOV_5226,Coolie,Action,2025,5,20,1,163,0.75
USR_3499,MOV_5040,Comali,Comedy,2019,5,21,1,137,0.78
USR_3119,MOV_5092,Jai Bhim,Drama,2021,4,8,0,74,0.52
USR_3566,MOV_5022,Classic Love Story,Romance,2026,1,3,0,61,0.1
USR_3226,MOV_5098,Game Over,Thriller,2019,4,7,1,126,0.61
USR_4193,MOV_5207,Meiyazhagan,Drama,2024,4,8,0,101,0.35
USR_3865,MOV_5136,Project AI,Sci-Fi,2025,4.5,17,1,171,0.8
USR_4177,MOV_5123,Thiruchitrambalam,Romance,2022,1,4,0,33,-0.33
USR_3480,MOV_5275,Love Today,Comedy,2022,5,23,1,185,0.96
USR_4099,MOV_5249,Kaithi,Action,2019,1,4,0,31,-0.09
USR_3485,MOV_5151,Kaithi,Action,2019,5,19,1,169,0.97
USR_3545,MOV_5237,Hit List,Thriller,2024,3,2,0,57,-0.16
USR_3276,MOV_5259,Joe,Romance,2023,4.5,16,1,173,0.73
USR_4153,MOV_5249,Kaithi,Action,2019,4,9,1,129,0.68
USR_4107,MOV_5208,96,Romance,2018,4,10,1,98,0.38
USR_3835,MOV_5113,Oh My Kadavule,Romance,2020,3.5,7,1,125,0.4
USR_3646,MOV_5008,Kanguva 2,Action,2026,2,3,0,49,0
USR_4142,MOV_5094,Sita Ramam (Tamil),Romance,2022,4,11,0,123,0.5
USR_3679,MOV_5015,Doctor,Comedy,2021,5,17,1,195,0.71
USR_3341,MOV_5171,Love Insurance Kompany,Romance,2025,5,18,1,166,0.95
USR_3104,MOV_5051,Tik Tik Tik,Sci-Fi,2018,5,12,1,189,0.78
USR_3135,MOV_5184,Mookuthi Amman,Comedy,2020,4,7,1,93,0.41
USR_4018,MOV_5263,Kottukaali,Drama,2024,2,2,1,34,0.14
USR_3532,MOV_5272,Meiyazhagan,Drama,2024,3.5,7,1,81,0.51
USR_3057,MOV_5156,Kottukaali,Drama,2024,2.5,2,0,65,0.06
USR_3143,MOV_5284,Ratsasan,Thriller,2018,3.5,10,0,94,0.25
USR_3778,MOV_5282,Viduthalai Part 2,Thriller,2025,4,10,1,82,0.66
USR_3411,MOV_5199,96,Romance,2018,4,5,1,117,0.46
USR_3717,MOV_5217,Game Over,Thriller,2019,3.5,8,0,99,0.53
USR_3346,MOV_5086,Project AI,Sci-Fi,2025,1,4,0,40,-0.18
USR_3610,MOV_5224,Indru Netru Naalai,Sci-Fi,2015,2,0,0,40,-0.48
USR_4192,MOV_5120,Game Over,Thriller,2019,3,1,0,8,-0.31
USR_3741,MOV_5045,Vettaiyan,Thriller,2024,3.5,7,1,72,0.64
USR_3719,MOV_5101,Maanaadu,Sci-Fi,2021,4,10,1,124,0.69
USR_3333,MOV_5014,Viduthalai Part 2,Thriller,2025,4,8,0,100,0.52
USR_3776,MOV_5007,Viduthalai Part 1,Thriller,2023,5,19,1,170,0.98
USR_3149,MOV_5215,The investigative report,Thriller,2026,2,3,0,60,0.03
USR_3562,MOV_5161,Good Night,Comedy,2023,2,1,0,65,0.05
USR_3419,MOV_5173,Kaithi,Action,2019,5,24,0,132,0.73
USR_3674,MOV_5258,Hey Sinamika,Romance,2022,5,14,1,193,0.95
USR_3961,MOV_5276,Kadaisi Vivasayi,Drama,2022,5,19,1,142,0.78
USR_3952,MOV_5173,Kaithi,Action,2019,1,0,0,43,-0.02
USR_3908,MOV_5076,Viduthalai Part 1,Thriller,2023,4,9,1,88,0.53
USR_3318,MOV_5221,Hey Sinamika,Romance,2022,4.5,18,1,156,0.74
USR_3489,MOV_5158,Classic Love Story,Romance,2026,4.5,15,1,192,0.82
USR_3953,MOV_5153,Maanaadu,Sci-Fi,2021,5,21,1,178,0.81
USR_3481,MOV_5084,Don,Comedy,2022,2.5,0,0,16,-0.13
USR_4196,MOV_5134,Por Thozhil,Thriller,2023,4,9,1,116,0.23
USR_3849,MOV_5279,Doctor,Comedy,2021,4,8,1,97,0.46
USR_3392,MOV_5085,Good Night,Comedy,2023,4,5,0,102,0.44
USR_3924,MOV_5090,O Kadhal Kanmani,Romance,2015,5,19,1,179,0.7
USR_3691,MOV_5201,Don,Comedy,2022,3,3,0,47,-0.43
USR_3623,MOV_5255,Oh My Kadavule,Romance,2020,2,4,0,38,-0.11
USR_3919,MOV_5133,Viduthalai Part 1,Thriller,2023,2,2,0,31,-0.44
USR_3985,MOV_5244,Raayan,Action,2024,4,10,1,101,0.32
USR_3785,MOV_5119,Mehandi Circus,Romance,2019,4.5,12,1,192,0.98
USR_4131,MOV_5099,Ayalaan,Sci-Fi,2024,5,15,1,169,1
USR_3015,MOV_5119,Mehandi Circus,Romance,2019,4,5,0,125,0.66
USR_3226,MOV_5159,Vikram,Action,2022,3.5,10,1,118,0.63
USR_3751,MOV_5065,Ponniyin Selvan: Part 1,Drama,2022,5,14,1,188,0.94
USR_4135,MOV_5177,Jailer,Action,2023,5,22,1,156,0.95
USR_3422,MOV_5061,O Kadhal Kanmani,Romance,2015,2.5,2,0,60,-0.35
USR_3642,MOV_5211,Indru Netru Naalai,Sci-Fi,2015,5,19,1,178,0.89
USR_3893,MOV_5129,Naanum Rowdy Dhaan,Comedy,2015,3.5,10,1,110,0.39
USR_3513,MOV_5152,Garudan,Drama,2024,2.5,1,0,40,-0.38
USR_4024,MOV_5073,Thug Life,Action,2025,5,15,1,134,0.94
USR_3340,MOV_5106,Maanaadu,Sci-Fi,2021,2.5,1,1,33,-0.1
USR_3299,MOV_5013,Maanaadu,Sci-Fi,2021,2.5,4,0,61,-0.1
USR_3705,MOV_5072,Comali,Comedy,2019,2.5,4,0,22,-0.05
USR_4037,MOV_5109,Garudan,Drama,2024,3.5,9,0,91,0.36
USR_3512,MOV_5204,Lubber Pandhu,Drama,2024,3.5,8,1,100,0.4
USR_3071,MOV_5068,Jai Bhim,Drama,2021,5,12,1,150,0.73
USR_3262,MOV_5143,Chitha,Thriller,2023,3,2,0,10,0.09
USR_3648,MOV_5159,Vikram,Action,2022,4,8,1,100,0.52
USR_3570,MOV_5027,Viduthalai Part 1,Thriller,2023,4.5,21,1,189,0.99
USR_3147,MOV_5257,Joe,Romance,2023,4,5,0,102,0.45
USR_3184,MOV_5146,Visaranai,Thriller,2015,5,16,1,189,1
USR_3904,MOV_5138,Kaaka Muttai,Drama,2015,5,17,1,170,0.85
USR_3290,MOV_5280,Vettaiyan,Thriller,2024,4,5,1,84,0.33
USR_4182,MOV_5244,Raayan,Action,2024,2.5,4,0,58,-0.14
USR_3985,MOV_5149,Coolie,Action,2025,4,7,1,113,0.31
USR_3880,MOV_5151,Kaithi,Action,2019,5,22,1,182,0.87
USR_3938,MOV_5193,Kaaka Muttai,Drama,2015,4,11,0,103,0.64
USR_3824,MOV_5083,Project AI,Sci-Fi,2025,2,4,0,36,-0.01
USR_3852,MOV_5130,Oh My Kadavule,Romance,2020,2.5,2,0,10,0.14
USR_4076,MOV_5282,Viduthalai Part 2,Thriller,2025,3.5,7,1,72,0.35
USR_3293,MOV_5289,Vada Chennai,Action,2018,2.5,0,0,39,0.12
USR_4135,MOV_5235,Project AI,Sci-Fi,2025,5,23,1,162,0.73
USR_3777,MOV_5187,Ponniyin Selvan: Part 1,Drama,2022,5,20,1,172,0.99
USR_3145,MOV_5182,Thug Life,Action,2025,4.5,18,1,150,0.92
USR_3705,MOV_5127,Vada Chennai,Action,2018,5,18,1,153,0.78
USR_4096,MOV_5120,Game Over,Thriller,2019,3.5,6,1,100,0.32
USR_3983,MOV_5130,Oh My Kadavule,Romance,2020,5,17,1,138,0.75
USR_4044,MOV_5074,Conjuring Kannappan,Comedy,2023,2.5,0,0,52,0.06
USR_4045,MOV_5216,Classic Love Story,Romance,2026,5,19,1,193,0.96
USR_3020,MOV_5276,Kadaisi Vivasayi,Drama,2022,5,18,1,184,0.91
USR_3405,MOV_5166,Vettaiyan,Thriller,2024,4.5,13,1,151,0.96
USR_4153,MOV_5202,Lubber Pandhu,Drama,2024,4,6,1,66,0.5
USR_4000,MOV_5235,Project AI,Sci-Fi,2025,3,4,0,48,-0.43
USR_4045,MOV_5183,Vaadivaasal,Drama,2025,2,1,0,11,-0.07
USR_3200,MOV_5197,Vikram Vedha,Thriller,2017,4,9,1,105,0.26
USR_3537,MOV_5083,Project AI,Sci-Fi,2025,4,9,1,115,0.35
USR_4088,MOV_5189,Thani Oruvan,Action,2015,4,6,1,70,0.51
USR_3091,MOV_5216,Classic Love Story,Romance,2026,5,12,1,155,0.89
USR_3324,MOV_5262,24,Sci-Fi,2016,2,0,0,25,-0.45
USR_3798,MOV_5231,The investigative report,Thriller,2026,5,15,1,194,0.86
USR_3073,MOV_5153,Maanaadu,Sci-Fi,2021,5,22,1,157,0.96
USR_3284,MOV_5103,Visaranai,Thriller,2015,4,10,1,116,0.37
USR_4157,MOV_5183,Vaadivaasal,Drama,2025,2.5,3,0,37,-0.26
USR_4146,MOV_5220,Asuran,Action,2019,3.5,6,1,112,0.25
USR_3401,MOV_5170,Garudan,Drama,2024,1.5,1,0,61,0.17
USR_3544,MOV_5139,Dhuruvangal Pathinaaru,Thriller,2016,3.5,10,1,84,0.57
USR_3565,MOV_5126,Visaranai,Thriller,2015,5,16,1,165,0.73
USR_3644,MOV_5164,Kaaka Muttai,Drama,2015,4,7,0,112,0.58
USR_3863,MOV_5024,Jailer,Action,2023,4,10,1,83,0.65
USR_3644,MOV_5241,Ayalaan,Sci-Fi,2024,3.5,7,1,108,0.44
USR_3902,MOV_5124,2,Sci-Fi,2018,3.5,6,0,80,0.62
USR_3949,MOV_5263,Kottukaali,Drama,2024,3.5,7,1,117,0.59
USR_3858,MOV_5094,Sita Ramam (Tamil),Romance,2022,2,1,0,20,0.14
USR_3048,MOV_5280,Vettaiyan,Thriller,2024,4.5,20,1,134,0.82
USR_3135,MOV_5082,Vikram Vedha,Thriller,2017,4,8,1,100,0.56
USR_3904,MOV_5248,Ayalaan,Sci-Fi,2024,4,10,1,67,0.33
USR_3777,MOV_5070,Jai Bhim,Drama,2021,3.5,7,1,90,0.24
USR_3561,MOV_5200,Viduthalai Part 2,Thriller,2025,4.5,18,1,197,0.8
USR_3841,MOV_5014,Viduthalai Part 2,Thriller,2025,5,23,1,144,0.77
USR_4116,MOV_5075,Doctor,Comedy,2021,5,21,1,140,0.86
USR_3547,MOV_5045,Vettaiyan,Thriller,2024,5,18,1,181,0.8
USR_3920,MOV_5033,2,Sci-Fi,2018,4.5,24,1,149,0.74
USR_3704,MOV_5107,Indru Netru Naalai,Sci-Fi,2015,4.5,17,1,199,0.97
USR_3089,MOV_5059,Vikram,Action,2022,5,20,1,186,0.87
USR_3742,MOV_5138,Kaaka Muttai,Drama,2015,3.5,7,1,82,0.34
USR_3696,MOV_5200,Viduthalai Part 2,Thriller,2025,4,10,1,110,0.36
USR_3232,MOV_5141,Vetri Maaran Next,Action,2026,4.5,23,1,168,0.71
USR_3797,MOV_5235,Project AI,Sci-Fi,2025,3.5,10,1,128,0.57
USR_3992,MOV_5113,Oh My Kadavule,Romance,2020,5,23,1,165,0.99
USR_3145,MOV_5074,Conjuring Kannappan,Comedy,2023,2,0,0,55,-0.28
USR_3749,MOV_5063,Star,Romance,2024,4.5,20,1,181,0.73
USR_3169,MOV_5278,Raayan,Action,2024,2.5,4,0,46,-0.34
USR_4078,MOV_5237,Hit List,Thriller,2024,4,9,1,104,0.25
USR_4008,MOV_5186,Kottukaali,Drama,2024,3.5,6,1,100,0.2
USR_3784,MOV_5066,Thani Oruvan,Action,2015,4,10,0,70,0.48
USR_4143,MOV_5122,Maanaadu,Sci-Fi,2021,4.5,16,1,172,1
USR_4187,MOV_5153,Maanaadu,Sci-Fi,2021,2.5,0,0,51,0.09
USR_4163,MOV_5119,Mehandi Circus,Romance,2019,3.5,11,0,73,0.68
USR_3328,MOV_5003,Jai Bhim,Drama,2021,5,20,1,183,0.84
USR_3568,MOV_5005,Maya,Thriller,2015,2,1,0,63,0.02
USR_3699,MOV_5003,Jai Bhim,Drama,2021,4,10,1,125,0.21
USR_3513,MOV_5132,Indru Netru Naalai,Sci-Fi,2015,2,3,0,38,-0.08
USR_3811,MOV_5221,Hey Sinamika,Romance,2022,4,6,0,128,0.46
USR_3748,MOV_5117,Amaran,Action,2024,3.5,8,0,114,0.2
USR_4034,MOV_5058,Soorarai Pottru,Drama,2020,2.5,2,0,54,0.12
USR_3306,MOV_5156,Kottukaali,Drama,2024,4,6,0,82,0.41
USR_3964,MOV_5174,Time Loop 2,Sci-Fi,2026,3.5,5,1,72,0.66
USR_3032,MOV_5225,Theri,Action,2016,1.5,2,1,30,-0.28
USR_4148,MOV_5227,The GOAT,Action,2024,3,0,1,40,-0.35
USR_3601,MOV_5017,Oh My Kadavule,Romance,2020,2.5,4,0,62,-0.11
USR_3462,MOV_5168,Karnan,Drama,2021,5,13,1,179,0.78
USR_3265,MOV_5017,Oh My Kadavule,Romance,2020,4,10,0,86,0.61
USR_3562,MOV_5285,Master,Action,2021,4,11,1,68,0.44
USR_3166,MOV_5154,Siren,Romance,2024,2.5,1,0,14,-0.06
USR_3652,MOV_5052,Chitha,Thriller,2023,3,1,0,26,0.1
USR_3167,MOV_5156,Kottukaali,Drama,2024,2,1,0,14,-0.45
USR_3113,MOV_5046,Soorarai Pottru,Drama,2020,5,17,1,147,0.98
USR_4133,MOV_5128,Vetri Maaran Next,Action,2026,4,5,0,90,0.34
USR_3369,MOV_5168,Karnan,Drama,2021,2.5,1,0,7,-0.17
USR_3530,MOV_5071,Dhruva Natchathiram,Thriller,2025,3.5,6,1,123,0.67
USR_3144,MOV_5265,Vedalam,Action,2015,2,2,0,16,-0.13
USR_4136,MOV_5221,Hey Sinamika,Romance,2022,5,23,1,184,0.72
USR_3472,MOV_5125,Hit List,Thriller,2024,5,20,1,180,0.89
USR_3660,MOV_5232,Dhuruvangal Pathinaaru,Thriller,2016,2.5,2,0,55,0.08
USR_4068,MOV_5267,Time Loop 2,Sci-Fi,2026,2,1,0,60,-0.28
USR_3208,MOV_5044,Joe,Romance,2023,5,12,1,178,0.75
USR_3968,MOV_5193,Kaaka Muttai,Drama,2015,3.5,9,1,90,0.33
USR_3022,MOV_5053,Good Bad Ugly,Action,2025,5,16,1,156,0.81
USR_3072,MOV_5211,Indru Netru Naalai,Sci-Fi,2015,4,7,1,106,0.21
USR_3303,MOV_5165,Amaran,Action,2024,2.5,0,0,61,-0.45
USR_3867,MOV_5123,Thiruchitrambalam,Romance,2022,3.5,8,0,105,0.35
USR_3979,MOV_5203,Lubber Pandhu,Drama,2024,3,1,0,13,-0.34
USR_4136,MOV_5063,Star,Romance,2024,5,24,1,164,0.94
USR_3271,MOV_5271,Mari Selvaraj Next,Drama,2026,4.5,20,1,131,0.82
USR_4106,MOV_5224,Indru Netru Naalai,Sci-Fi,2015,5,15,1,143,0.75
USR_3509,MOV_5054,Kottukaali,Drama,2024,2,3,0,31,-0.03
USR_3434,MOV_5047,Meiyazhagan,Drama,2024,2.5,1,0,56,-0.38
USR_3547,MOV_5008,Kanguva 2,Action,2026,5,12,1,186,0.96
USR_4024,MOV_5232,Dhuruvangal Pathinaaru,Thriller,2016,2.5,4,0,9,-0.26
USR_4133,MOV_5046,Soorarai Pottru,Drama,2020,2,2,1,30,-0.39
USR_3116,MOV_5012,Vedalam,Action,2015,2.5,4,0,61,-0.45
USR_3366,MOV_5258,Hey Sinamika,Romance,2022,1.5,1,0,62,-0.46
USR_3735,MOV_5171,Love Insurance Kompany,Romance,2025,2.5,1,0,43,-0.16
USR_3196,MOV_5271,Mari Selvaraj Next,Drama,2026,4.5,13,1,159,0.79
USR_3338,MOV_5047,Meiyazhagan,Drama,2024,5,15,1,143,0.99
USR_3663,MOV_5165,Amaran,Action,2024,5,15,1,192,0.79
USR_3522,MOV_5081,Fun Unlimited,Comedy,2026,2.5,0,0,51,-0.03
USR_3347,MOV_5232,Dhuruvangal Pathinaaru,Thriller,2016,2,4,0,18,-0.3
USR_3466,MOV_5060,Maharaja,Action,2024,4,6,0,69,0.59
USR_4013,MOV_5194,Vada Chennai,Action,2018,5,18,1,181,0.85
USR_3734,MOV_5129,Naanum Rowdy Dhaan,Comedy,2015,5,20,1,145,0.93
USR_3819,MOV_5163,Naanum Rowdy Dhaan,Comedy,2015,5,23,1,180,0.87
USR_3434,MOV_5151,Kaithi,Action,2019,4,9,1,100,0.33
USR_3557,MOV_5101,Maanaadu,Sci-Fi,2021,2.5,3,0,65,-0.19
USR_4112,MOV_5281,Viduthalai Part 2,Thriller,2025,5,20,0,142,0.7
USR_3237,MOV_5180,Master,Action,2021,5,21,1,161,1
USR_3117,MOV_5150,Maya,Thriller,2015,2.5,4,0,63,-0.41
USR_3420,MOV_5059,Vikram,Action,2022,2.5,3,0,57,0.05
USR_3252,MOV_5128,Vetri Maaran Next,Action,2026,5,19,1,191,0.72
USR_3163,MOV_5226,Coolie,Action,2025,4,6,1,99,0.62
USR_3924,MOV_5198,Tik Tik Tik,Sci-Fi,2018,5,13,1,137,0.9
USR_3516,MOV_5035,Ayalaan,Sci-Fi,2024,2,3,0,42,-0.22
USR_3859,MOV_5113,Oh My Kadavule,Romance,2020,5,14,1,164,0.77
USR_3836,MOV_5099,Ayalaan,Sci-Fi,2024,4,8,0,129,0.44
USR_3514,MOV_5186,Kottukaali,Drama,2024,4,6,0,125,0.42
USR_3461,MOV_5052,Chitha,Thriller,2023,2,1,0,11,-0.35
USR_3237,MOV_5108,Ratsasan,Thriller,2018,2.5,2,0,61,-0.45
USR_3517,MOV_5257,Joe,Romance,2023,1,3,0,40,-0.35
USR_4119,MOV_5287,Project AI,Sci-Fi,2025,2.5,1,0,55,-0.06
USR_3565,MOV_5122,Maanaadu,Sci-Fi,2021,5,13,1,173,0.81
USR_3969,MOV_5211,Indru Netru Naalai,Sci-Fi,2015,3.5,6,0,102,0.26
USR_3768,MOV_5127,Vada Chennai,Action,2018,2.5,0,0,39,-0.24
USR_3863,MOV_5199,96,Romance,2018,2.5,3,0,31,0.12
USR_3647,MOV_5007,Viduthalai Part 1,Thriller,2023,4,9,1,115,0.44
USR_3223,MOV_5204,Lubber Pandhu,Drama,2024,3,2,0,31,-0.17
USR_3228,MOV_5030,Indru Netru Naalai,Sci-Fi,2015,3.5,6,1,92,0.53
USR_4120,MOV_5232,Dhuruvangal Pathinaaru,Thriller,2016,4,6,0,117,0.52
USR_3025,MOV_5184,Mookuthi Amman,Comedy,2020,5,19,1,199,0.87
USR_3411,MOV_5157,Mari Selvaraj Next,Drama,2026,5,24,1,192,0.78
USR_4139,MOV_5150,Maya,Thriller,2015,2.5,2,0,37,0.05
USR_4117,MOV_5275,Love Today,Comedy,2022,2,1,0,57,-0.45
USR_4051,MOV_5264,Imaikkaa Nodigal,Thriller,2018,5,21,1,151,0.96
USR_3062,MOV_5131,2,Sci-Fi,2018,4,7,0,108,0.23
USR_3977,MOV_5191,Imaikkaa Nodigal,Thriller,2018,4.5,13,1,131,0.93
USR_3768,MOV_5057,Garudan,Drama,2024,5,12,1,153,0.76
USR_3742,MOV_5165,Amaran,Action,2024,5,16,1,174,0.81
USR_3835,MOV_5054,Kottukaali,Drama,2024,5,19,1,197,0.73
USR_3031,MOV_5075,Doctor,Comedy,2021,3.5,7,1,73,0.38
USR_3138,MOV_5040,Comali,Comedy,2019,5,17,1,155,0.75
USR_3789,MOV_5200,Viduthalai Part 2,Thriller,2025,4,11,1,110,0.5
USR_3095,MOV_5281,Viduthalai Part 2,Thriller,2025,5,13,1,175,0.89
USR_3995,MOV_5144,Ratsasan,Thriller,2018,3.5,7,0,112,0.66
USR_3976,MOV_5162,Kanguva 2,Action,2026,2.5,1,0,47,0.1
USR_3959,MOV_5031,Dada,Comedy,2023,5,14,1,177,0.99
USR_4060,MOV_5162,Kanguva 2,Action,2026,3.5,7,0,88,0.51
USR_3693,MOV_5057,Garudan,Drama,2024,5,23,1,140,0.79
USR_3075,MOV_5183,Vaadivaasal,Drama,2025,1.5,4,0,26,-0.28
USR_3871,MOV_5079,Chitha,Thriller,2023,2.5,2,1,40,-0.4
USR_3983,MOV_5139,Dhuruvangal Pathinaaru,Thriller,2016,5,19,1,188,0.98
USR_3287,MOV_5107,Indru Netru Naalai,Sci-Fi,2015,4,11,0,86,0.4
USR_3596,MOV_5132,Indru Netru Naalai,Sci-Fi,2015,4,11,0,84,0.54
USR_3171,MOV_5267,Time Loop 2,Sci-Fi,2026,1,0,0,10,-0.06
USR_4154,MOV_5049,Asuran,Action,2019,5,21,1,154,0.89
USR_3313,MOV_5071,Dhruva Natchathiram,Thriller,2025,5,24,1,147,0.84
USR_3928,MOV_5229,Kabali,Action,2016,4,7,0,120,0.46
USR_3847,MOV_5173,Kaithi,Action,2019,4.5,20,1,133,0.92
USR_3166,MOV_5035,Ayalaan,Sci-Fi,2024,2.5,3,0,32,0.15
USR_3680,MOV_5132,Indru Netru Naalai,Sci-Fi,2015,4.5,20,1,186,0.73
USR_3978,MOV_5206,Indru Netru Naalai,Sci-Fi,2015,5,14,0,165,0.91
USR_4138,MOV_5168,Karnan,Drama,2021,4.5,19,1,142,0.9
USR_3637,MOV_5053,Good Bad Ugly,Action,2025,2.5,2,0,6,0.11
USR_4029,MOV_5277,Brother,Comedy,2024,4.5,22,1,190,0.81
USR_4021,MOV_5091,Tik Tik Tik,Sci-Fi,2018,2,4,0,39,-0.24
USR_3001,MOV_5030,Indru Netru Naalai,Sci-Fi,2015,2,3,0,49,-0.26
USR_4020,MOV_5109,Garudan,Drama,2024,4,9,1,129,0.27
USR_4107,MOV_5158,Classic Love Story,Romance,2026,4,9,1,67,0.29
USR_3165,MOV_5289,Vada Chennai,Action,2018,4,6,1,68,0.48
USR_4024,MOV_5197,Vikram Vedha,Thriller,2017,5,13,1,151,0.89
USR_3360,MOV_5189,Thani Oruvan,Action,2015,1.5,2,0,14,-0.03
USR_4097,MOV_5277,Brother,Comedy,2024,2.5,3,0,57,-0.32
USR_3529,MOV_5126,Visaranai,Thriller,2015,2.5,2,0,53,-0.03
USR_3986,MOV_5031,Dada,Comedy,2023,4.5,17,1,150,0.89
USR_3519,MOV_5088,Naanum Rowdy Dhaan,Comedy,2015,2.5,3,0,20,-0.38
USR_4146,MOV_5050,Indru Netru Naalai,Sci-Fi,2015,4,8,1,113,0.25
USR_3686,MOV_5032,Dhruva Natchathiram,Thriller,2025,4,5,0,78,0.34
USR_3678,MOV_5191,Imaikkaa Nodigal,Thriller,2018,5,22,0,158,0.9
USR_3323,MOV_5046,Soorarai Pottru,Drama,2020,4,9,0,77,0.43
USR_3490,MOV_5050,Indru Netru Naalai,Sci-Fi,2015,3.5,7,1,66,0.22
USR_3145,MOV_5123,Thiruchitrambalam,Romance,2022,2,2,0,34,-0.11
USR_3008,MOV_5156,Kottukaali,Drama,2024,4.5,22,1,192,0.81
USR_3796,MOV_5223,Chitha,Thriller,2023,4.5,16,1,147,0.83
USR_3318,MOV_5001,Fun Unlimited,Comedy,2026,1.5,4,0,56,-0.29
USR_4022,MOV_5184,Mookuthi Amman,Comedy,2020,4.5,15,1,148,0.73
USR_3159,MOV_5127,Vada Chennai,Action,2018,1.5,0,0,6,0.16
USR_3262,MOV_5246,Love Insurance Kompany,Romance,2025,2,1,0,14,-0.18
USR_3197,MOV_5193,Kaaka Muttai,Drama,2015,3.5,7,0,79,0.57
USR_3265,MOV_5036,Tik Tik Tik,Sci-Fi,2018,4,7,0,106,0.64
USR_3072,MOV_5228,Thani Oruvan,Action,2015,3,3,0,35,-0.34
USR_3055,MOV_5284,Ratsasan,Thriller,2018,4,9,1,115,0.45
USR_3599,MOV_5018,Lubber Pandhu,Drama,2024,4,9,0,99,0.53
USR_3618,MOV_5260,Tik Tik Tik,Sci-Fi,2018,2,2,0,29,-0.04
USR_4184,MOV_5046,Soorarai Pottru,Drama,2020,5,21,1,139,0.81
USR_3328,MOV_5192,SivaKartikeyan Next,Comedy,2025,5,13,1,152,0.89
USR_3939,MOV_5015,Doctor,Comedy,2021,5,16,1,192,0.95
USR_3834,MOV_5054,Kottukaali,Drama,2024,5,17,1,190,0.98
USR_3316,MOV_5092,Jai Bhim,Drama,2021,4,5,1,75,0.31
USR_3686,MOV_5157,Mari Selvaraj Next,Drama,2026,3.5,9,1,129,0.49
USR_3139,MOV_5186,Kottukaali,Drama,2024,1.5,1,0,16,0.12
USR_3930,MOV_5228,Thani Oruvan,Action,2015,5,19,1,177,0.72
USR_3113,MOV_5241,Ayalaan,Sci-Fi,2024,4,7,1,86,0.58
USR_3352,MOV_5094,Sita Ramam (Tamil),Romance,2022,4,9,0,129,0.6
USR_3500,MOV_5128,Vetri Maaran Next,Action,2026,5,19,1,148,0.98
USR_3369,MOV_5248,Ayalaan,Sci-Fi,2024,5,17,1,180,0.79
USR_3982,MOV_5187,Ponniyin Selvan: Part 1,Drama,2022,2.5,0,0,14,-0.37
USR_3775,MOV_5170,Garudan,Drama,2024,5,17,1,162,0.95
USR_4193,MOV_5180,Master,Action,2021,4,10,0,112,0.59
USR_3552,MOV_5223,Chitha,Thriller,2023,5,18,1,165,0.77
USR_3739,MOV_5207,Meiyazhagan,Drama,2024,2.5,3,0,23,-0.17
USR_3931,MOV_5248,Ayalaan,Sci-Fi,2024,5,15,1,188,0.83
USR_3890,MOV_5041,Thani Oruvan,Action,2015,2,0,0,39,-0.32
USR_4007,MOV_5003,Jai Bhim,Drama,2021,3.5,10,0,123,0.26
USR_3864,MOV_5088,Naanum Rowdy Dhaan,Comedy,2015,2.5,2,0,29,-0.24
USR_4029,MOV_5095,Star,Romance,2024,4,9,0,81,0.46
USR_3298,MOV_5231,The investigative report,Thriller,2026,3,1,0,10,-0.09
USR_3185,MOV_5240,SivaKartikeyan Next,Comedy,2025,1.5,2,0,37,-0.16
USR_3077,MOV_5274,Asuran,Action,2019,5,13,1,171,0.89
USR_3181,MOV_5241,Ayalaan,Sci-Fi,2024,3.5,7,1,73,0.42
USR_3430,MOV_5058,Soorarai Pottru,Drama,2020,3.5,8,1,98,0.51
USR_3137,MOV_5162,Kanguva 2,Action,2026,2.5,1,1,55,-0.23
USR_3316,MOV_5039,Kaaka Muttai,Drama,2015,1,3,0,44,-0.5
USR_3780,MOV_5129,Naanum Rowdy Dhaan,Comedy,2015,4,7,1,120,0.43
USR_3823,MOV_5189,Thani Oruvan,Action,2015,3.5,11,1,99,0.5
USR_3162,MOV_5282,Viduthalai Part 2,Thriller,2025,4.5,20,1,162,0.75
USR_3227,MOV_5264,Imaikkaa Nodigal,Thriller,2018,4,8,1,90,0.6
USR_3274,MOV_5192,SivaKartikeyan Next,Comedy,2025,2.5,0,0,47,-0.48
USR_3090,MOV_5015,Doctor,Comedy,2021,4.5,24,0,196,0.95
USR_3970,MOV_5084,Don,Comedy,2022,2.5,3,0,39,0.01
USR_3169,MOV_5060,Maharaja,Action,2024,5,17,1,152,0.77
USR_3830,MOV_5107,Indru Netru Naalai,Sci-Fi,2015,3.5,7,0,95,0.22
USR_3339,MOV_5190,Amaran,Action,2024,5,24,1,193,0.92
USR_3167,MOV_5161,Good Night,Comedy,2023,5,15,0,158,0.96
USR_3186,MOV_5145,Time Loop 2,Sci-Fi,2026,3.5,9,1,69,0.61
USR_3060,MOV_5092,Jai Bhim,Drama,2021,5,15,1,145,0.74
USR_3651,MOV_5006,Rajinimurugan,Comedy,2016,3,2,1,43,-0.44
USR_3386,MOV_5175,Star,Romance,2024,4,8,0,117,0.44
USR_3152,MOV_5223,Chitha,Thriller,2023,4.5,13,1,169,0.8
USR_3639,MOV_5034,Indru Netru Naalai,Sci-Fi,2015,5,22,1,171,0.91
USR_3648,MOV_5003,Jai Bhim,Drama,2021,4,6,0,86,0.3
USR_4159,MOV_5206,Indru Netru Naalai,Sci-Fi,2015,3.5,7,0,105,0.52
USR_4064,MOV_5245,Hey Sinamika,Romance,2022,4,5,1,111,0.46
USR_4087,MOV_5279,Doctor,Comedy,2021,2,2,0,26,0.01
USR_3050,MOV_5123,Thiruchitrambalam,Romance,2022,5,17,1,191,0.82
USR_3288,MOV_5108,Ratsasan,Thriller,2018,5,22,1,183,0.98
USR_4086,MOV_5041,Thani Oruvan,Action,2015,4,11,0,68,0.67
USR_3323,MOV_5247,The investigative report,Thriller,2026,4.5,19,1,140,0.93
USR_3801,MOV_5041,Thani Oruvan,Action,2015,5,17,1,164,0.97
USR_3357,MOV_5069,O Kadhal Kanmani,Romance,2015,2.5,4,0,24,0.09
USR_3575,MOV_5204,Lubber Pandhu,Drama,2024,5,21,0,150,0.85
USR_4152,MOV_5233,24,Sci-Fi,2016,5,23,1,180,0.93
USR_4057,MOV_5129,Naanum Rowdy Dhaan,Comedy,2015,3.5,10,1,116,0.29
USR_4156,MOV_5045,Vettaiyan,Thriller,2024,3.5,8,0,127,0.6
USR_4147,MOV_5141,Vetri Maaran Next,Action,2026,2,4,0,31,-0.25
USR_3974,MOV_5005,Maya,Thriller,2015,4.5,20,1,131,0.8
USR_4101,MOV_5162,Kanguva 2,Action,2026,4.5,17,1,176,0.7
USR_3330,MOV_5026,Classic Love Story,Romance,2026,5,20,1,139,0.87
USR_3845,MOV_5176,LKG,Comedy,2019,4,7,1,67,0.45
USR_3587,MOV_5028,Doctor,Comedy,2021,5,15,0,183,0.8
USR_3145,MOV_5065,Ponniyin Selvan: Part 1,Drama,2022,2.5,0,0,19,-0.48
USR_3669,MOV_5272,Meiyazhagan,Drama,2024,3.5,9,0,72,0.6
USR_3404,MOV_5183,Vaadivaasal,Drama,2025,2.5,4,0,58,0.15
USR_3859,MOV_5179,SivaKartikeyan Next,Comedy,2025,4,10,1,126,0.44
USR_3196,MOV_5266,Hit List,Thriller,2024,3.5,10,1,125,0.59
USR_3512,MOV_5021,Asuran,Action,2019,2.5,2,0,36,-0.39
USR_3807,MOV_5244,Raayan,Action,2024,5,15,1,187,0.93
USR_3443,MOV_5123,Thiruchitrambalam,Romance,2022,4,9,1,119,0.6
USR_3978,MOV_5062,Hit List,Thriller,2024,5,17,1,198,0.77
USR_3332,MOV_5185,Love Today,Comedy,2022,3,2,0,11,-0.39
USR_3578,MOV_5053,Good Bad Ugly,Action,2025,5,23,1,177,0.99
USR_3114,MOV_5183,Vaadivaasal,Drama,2025,3.5,7,0,96,0.36
USR_3289,MOV_5234,Karnan,Drama,2021,3.5,5,1,110,0.29
USR_3321,MOV_5134,Por Thozhil,Thriller,2023,4.5,21,1,165,0.71
USR_3756,MOV_5094,Sita Ramam (Tamil),Romance,2022,4.5,15,1,143,0.91
USR_3407,MOV_5167,Maanaadu,Sci-Fi,2021,5,21,1,192,0.8
USR_3864,MOV_5182,Thug Life,Action,2025,3.5,5,0,108,0.56
USR_3321,MOV_5017,Oh My Kadavule,Romance,2020,3,0,0,40,0.03
USR_3071,MOV_5271,Mari Selvaraj Next,Drama,2026,1.5,1,1,8,0.18
USR_3805,MOV_5230,Vada Chennai,Action,2018,5,24,1,175,0.96
USR_3767,MOV_5196,Naanum Rowdy Dhaan,Comedy,2015,2.5,4,0,56,-0.47
USR_3519,MOV_5049,Asuran,Action,2019,4.5,19,1,181,0.81
USR_3588,MOV_5126,Visaranai,Thriller,2015,4.5,16,1,199,0.76
USR_3338,MOV_5158,Classic Love Story,Romance,2026,5,18,1,143,0.98
USR_3317,MOV_5268,Dada,Comedy,2023,4,10,1,112,0.21
USR_3251,MOV_5091,Tik Tik Tik,Sci-Fi,2018,5,21,1,185,0.98
USR_3110,MOV_5116,Ayalaan,Sci-Fi,2024,2,3,0,8,-0.41
USR_3377,MOV_5189,Thani Oruvan,Action,2015,3,3,0,62,-0.37
USR_3945,MOV_5249,Kaithi,Action,2019,5,17,1,155,0.85
USR_3720,MOV_5199,96,Romance,2018,4,8,1,127,0.46
USR_4046,MOV_5174,Time Loop 2,Sci-Fi,2026,3.5,9,0,128,0.36
USR_3701,MOV_5232,Dhuruvangal Pathinaaru,Thriller,2016,4.5,17,1,132,0.94
USR_3015,MOV_5055,2,Sci-Fi,2018,1,0,0,55,0.14
USR_3820,MOV_5280,Vettaiyan,Thriller,2024,3,1,0,59,-0.31
USR_3467,MOV_5150,Maya,Thriller,2015,5,14,0,135,0.99
USR_3816,MOV_5003,Jai Bhim,Drama,2021,4,6,1,95,0.52
USR_3355,MOV_5277,Brother,Comedy,2024,2.5,1,0,20,0.1
USR_3735,MOV_5054,Kottukaali,Drama,2024,5,16,1,147,0.74
USR_3158,MOV_5105,Dhuruvangal Pathinaaru,Thriller,2016,2.5,2,0,20,-0.42
USR_3507,MOV_5055,2,Sci-Fi,2018,2,0,0,19,-0.18
USR_4050,MOV_5048,Amaran,Action,2024,4,6,0,91,0.38
USR_3360,MOV_5001,Fun Unlimited,Comedy,2026,2.5,3,0,41,0.13
USR_3303,MOV_5130,Oh My Kadavule,Romance,2020,5,15,1,169,0.82
USR_3960,MOV_5089,Don,Comedy,2022,1,3,0,48,0.12
USR_3882,MOV_5139,Dhuruvangal Pathinaaru,Thriller,2016,4,10,1,106,0.41
USR_4158,MOV_5266,Hit List,Thriller,2024,3.5,6,1,112,0.26
USR_3417,MOV_5258,Hey Sinamika,Romance,2022,5,17,0,180,0.94
USR_4092,MOV_5128,Vetri Maaran Next,Action,2026,2.5,4,0,63,0.05
USR_3303,MOV_5162,Kanguva 2,Action,2026,5,12,1,191,0.95
USR_3503,MOV_5019,Fun Unlimited,Comedy,2026,4,11,1,124,0.4
USR_3379,MOV_5061,O Kadhal Kanmani,Romance,2015,3.5,10,1,100,0.58
USR_3218,MOV_5162,Kanguva 2,Action,2026,5,21,1,131,0.77
USR_3230,MOV_5161,Good Night,Comedy,2023,4,9,1,71,0.57
USR_3069,MOV_5201,Don,Comedy,2022,5,18,1,185,0.82
USR_3264,MOV_5186,Kottukaali,Drama,2024,3.5,8,0,124,0.26
USR_3689,MOV_5198,Tik Tik Tik,Sci-Fi,2018,3.5,8,1,92,0.65
USR_3685,MOV_5201,Don,Comedy,2022,3.5,9,1,66,0.66
USR_4000,MOV_5188,Kottukaali,Drama,2024,5,12,1,155,0.92
USR_3766,MOV_5092,Jai Bhim,Drama,2021,3.5,8,0,98,0.55
USR_4072,MOV_5222,Vikram Vedha,Thriller,2017,4,7,0,72,0.31
USR_3509,MOV_5054,Kottukaali,Drama,2024,3.5,6,0,85,0.39
USR_3238,MOV_5076,Viduthalai Part 1,Thriller,2023,5,19,1,184,0.76
USR_3401,MOV_5135,Thug Life,Action,2025,4,10,1,69,0.53
USR_3303,MOV_5037,96,Romance,2018,4.5,14,1,141,0.78
USR_3830,MOV_5093,Theri,Action,2016,4,8,0,110,0.66
USR_3903,MOV_5220,Asuran,Action,2019,4,8,0,127,0.49
USR_3473,MOV_5117,Amaran,Action,2024,3.5,7,1,66,0.68
USR_3969,MOV_5274,Asuran,Action,2019,5,16,1,171,0.83
USR_4133,MOV_5262,24,Sci-Fi,2016,5,17,1,141,0.98
USR_3528,MOV_5147,Ayalaan,Sci-Fi,2024,2,4,0,27,-0.01
USR_3963,MOV_5024,Jailer,Action,2023,4,11,1,121,0.34
USR_3983,MOV_5011,Fun Unlimited,Comedy,2026,5,20,1,198,0.83
USR_4179,MOV_5157,Mari Selvaraj Next,Drama,2026,4,9,0,91,0.31
USR_3901,MOV_5141,Vetri Maaran Next,Action,2026,3,0,0,51,-0.17
USR_3957,MOV_5071,Dhruva Natchathiram,Thriller,2025,4.5,20,1,157,0.74
USR_3014,MOV_5227,The GOAT,Action,2024,4,11,0,76,0.32
USR_3602,MOV_5022,Classic Love Story,Romance,2026,5,19,0,168,0.95
USR_3812,MOV_5200,Viduthalai Part 2,Thriller,2025,4,9,1,115,0.68
USR_3998,MOV_5256,Garudan,Drama,2024,1.5,0,0,62,0.05
USR_3554,MOV_5243,Star,Romance,2024,3.5,8,0,81,0.64
USR_3094,MOV_5278,Raayan,Action,2024,2.5,3,0,26,0.12
USR_3003,MOV_5286,Vettaiyan,Thriller,2024,4,11,0,74,0.38
USR_4001,MOV_5039,Kaaka Muttai,Drama,2015,4,9,1,87,0.64
USR_3672,MOV_5259,Joe,Romance,2023,5,24,1,199,0.9
USR_3639,MOV_5132,Indru Netru Naalai,Sci-Fi,2015,4.5,12,1,171,0.81
USR_3437,MOV_5061,O Kadhal Kanmani,Romance,2015,4,10,1,66,0.63
USR_3978,MOV_5109,Garudan,Drama,2024,3.5,11,1,126,0.51
USR_3915,MOV_5266,Hit List,Thriller,2024,2,1,1,12,-0.02
USR_3866,MOV_5178,Indru Netru Naalai,Sci-Fi,2015,1,3,0,19,-0.3
USR_3409,MOV_5018,Lubber Pandhu,Drama,2024,5,15,1,147,0.92
USR_3776,MOV_5187,Ponniyin Selvan: Part 1,Drama,2022,2,1,0,13,-0.38
USR_3184,MOV_5122,Maanaadu,Sci-Fi,2021,5,20,1,141,0.98
USR_3207,MOV_5063,Star,Romance,2024,4,5,1,127,0.26
USR_4065,MOV_5071,Dhruva Natchathiram,Thriller,2025,5,20,1,137,0.92
USR_4022,MOV_5075,Doctor,Comedy,2021,2.5,0,0,7,-0.26
USR_4140,MOV_5007,Viduthalai Part 1,Thriller,2023,5,18,1,131,0.9
USR_3648,MOV_5261,Love Today,Comedy,2022,4,5,0,123,0.22
USR_4086,MOV_5185,Love Today,Comedy,2022,3.5,10,0,110,0.64
USR_4144,MOV_5096,Dhruva Natchathiram,Thriller,2025,4,10,1,66,0.34
USR_3127,MOV_5092,Jai Bhim,Drama,2021,5,13,1,169,0.79
USR_4062,MOV_5268,Dada,Comedy,2023,3.5,10,1,89,0.24
USR_3840,MOV_5004,Amaran,Action,2024,4,6,1,84,0.35
USR_3218,MOV_5251,Love Today,Comedy,2022,4,6,1,115,0.23
USR_3993,MOV_5210,O Kadhal Kanmani,Romance,2015,4.5,14,1,164,0.88
USR_4093,MOV_5170,Garudan,Drama,2024,3,4,0,36,-0.35
USR_3873,MOV_5211,Indru Netru Naalai,Sci-Fi,2015,3.5,8,1,87,0.29
USR_3739,MOV_5086,Project AI,Sci-Fi,2025,4.5,15,1,140,0.8
USR_3592,MOV_5226,Coolie,Action,2025,4,10,1,127,0.66
USR_4010,MOV_5240,SivaKartikeyan Next,Comedy,2025,5,16,1,189,0.74
USR_3047,MOV_5079,Chitha,Thriller,2023,4,10,1,130,0.52
USR_3307,MOV_5237,Hit List,Thriller,2024,3.5,8,1,103,0.41
USR_3673,MOV_5255,Oh My Kadavule,Romance,2020,4,7,1,76,0.56
USR_3588,MOV_5073,Thug Life,Action,2025,2.5,0,1,35,-0.07
USR_3922,MOV_5235,Project AI,Sci-Fi,2025,4,5,0,89,0.29
USR_3625,MOV_5200,Viduthalai Part 2,Thriller,2025,5,17,1,160,0.88
USR_3073,MOV_5086,Project AI,Sci-Fi,2025,4,9,1,129,0.56
USR_3436,MOV_5141,Vetri Maaran Next,Action,2026,4.5,17,1,150,0.9
USR_3712,MOV_5220,Asuran,Action,2019,2.5,2,0,53,-0.04
USR_3803,MOV_5118,Tik Tik Tik,Sci-Fi,2018,2,3,0,60,-0.38
USR_3425,MOV_5053,Good Bad Ugly,Action,2025,5,14,1,154,0.89
USR_3518,MOV_5182,Thug Life,Action,2025,4,10,1,129,0.52
USR_3714,MOV_5155,Fun Unlimited,Comedy,2026,1.5,2,0,31,-0.11
USR_3844,MOV_5197,Vikram Vedha,Thriller,2017,5,12,1,199,0.88
USR_3393,MOV_5067,Indru Netru Naalai,Sci-Fi,2015,1.5,4,0,54,-0.26
USR_3211,MOV_5141,Vetri Maaran Next,Action,2026,3,1,1,14,-0.08
USR_3216,MOV_5129,Naanum Rowdy Dhaan,Comedy,2015,4.5,16,1,131,0.82
USR_4199,MOV_5208,96,Romance,2018,5,24,1,168,0.77
USR_3497,MOV_5181,Indru Netru Naalai,Sci-Fi,2015,5,23,1,180,0.86
USR_3405,MOV_5244,Raayan,Action,2024,3.5,10,0,83,0.52
USR_3067,MOV_5014,Viduthalai Part 2,Thriller,2025,1.5,0,0,55,-0.49
USR_3282,MOV_5130,Oh My Kadavule,Romance,2020,4.5,12,1,176,0.78
USR_4135,MOV_5156,Kottukaali,Drama,2024,2.5,4,0,32,-0.21
USR_3262,MOV_5198,Tik Tik Tik,Sci-Fi,2018,3.5,6,0,110,0.5
USR_3482,MOV_5219,Kadhalum Kadandhu Pogum,Romance,2016,1,2,0,6,-0.05
USR_3541,MOV_5049,Asuran,Action,2019,3,2,1,23,0.07
USR_3238,MOV_5219,Kadhalum Kadandhu Pogum,Romance,2016,4,10,0,88,0.56
USR_3090,MOV_5074,Conjuring Kannappan,Comedy,2023,2,3,0,7,-0.23
USR_3128,MOV_5112,Maanaadu,Sci-Fi,2021,3.5,7,1,120,0.57
USR_4053,MOV_5228,Thani Oruvan,Action,2015,4,7,1,129,0.69
USR_3380,MOV_5176,LKG,Comedy,2019,3.5,6,0,105,0.44
USR_3705,MOV_5269,Tik Tik Tik,Sci-Fi,2018,4,9,0,72,0.45
USR_3593,MOV_5059,Vikram,Action,2022,3.5,7,1,89,0.49
USR_3595,MOV_5038,O Kadhal Kanmani,Romance,2015,4.5,16,1,153,0.73
USR_4074,MOV_5082,Vikram Vedha,Thriller,2017,4,5,1,114,0.4
USR_3011,MOV_5063,Star,Romance,2024,5,21,1,146,0.77
USR_3441,MOV_5075,Doctor,Comedy,2021,5,15,1,168,0.93
USR_4100,MOV_5139,Dhuruvangal Pathinaaru,Thriller,2016,3.5,9,0,126,0.35
USR_3663,MOV_5066,Thani Oruvan,Action,2015,5,19,1,163,0.95
USR_3076,MOV_5233,24,Sci-Fi,2016,2.5,3,0,63,-0.21
USR_3674,MOV_5064,Naanum Rowdy Dhaan,Comedy,2015,2,1,0,23,0.16
USR_4073,MOV_5021,Asuran,Action,2019,5,20,1,139,0.97
USR_3631,MOV_5288,Time Loop 2,Sci-Fi,2026,5,18,1,133,0.78
USR_3972,MOV_5194,Vada Chennai,Action,2018,2.5,0,0,41,-0.44
USR_3196,MOV_5216,Classic Love Story,Romance,2026,5,21,0,137,0.97
USR_3326,MOV_5104,Soorarai Pottru,Drama,2020,3.5,8,0,119,0.21
USR_3485,MOV_5002,Hey Sinamika,Romance,2022,5,18,1,195,0.82
USR_3010,MOV_5012,Vedalam,Action,2015,5,13,1,175,0.76
USR_3702,MOV_5260,Tik Tik Tik,Sci-Fi,2018,3,4,0,52,-0.31
USR_3949,MOV_5009,96,Romance,2018,4.5,20,1,137,0.81
USR_3333,MOV_5219,Kadhalum Kadandhu Pogum,Romance,2016,5,22,1,177,0.89
USR_3248,MOV_5002,Hey Sinamika,Romance,2022,5,20,1,131,0.75
USR_3256,MOV_5021,Asuran,Action,2019,4,9,1,75,0.66
USR_3239,MOV_5112,Maanaadu,Sci-Fi,2021,1,1,0,47,-0.47
USR_3609,MOV_5226,Coolie,Action,2025,1.5,2,0,54,-0.4
USR_3683,MOV_5169,24,Sci-Fi,2016,3,1,0,32,-0.28
USR_3612,MOV_5204,Lubber Pandhu,Drama,2024,3,1,1,10,0.09
USR_3096,MOV_5272,Meiyazhagan,Drama,2024,2.5,0,0,61,0.08
USR_3436,MOV_5198,Tik Tik Tik,Sci-Fi,2018,3.5,5,1,74,0.55
USR_3104,MOV_5177,Jailer,Action,2023,4,11,1,126,0.61
USR_3562,MOV_5022,Classic Love Story,Romance,2026,4.5,19,1,163,0.92
USR_3051,MOV_5030,Indru Netru Naalai,Sci-Fi,2015,3,1,0,37,-0.46
USR_3216,MOV_5183,Vaadivaasal,Drama,2025,3,1,1,16,0.14
USR_3770,MOV_5034,Indru Netru Naalai,Sci-Fi,2015,3.5,8,0,74,0.29
USR_3758,MOV_5277,Brother,Comedy,2024,3.5,5,1,117,0.46
USR_4120,MOV_5105,Dhuruvangal Pathinaaru,Thriller,2016,4,6,1,117,0.29
USR_3245,MOV_5273,Dhuruvangal Pathinaaru,Thriller,2016,3.5,9,1,109,0.67
USR_3372,MOV_5104,Soorarai Pottru,Drama,2020,3.5,6,1,110,0.43
USR_3500,MOV_5132,Indru Netru Naalai,Sci-Fi,2015,5,12,1,185,0.8
USR_3817,MOV_5036,Tik Tik Tik,Sci-Fi,2018,2.5,0,0,29,-0.23
USR_3434,MOV_5110,Maanaadu,Sci-Fi,2021,3,1,1,56,-0.08
USR_4001,MOV_5230,Vada Chennai,Action,2018,2,0,0,21,-0.02
USR_3104,MOV_5020,Vedalam,Action,2015,5,22,1,135,0.83
USR_3371,MOV_5057,Garudan,Drama,2024,2.5,1,0,65,-0.45
USR_3940,MOV_5221,Hey Sinamika,Romance,2022,2.5,2,0,65,-0.43
USR_3243,MOV_5047,Meiyazhagan,Drama,2024,3,2,0,57,-0.34
USR_4132,MOV_5116,Ayalaan,Sci-Fi,2024,5,12,1,164,0.81
USR_3839,MOV_5069,O Kadhal Kanmani,Romance,2015,1,2,0,32,0.02
USR_3062,MOV_5086,Project AI,Sci-Fi,2025,3,2,0,31,-0.39
USR_3767,MOV_5035,Ayalaan,Sci-Fi,2024,3,3,0,14,-0.12
USR_3247,MOV_5131,2,Sci-Fi,2018,1.5,0,0,29,0.14
USR_3265,MOV_5057,Garudan,Drama,2024,4.5,22,1,198,0.88
USR_3997,MOV_5224,Indru Netru Naalai,Sci-Fi,2015,5,16,1,134,0.79
USR_3053,MOV_5089,Don,Comedy,2022,3.5,10,1,86,0.37
USR_3510,MOV_5238,Maanaadu,Sci-Fi,2021,1.5,4,0,41,0.06
USR_3197,MOV_5188,Kottukaali,Drama,2024,5,18,0,163,0.7
USR_3458,MOV_5139,Dhuruvangal Pathinaaru,Thriller,2016,1.5,2,0,5,-0.13
USR_3938,MOV_5098,Game Over,Thriller,2019,2,2,0,37,-0.38
USR_3371,MOV_5066,Thani Oruvan,Action,2015,4.5,14,1,135,0.75
USR_3437,MOV_5254,Indru Netru Naalai,Sci-Fi,2015,5,12,1,145,0.81
USR_3978,MOV_5061,O Kadhal Kanmani,Romance,2015,2,3,0,59,-0.36
USR_3979,MOV_5225,Theri,Action,2016,3,0,1,20,-0.47
USR_3169,MOV_5010,Tik Tik Tik,Sci-Fi,2018,4,7,0,67,0.63
USR_3605,MOV_5269,Tik Tik Tik,Sci-Fi,2018,5,18,1,180,0.8
USR_4159,MOV_5055,2,Sci-Fi,2018,2,4,0,12,-0.35
USR_3646,MOV_5116,Ayalaan,Sci-Fi,2024,5,16,1,161,0.97
USR_3759,MOV_5207,Meiyazhagan,Drama,2024,5,23,1,168,0.91
USR_4106,MOV_5032,Dhruva Natchathiram,Thriller,2025,4,10,1,130,0.24
USR_3135,MOV_5257,Joe,Romance,2023,5,12,1,163,0.97
USR_4121,MOV_5158,Classic Love Story,Romance,2026,5,14,1,197,0.93
USR_4165,MOV_5249,Kaithi,Action,2019,3.5,11,0,107,0.37
USR_3691,MOV_5011,Fun Unlimited,Comedy,2026,5,18,1,166,0.8
USR_4150,MOV_5283,Tik Tik Tik,Sci-Fi,2018,3.5,9,1,69,0.66
USR_3956,MOV_5055,2,Sci-Fi,2018,5,16,1,149,0.87
USR_3410,MOV_5089,Don,Comedy,2022,4.5,21,0,189,0.76
USR_3976,MOV_5080,Thug Life,Action,2025,5,21,1,164,0.87
USR_4165,MOV_5154,Siren,Romance,2024,3,3,0,46,-0.35
USR_3509,MOV_5039,Kaaka Muttai,Drama,2015,3.5,7,0,86,0.3
USR_3929,MOV_5136,Project AI,Sci-Fi,2025,5,21,1,172,0.99
USR_3182,MOV_5225,Theri,Action,2016,5,16,1,157,0.75
USR_3026,MOV_5020,Vedalam,Action,2015,2.5,3,1,22,0.15
USR_3100,MOV_5112,Maanaadu,Sci-Fi,2021,1,4,0,18,0.13
USR_3179,MOV_5116,Ayalaan,Sci-Fi,2024,4,9,0,79,0.25
USR_4045,MOV_5051,Tik Tik Tik,Sci-Fi,2018,5,16,1,190,0.94
USR_4009,MOV_5216,Classic Love Story,Romance,2026,3.5,6,0,82,0.67
USR_3896,MOV_5019,Fun Unlimited,Comedy,2026,2.5,4,0,5,-0.16
USR_3564,MOV_5077,Por Thozhil,Thriller,2023,5,14,1,189,0.89
USR_3858,MOV_5281,Viduthalai Part 2,Thriller,2025,4,11,0,129,0.32
USR_3999,MOV_5005,Maya,Thriller,2015,3,1,0,47,-0.03
USR_3459,MOV_5222,Vikram Vedha,Thriller,2017,1.5,3,0,52,0.03
USR_3083,MOV_5218,O Kadhal Kanmani,Romance,2015,4.5,13,1,179,0.98
USR_3996,MOV_5033,2,Sci-Fi,2018,1,2,0,57,-0.04
USR_3906,MOV_5192,SivaKartikeyan Next,Comedy,2025,4,8,0,93,0.21
USR_3199,MOV_5209,LKG,Comedy,2019,4,7,0,87,0.34
USR_4030,MOV_5240,SivaKartikeyan Next,Comedy,2025,4,5,1,82,0.32
USR_3334,MOV_5067,Indru Netru Naalai,Sci-Fi,2015,1.5,2,0,31,0.09
USR_3090,MOV_5102,Joe,Romance,2023,3.5,5,0,73,0.29
USR_4113,MOV_5197,Vikram Vedha,Thriller,2017,2.5,3,1,27,-0.07
USR_3391,MOV_5109,Garudan,Drama,2024,5,22,1,136,0.79
USR_4120,MOV_5062,Hit List,Thriller,2024,2.5,4,1,22,-0.36
USR_3288,MOV_5002,Hey Sinamika,Romance,2022,4.5,13,1,134,0.73
USR_4163,MOV_5025,Kaithi,Action,2019,2,4,0,5,-0.17
USR_3570,MOV_5184,Mookuthi Amman,Comedy,2020,3,2,0,63,0.1
USR_3467,MOV_5226,Coolie,Action,2025,5,20,1,147,0.74
USR_3427,MOV_5248,Ayalaan,Sci-Fi,2024,3.5,7,1,112,0.44
USR_3770,MOV_5135,Thug Life,Action,2025,4,11,1,117,0.68
USR_3892,MOV_5005,Maya,Thriller,2015,5,14,1,193,0.99
USR_3988,MOV_5146,Visaranai,Thriller,2015,2.5,3,0,57,-0.22
USR_3791,MOV_5047,Meiyazhagan,Drama,2024,4,8,0,122,0.66
USR_3514,MOV_5013,Maanaadu,Sci-Fi,2021,4,6,1,120,0.68
USR_4144,MOV_5205,Conjuring Kannappan,Comedy,2023,3,3,0,6,-0.13
USR_3018,MOV_5238,Maanaadu,Sci-Fi,2021,3.5,9,1,114,0.63
USR_3202,MOV_5200,Viduthalai Part 2,Thriller,2025,4,5,0,101,0.35
USR_4167,MOV_5094,Sita Ramam (Tamil),Romance,2022,5,15,1,195,0.94
USR_3021,MOV_5066,Thani Oruvan,Action,2015,3,2,0,42,-0.18
USR_3343,MOV_5115,Mari Selvaraj Next,Drama,2026,5,20,1,186,0.92
USR_3478,MOV_5108,Ratsasan,Thriller,2018,4.5,13,1,186,0.74
USR_3488,MOV_5094,Sita Ramam (Tamil),Romance,2022,3.5,9,0,80,0.51
USR_3139,MOV_5006,Rajinimurugan,Comedy,2016,5,14,1,183,0.87
USR_3125,MOV_5068,Jai Bhim,Drama,2021,2.5,2,0,57,-0.03
USR_3166,MOV_5087,Thug Life,Action,2025,4,10,1,114,0.31
USR_3436,MOV_5116,Ayalaan,Sci-Fi,2024,4,9,1,102,0.47
USR_3430,MOV_5175,Star,Romance,2024,5,22,1,162,0.86
USR_3657,MOV_5163,Naanum Rowdy Dhaan,Comedy,2015,2.5,2,0,30,-0.15
USR_4042,MOV_5258,Hey Sinamika,Romance,2022,1,2,0,29,-0.33
USR_4068,MOV_5064,Naanum Rowdy Dhaan,Comedy,2015,2.5,0,0,44,-0.31
USR_3950,MOV_5275,Love Today,Comedy,2022,4.5,21,1,159,0.76
USR_3757,MOV_5136,Project AI,Sci-Fi,2025,4,9,0,128,0.51
USR_3955,MOV_5115,Mari Selvaraj Next,Drama,2026,5,21,1,174,0.72
USR_4031,MOV_5236,Thug Life,Action,2025,3,2,1,10,-0.08
USR_3973,MOV_5262,24,Sci-Fi,2016,5,20,1,159,0.9
USR_3081,MOV_5150,Maya,Thriller,2015,4,7,0,128,0.46
USR_3444,MOV_5087,Thug Life,Action,2025,4,7,1,91,0.22
USR_3249,MOV_5277,Brother,Comedy,2024,5,23,1,151,0.87
USR_3953,MOV_5270,Siren,Romance,2024,5,23,1,150,0.73
USR_3415,MOV_5153,Maanaadu,Sci-Fi,2021,5,23,1,137,0.9
USR_3247,MOV_5042,Time Loop 2,Sci-Fi,2026,5,14,1,144,0.74
USR_3552,MOV_5146,Visaranai,Thriller,2015,5,17,1,160,0.9
USR_3881,MOV_5122,Maanaadu,Sci-Fi,2021,5,22,1,139,0.92
USR_3717,MOV_5129,Naanum Rowdy Dhaan,Comedy,2015,3.5,9,1,120,0.42
USR_3806,MOV_5137,Star,Romance,2024,4,9,0,125,0.27
USR_3099,MOV_5141,Vetri Maaran Next,Action,2026,4,11,0,69,0.58
USR_3869,MOV_5276,Kadaisi Vivasayi,Drama,2022,1.5,0,0,7,-0.42
USR_3375,MOV_5087,Thug Life,Action,2025,5,18,0,174,0.78
USR_3798,MOV_5175,Star,Romance,2024,5,13,1,148,0.97
USR_3389,MOV_5133,Viduthalai Part 1,Thriller,2023,4.5,14,1,161,0.82
USR_3475,MOV_5018,Lubber Pandhu,Drama,2024,3.5,11,1,120,0.6
USR_4186,MOV_5268,Dada,Comedy,2023,5,18,1,155,0.75
USR_3322,MOV_5231,The investigative report,Thriller,2026,4.5,22,1,137,0.91
USR_3137,MOV_5238,Maanaadu,Sci-Fi,2021,4.5,17,1,176,0.81
USR_3220,MOV_5218,O Kadhal Kanmani,Romance,2015,3,1,0,62,-0.45
USR_3891,MOV_5105,Dhuruvangal Pathinaaru,Thriller,2016,3.5,8,1,90,0.27
USR_3494,MOV_5219,Kadhalum Kadandhu Pogum,Romance,2016,4,10,1,86,0.42
USR_3463,MOV_5165,Amaran,Action,2024,5,13,1,172,0.8
USR_3407,MOV_5279,Doctor,Comedy,2021,4.5,22,1,147,0.91
USR_3939,MOV_5172,Doctor,Comedy,2021,4,5,0,110,0.48
USR_4079,MOV_5029,Mari Selvaraj Next,Drama,2026,4,5,0,130,0.65
USR_3586,MOV_5136,Project AI,Sci-Fi,2025,3.5,6,0,66,0.51
USR_3914,MOV_5193,Kaaka Muttai,Drama,2015,3.5,11,1,82,0.4
USR_3860,MOV_5288,Time Loop 2,Sci-Fi,2026,4,6,1,79,0.65
USR_3894,MOV_5263,Kottukaali,Drama,2024,5,23,1,146,0.88
USR_3225,MOV_5090,O Kadhal Kanmani,Romance,2015,5,12,1,173,0.93
USR_3136,MOV_5006,Rajinimurugan,Comedy,2016,4,5,0,92,0.37
USR_4014,MOV_5071,Dhruva Natchathiram,Thriller,2025,5,12,1,172,0.96
USR_3522,MOV_5025,Kaithi,Action,2019,2.5,1,0,32,-0.04
USR_4169,MOV_5018,Lubber Pandhu,Drama,2024,5,24,1,187,0.76
USR_3881,MOV_5248,Ayalaan,Sci-Fi,2024,4.5,14,1,144,0.8
USR_4048,MOV_5050,Indru Netru Naalai,Sci-Fi,2015,5,21,1,169,0.8
USR_4021,MOV_5165,Amaran,Action,2024,2,0,0,61,-0.06
USR_3073,MOV_5124,2,Sci-Fi,2018,4.5,21,1,195,0.97
USR_3821,MOV_5050,Indru Netru Naalai,Sci-Fi,2015,5,15,1,145,0.78
USR_3564,MOV_5071,Dhruva Natchathiram,Thriller,2025,2.5,2,1,28,-0.14
USR_3209,MOV_5289,Vada Chennai,Action,2018,4.5,22,1,162,0.81
USR_3373,MOV_5137,Star,Romance,2024,4,6,0,67,0.55
USR_3361,MOV_5244,Raayan,Action,2024,2.5,2,1,26,0.08
USR_3297,MOV_5132,Indru Netru Naalai,Sci-Fi,2015,5,13,0,181,0.96
USR_3478,MOV_5259,Joe,Romance,2023,5,18,1,177,0.89
USR_3890,MOV_5247,The investigative report,Thriller,2026,3.5,10,0,81,0.3
USR_3494,MOV_5023,Vedalam,Action,2015,4.5,18,0,158,0.94
USR_3064,MOV_5084,Don,Comedy,2022,4,10,1,118,0.41
USR_3909,MOV_5280,Vettaiyan,Thriller,2024,4.5,18,1,132,0.96
USR_3744,MOV_5223,Chitha,Thriller,2023,4,11,1,83,0.54
USR_4106,MOV_5116,Ayalaan,Sci-Fi,2024,5,16,1,160,0.73
USR_3612,MOV_5266,Hit List,Thriller,2024,3.5,6,0,94,0.27
USR_3816,MOV_5160,Garudan,Drama,2024,4,7,0,81,0.45
USR_3937,MOV_5238,Maanaadu,Sci-Fi,2021,5,21,1,179,0.88
USR_4103,MOV_5071,Dhruva Natchathiram,Thriller,2025,5,13,1,180,0.94
USR_3295,MOV_5070,Jai Bhim,Drama,2021,3,3,0,62,-0.1
USR_3046,MOV_5217,Game Over,Thriller,2019,4.5,13,1,159,0.75
USR_3186,MOV_5005,Maya,Thriller,2015,2.5,0,0,12,-0.24
USR_4165,MOV_5077,Por Thozhil,Thriller,2023,3,0,0,20,-0.39
USR_4118,MOV_5024,Jailer,Action,2023,4,9,1,93,0.56
USR_3476,MOV_5199,96,Romance,2018,5,17,1,184,0.71
USR_3231,MOV_5052,Chitha,Thriller,2023,4.5,24,1,165,0.79
USR_4133,MOV_5105,Dhuruvangal Pathinaaru,Thriller,2016,4,5,0,120,0.54
USR_3455,MOV_5105,Dhuruvangal Pathinaaru,Thriller,2016,5,18,1,155,0.74
USR_3241,MOV_5063,Star,Romance,2024,3,4,0,25,-0.02
USR_3600,MOV_5246,Love Insurance Kompany,Romance,2025,2.5,3,1,64,-0.34
USR_3706,MOV_5078,2,Sci-Fi,2018,5,15,1,138,0.84
USR_3877,MOV_5108,Ratsasan,Thriller,2018,5,22,1,180,0.91
USR_3640,MOV_5157,Mari Selvaraj Next,Drama,2026,2.5,2,0,22,-0.33
USR_3840,MOV_5151,Kaithi,Action,2019,5,24,1,185,0.94
USR_3604,MOV_5157,Mari Selvaraj Next,Drama,2026,3.5,5,0,83,0.24
USR_3045,MOV_5064,Naanum Rowdy Dhaan,Comedy,2015,4.5,18,1,150,0.72
USR_3055,MOV_5055,2,Sci-Fi,2018,2.5,2,0,46,-0.26
USR_3665,MOV_5236,Thug Life,Action,2025,4,9,1,113,0.26
USR_3886,MOV_5234,Karnan,Drama,2021,5,19,1,150,0.84
USR_3734,MOV_5261,Love Today,Comedy,2022,5,13,1,138,0.84
USR_3367,MOV_5243,Star,Romance,2024,1.5,4,0,18,0.18
USR_3313,MOV_5242,Imaikkaa Nodigal,Thriller,2018,5,18,0,152,0.96
USR_3072,MOV_5071,Dhruva Natchathiram,Thriller,2025,2.5,4,0,30,-0.16
USR_3830,MOV_5161,Good Night,Comedy,2023,2.5,2,0,54,0.03
USR_3444,MOV_5195,Sita Ramam (Tamil),Romance,2022,4,9,1,74,0.47
USR_4169,MOV_5138,Kaaka Muttai,Drama,2015,2.5,3,0,46,0.04
USR_3409,MOV_5224,Indru Netru Naalai,Sci-Fi,2015,5,17,1,164,0.77
USR_3114,MOV_5027,Viduthalai Part 1,Thriller,2023,5,14,1,189,0.87
USR_3812,MOV_5226,Coolie,Action,2025,2.5,0,0,46,-0.01
USR_4126,MOV_5113,Oh My Kadavule,Romance,2020,1.5,3,1,10,-0.02
USR_3888,MOV_5083,Project AI,Sci-Fi,2025,1,1,1,22,-0.36
USR_3937,MOV_5148,Imaikkaa Nodigal,Thriller,2018,5,14,1,144,0.88
USR_3638,MOV_5074,Conjuring Kannappan,Comedy,2023,3,2,0,55,-0.2
USR_3293,MOV_5009,96,Romance,2018,5,19,0,197,0.95
USR_3701,MOV_5216,Classic Love Story,Romance,2026,3,3,0,7,-0.47
USR_3071,MOV_5077,Por Thozhil,Thriller,2023,4,11,0,121,0.48
USR_3499,MOV_5212,Chitha,Thriller,2023,5,21,1,152,0.99
USR_3384,MOV_5030,Indru Netru Naalai,Sci-Fi,2015,5,13,1,173,0.76
USR_3658,MOV_5274,Asuran,Action,2019,5,22,1,142,0.91
USR_3927,MOV_5050,Indru Netru Naalai,Sci-Fi,2015,5,12,1,175,0.72
USR_4114,MOV_5066,Thani Oruvan,Action,2015,3.5,5,1,118,0.35
USR_3403,MOV_5151,Kaithi,Action,2019,2,4,0,41,-0.05
USR_3085,MOV_5132,Indru Netru Naalai,Sci-Fi,2015,3,3,0,20,-0.47
USR_3883,MOV_5070,Jai Bhim,Drama,2021,4.5,17,1,162,0.83
USR_4054,MOV_5016,Oh My Kadavule,Romance,2020,5,12,1,191,0.84
USR_3639,MOV_5242,Imaikkaa Nodigal,Thriller,2018,2.5,1,1,59,-0.4
USR_4012,MOV_5139,Dhuruvangal Pathinaaru,Thriller,2016,3,2,0,46,-0.38
USR_4193,MOV_5230,Vada Chennai,Action,2018,5,12,1,135,0.99
USR_4132,MOV_5058,Soorarai Pottru,Drama,2020,1,2,0,9,-0.23
USR_3530,MOV_5070,Jai Bhim,Drama,2021,5,12,1,155,0.78
USR_3222,MOV_5024,Jailer,Action,2023,4,7,0,90,0.28
USR_4026,MOV_5121,Amaran,Action,2024,5,18,1,169,0.83
USR_3444,MOV_5270,Siren,Romance,2024,4,8,0,106,0.35
USR_3984,MOV_5008,Kanguva 2,Action,2026,5,18,1,159,0.86
USR_3168,MOV_5134,Por Thozhil,Thriller,2023,3.5,11,1,69,0.39
USR_3116,MOV_5200,Viduthalai Part 2,Thriller,2025,5,17,1,160,0.74
USR_4075,MOV_5224,Indru Netru Naalai,Sci-Fi,2015,5,21,1,167,0.85
USR_4107,MOV_5047,Meiyazhagan,Drama,2024,5,20,1,181,1
USR_3426,MOV_5164,Kaaka Muttai,Drama,2015,3,0,0,43,-0.35
USR_3665,MOV_5165,Amaran,Action,2024,4,6,1,69,0.6
USR_3331,MOV_5025,Kaithi,Action,2019,1.5,3,0,35,-0.04
USR_3741,MOV_5066,Thani Oruvan,Action,2015,1,2,0,27,-0.33
USR_3954,MOV_5011,Fun Unlimited,Comedy,2026,5,19,1,184,0.9
USR_3517,MOV_5041,Thani Oruvan,Action,2015,2.5,4,0,65,-0.27
USR_3927,MOV_5052,Chitha,Thriller,2023,5,17,1,199,0.97
USR_3457,MOV_5210,O Kadhal Kanmani,Romance,2015,1,4,0,17,-0.04
USR_3520,MOV_5037,96,Romance,2018,5,16,1,157,0.83
USR_3945,MOV_5150,Maya,Thriller,2015,1,3,0,13,-0.09
USR_3086,MOV_5138,Kaaka Muttai,Drama,2015,3,4,0,57,-0.48
USR_3635,MOV_5027,Viduthalai Part 1,Thriller,2023,4.5,14,1,136,0.82
USR_3490,MOV_5118,Tik Tik Tik,Sci-Fi,2018,4.5,13,0,171,0.89
USR_3743,MOV_5090,O Kadhal Kanmani,Romance,2015,2.5,3,0,31,0
USR_3450,MOV_5123,Thiruchitrambalam,Romance,2022,3.5,10,0,101,0.38
USR_3286,MOV_5250,Visaranai,Thriller,2015,4.5,14,1,195,0.78
USR_3458,MOV_5052,Chitha,Thriller,2023,5,12,1,137,0.9
USR_3843,MOV_5027,Viduthalai Part 1,Thriller,2023,2.5,1,0,56,-0.09
USR_3107,MOV_5008,Kanguva 2,Action,2026,5,14,1,170,0.9
USR_3931,MOV_5176,LKG,Comedy,2019,5,17,1,197,0.94
USR_3165,MOV_5007,Viduthalai Part 1,Thriller,2023,4.5,22,1,151,0.99
USR_3669,MOV_5256,Garudan,Drama,2024,2.5,0,0,61,0.01
USR_3374,MOV_5076,Viduthalai Part 1,Thriller,2023,2.5,3,0,65,-0.25
USR_3342,MOV_5185,Love Today,Comedy,2022,3.5,11,1,73,0.52
USR_4141,MOV_5175,Star,Romance,2024,4,10,0,103,0.48
USR_3406,MOV_5279,Doctor,Comedy,2021,5,20,1,185,0.96
USR_3308,MOV_5170,Garudan,Drama,2024,3,4,0,7,-0.37
USR_3797,MOV_5093,Theri,Action,2016,4,11,1,105,0.25
USR_3509,MOV_5210,O Kadhal Kanmani,Romance,2015,5,12,1,178,0.85
USR_3158,MOV_5224,Indru Netru Naalai,Sci-Fi,2015,2,0,0,36,0.18
USR_4188,MOV_5006,Rajinimurugan,Comedy,2016,1,3,0,48,-0.14
USR_3145,MOV_5172,Doctor,Comedy,2021,5,23,1,137,0.84
USR_3036,MOV_5268,Dada,Comedy,2023,2,4,0,6,-0.35
USR_3665,MOV_5090,O Kadhal Kanmani,Romance,2015,2.5,2,1,53,-0.46
USR_3742,MOV_5006,Rajinimurugan,Comedy,2016,3.5,6,1,71,0.23
USR_3224,MOV_5090,O Kadhal Kanmani,Romance,2015,4,10,0,130,0.2
USR_4132,MOV_5198,Tik Tik Tik,Sci-Fi,2018,2.5,2,0,46,0.09
USR_3906,MOV_5081,Fun Unlimited,Comedy,2026,4,5,1,86,0.47
USR_3997,MOV_5251,Love Today,Comedy,2022,3,0,0,63,-0.08
USR_3789,MOV_5242,Imaikkaa Nodigal,Thriller,2018,5,19,1,146,0.85
USR_3416,MOV_5224,Indru Netru Naalai,Sci-Fi,2015,2,2,0,6,-0.05
USR_3766,MOV_5078,2,Sci-Fi,2018,4,8,1,92,0.57
USR_3110,MOV_5093,Theri,Action,2016,4,11,1,113,0.47
USR_3917,MOV_5172,Doctor,Comedy,2021,5,23,1,146,1
USR_3057,MOV_5047,Meiyazhagan,Drama,2024,2.5,0,1,35,-0.22
USR_3521,MOV_5267,Time Loop 2,Sci-Fi,2026,4.5,20,1,171,0.97
USR_3626,MOV_5066,Thani Oruvan,Action,2015,5,18,1,136,0.82
USR_3594,MOV_5142,Kaaka Muttai,Drama,2015,2.5,1,0,12,0
USR_3491,MOV_5252,2,Sci-Fi,2018,5,18,1,145,0.71
USR_4049,MOV_5256,Garudan,Drama,2024,4,10,1,79,0.28
USR_3518,MOV_5110,Maanaadu,Sci-Fi,2021,3,3,0,41,-0.15
USR_3908,MOV_5169,24,Sci-Fi,2016,5,12,1,196,0.89
USR_3830,MOV_5052,Chitha,Thriller,2023,5,24,1,190,0.88
USR_3092,MOV_5054,Kottukaali,Drama,2024,2,0,0,26,-0.38
USR_3388,MOV_5196,Naanum Rowdy Dhaan,Comedy,2015,2.5,1,1,13,-0.33
USR_4137,MOV_5232,Dhuruvangal Pathinaaru,Thriller,2016,4,9,0,87,0.59
USR_4033,MOV_5020,Vedalam,Action,2015,5,22,1,186,0.96
USR_3582,MOV_5115,Mari Selvaraj Next,Drama,2026,5,16,1,140,0.77
USR_3386,MOV_5226,Coolie,Action,2025,4.5,24,1,147,0.91
USR_4172,MOV_5252,2,Sci-Fi,2018,4.5,23,1,180,0.89
USR_3024,MOV_5157,Mari Selvaraj Next,Drama,2026,1.5,4,0,34,-0.02
USR_3086,MOV_5240,SivaKartikeyan Next,Comedy,2025,4,7,1,119,0.49
USR_3369,MOV_5163,Naanum Rowdy Dhaan,Comedy,2015,3.5,6,0,123,0.34
USR_4039,MOV_5026,Classic Love Story,Romance,2026,4,11,1,124,0.31
USR_3812,MOV_5049,Asuran,Action,2019,4,7,1,113,0.67
USR_3057,MOV_5184,Mookuthi Amman,Comedy,2020,4,10,0,104,0.37
USR_3259,MOV_5229,Kabali,Action,2016,4,6,0,122,0.55
USR_3994,MOV_5120,Game Over,Thriller,2019,3.5,9,1,121,0.6
USR_3978,MOV_5024,Jailer,Action,2023,3.5,6,1,66,0.42
USR_3087,MOV_5228,Thani Oruvan,Action,2015,3.5,5,1,94,0.25
USR_3035,MOV_5257,Joe,Romance,2023,4,11,1,97,0.21
USR_3589,MOV_5218,O Kadhal Kanmani,Romance,2015,5,19,1,144,0.8
USR_3951,MOV_5210,O Kadhal Kanmani,Romance,2015,4.5,16,1,167,0.91
USR_3182,MOV_5094,Sita Ramam (Tamil),Romance,2022,3.5,9,0,76,0.23
USR_3380,MOV_5184,Mookuthi Amman,Comedy,2020,3.5,11,0,105,0.68
USR_3044,MOV_5276,Kadaisi Vivasayi,Drama,2022,4,11,1,95,0.34
USR_3271,MOV_5031,Dada,Comedy,2023,5,24,1,156,0.79
USR_3772,MOV_5219,Kadhalum Kadandhu Pogum,Romance,2016,5,14,1,192,0.91
USR_3340,MOV_5134,Por Thozhil,Thriller,2023,3.5,8,1,83,0.43
USR_3133,MOV_5280,Vettaiyan,Thriller,2024,4,10,1,93,0.31
USR_3648,MOV_5034,Indru Netru Naalai,Sci-Fi,2015,3.5,6,1,104,0.47
USR_3651,MOV_5258,Hey Sinamika,Romance,2022,5,24,1,162,0.85
USR_3057,MOV_5167,Maanaadu,Sci-Fi,2021,5,21,1,135,0.91
USR_3889,MOV_5060,Maharaja,Action,2024,4,9,1,75,0.41
USR_3220,MOV_5009,96,Romance,2018,3.5,5,0,103,0.23
USR_3838,MOV_5085,Good Night,Comedy,2023,1.5,0,0,8,-0.29
USR_3360,MOV_5113,Oh My Kadavule,Romance,2020,4.5,20,1,133,0.84
USR_3039,MOV_5169,24,Sci-Fi,2016,5,24,1,192,0.74
USR_3043,MOV_5137,Star,Romance,2024,1,1,0,10,-0.15
USR_3834,MOV_5169,24,Sci-Fi,2016,2.5,4,0,42,0.1
USR_4070,MOV_5220,Asuran,Action,2019,1,3,0,53,0.17
USR_4169,MOV_5031,Dada,Comedy,2023,4.5,24,1,197,0.97
USR_3172,MOV_5180,Master,Action,2021,2.5,4,0,36,-0.33
USR_3975,MOV_5056,Fun Unlimited,Comedy,2026,3.5,8,1,77,0.63
USR_3140,MOV_5097,Sita Ramam (Tamil),Romance,2022,4,9,1,78,0.6
USR_3881,MOV_5255,Oh My Kadavule,Romance,2020,5,24,1,158,0.77
USR_4002,MOV_5236,Thug Life,Action,2025,5,17,1,186,0.91
USR_3193,MOV_5216,Classic Love Story,Romance,2026,3.5,11,1,107,0.25
USR_3045,MOV_5086,Project AI,Sci-Fi,2025,4.5,22,1,178,0.91
USR_3771,MOV_5026,Classic Love Story,Romance,2026,4,9,1,84,0.28
USR_3277,MOV_5161,Good Night,Comedy,2023,2.5,0,0,15,-0.49
USR_3097,MOV_5009,96,Romance,2018,5,17,1,194,0.8
USR_3916,MOV_5181,Indru Netru Naalai,Sci-Fi,2015,1.5,1,0,47,-0.31
USR_3509,MOV_5032,Dhruva Natchathiram,Thriller,2025,3,2,0,25,-0.45
USR_3634,MOV_5253,Love Today,Comedy,2022,4,8,0,85,0.61
USR_3541,MOV_5022,Classic Love Story,Romance,2026,5,16,1,161,1
USR_4046,MOV_5001,Fun Unlimited,Comedy,2026,4.5,19,1,169,0.87
USR_3596,MOV_5202,Lubber Pandhu,Drama,2024,3.5,7,0,106,0.38
USR_3847,MOV_5272,Meiyazhagan,Drama,2024,5,17,1,135,0.84
USR_3085,MOV_5049,Asuran,Action,2019,2.5,3,0,42,0.14
USR_3047,MOV_5101,Maanaadu,Sci-Fi,2021,2,1,0,30,-0.13
USR_3042,MOV_5286,Vettaiyan,Thriller,2024,5,19,1,175,0.85
USR_3451,MOV_5172,Doctor,Comedy,2021,5,24,1,160,0.75
USR_3619,MOV_5147,Ayalaan,Sci-Fi,2024,2,1,0,40,-0.35
USR_3421,MOV_5250,Visaranai,Thriller,2015,2,0,0,16,0.19
USR_3427,MOV_5041,Thani Oruvan,Action,2015,5,12,1,157,0.78
USR_3665,MOV_5168,Karnan,Drama,2021,3.5,5,1,129,0.34
USR_3728,MOV_5242,Imaikkaa Nodigal,Thriller,2018,4,9,1,117,0.63
USR_3967,MOV_5071,Dhruva Natchathiram,Thriller,2025,4.5,16,1,164,0.87
USR_3386,MOV_5129,Naanum Rowdy Dhaan,Comedy,2015,2,0,0,35,-0.41
USR_3317,MOV_5177,Jailer,Action,2023,2.5,1,0,49,-0.25
USR_3709,MOV_5087,Thug Life,Action,2025,3,0,1,51,0.07
USR_3858,MOV_5235,Project AI,Sci-Fi,2025,5,20,1,179,1
USR_3699,MOV_5158,Classic Love Story,Romance,2026,3.5,8,1,94,0.44
USR_3349,MOV_5110,Maanaadu,Sci-Fi,2021,2.5,0,0,45,-0.42
USR_4159,MOV_5069,O Kadhal Kanmani,Romance,2015,2.5,0,0,53,-0.27
USR_3384,MOV_5151,Kaithi,Action,2019,5,12,1,188,0.83
USR_3699,MOV_5136,Project AI,Sci-Fi,2025,5,21,1,175,0.77
USR_4054,MOV_5096,Dhruva Natchathiram,Thriller,2025,4,9,0,96,0.4
USR_3978,MOV_5143,Chitha,Thriller,2023,2.5,2,0,13,-0.04
USR_3118,MOV_5085,Good Night,Comedy,2023,3.5,10,0,115,0.32
USR_3471,MOV_5153,Maanaadu,Sci-Fi,2021,4,6,1,74,0.3
USR_4066,MOV_5077,Por Thozhil,Thriller,2023,4,8,1,125,0.23
USR_3807,MOV_5143,Chitha,Thriller,2023,2,2,0,65,0.07
USR_3859,MOV_5174,Time Loop 2,Sci-Fi,2026,4,7,1,85,0.34
USR_3268,MOV_5045,Vettaiyan,Thriller,2024,2.5,2,0,34,0.02
USR_3622,MOV_5072,Comali,Comedy,2019,2.5,0,0,59,0.09
USR_3523,MOV_5031,Dada,Comedy,2023,3.5,10,0,119,0.68
USR_3945,MOV_5018,Lubber Pandhu,Drama,2024,4.5,18,1,172,0.8
USR_3292,MOV_5130,Oh My Kadavule,Romance,2020,1,2,0,19,-0.45
USR_4074,MOV_5034,Indru Netru Naalai,Sci-Fi,2015,4,7,1,67,0.57
USR_3467,MOV_5256,Garudan,Drama,2024,2.5,1,0,34,-0.4
USR_3475,MOV_5065,Ponniyin Selvan: Part 1,Drama,2022,2.5,3,0,16,-0.38
USR_4156,MOV_5123,Thiruchitrambalam,Romance,2022,4,6,0,128,0.33
USR_3028,MOV_5097,Sita Ramam (Tamil),Romance,2022,1.5,0,0,63,0.03
USR_3333,MOV_5046,Soorarai Pottru,Drama,2020,3.5,6,1,123,0.55
USR_4084,MOV_5031,Dada,Comedy,2023,4,7,1,74,0.6
USR_3830,MOV_5226,Coolie,Action,2025,1.5,1,1,49,-0.05
USR_3080,MOV_5040,Comali,Comedy,2019,5,23,1,180,0.99
USR_3329,MOV_5255,Oh My Kadavule,Romance,2020,3.5,10,1,121,0.53
USR_3301,MOV_5155,Fun Unlimited,Comedy,2026,2,0,0,12,-0.2
USR_3230,MOV_5212,Chitha,Thriller,2023,3.5,8,1,73,0.42
USR_3043,MOV_5204,Lubber Pandhu,Drama,2024,1.5,0,0,17,-0.32
USR_3699,MOV_5185,Love Today,Comedy,2022,4,6,1,72,0.27
USR_3932,MOV_5149,Coolie,Action,2025,5,18,1,179,0.83
USR_3222,MOV_5242,Imaikkaa Nodigal,Thriller,2018,4,5,0,111,0.45
USR_4159,MOV_5279,Doctor,Comedy,2021,2.5,3,1,55,0.01
USR_3431,MOV_5015,Doctor,Comedy,2021,4,10,1,83,0.69
USR_3435,MOV_5050,Indru Netru Naalai,Sci-Fi,2015,5,14,1,140,0.88
USR_3986,MOV_5219,Kadhalum Kadandhu Pogum,Romance,2016,5,17,1,136,0.77
USR_3008,MOV_5106,Maanaadu,Sci-Fi,2021,3.5,5,1,67,0.46
USR_3376,MOV_5120,Game Over,Thriller,2019,3,4,0,65,0.05
USR_3715,MOV_5070,Jai Bhim,Drama,2021,4,6,1,77,0.51
USR_3214,MOV_5163,Naanum Rowdy Dhaan,Comedy,2015,5,20,1,159,0.87
USR_3881,MOV_5189,Thani Oruvan,Action,2015,5,24,1,151,0.87
USR_3062,MOV_5066,Thani Oruvan,Action,2015,2,4,0,8,-0.21
USR_4042,MOV_5152,Garudan,Drama,2024,4,5,1,77,0.67
USR_3103,MOV_5231,The investigative report,Thriller,2026,5,14,1,147,0.73
USR_3812,MOV_5266,Hit List,Thriller,2024,4.5,19,1,192,0.83
USR_4048,MOV_5163,Naanum Rowdy Dhaan,Comedy,2015,3.5,6,1,79,0.31
USR_3673,MOV_5164,Kaaka Muttai,Drama,2015,4.5,14,1,164,0.77
USR_3135,MOV_5191,Imaikkaa Nodigal,Thriller,2018,4,8,0,95,0.35
USR_3317,MOV_5068,Jai Bhim,Drama,2021,3.5,8,0,68,0.26
USR_3626,MOV_5247,The investigative report,Thriller,2026,4.5,14,1,177,0.88
USR_4076,MOV_5245,Hey Sinamika,Romance,2022,1.5,4,1,46,-0.47
USR_3384,MOV_5127,Vada Chennai,Action,2018,5,21,1,187,0.98
USR_3556,MOV_5066,Thani Oruvan,Action,2015,5,19,1,151,0.93
USR_4092,MOV_5186,Kottukaali,Drama,2024,4,9,1,123,0.22
USR_3987,MOV_5007,Viduthalai Part 1,Thriller,2023,2.5,4,0,48,-0.19
USR_3827,MOV_5207,Meiyazhagan,Drama,2024,2.5,4,0,16,-0.01
USR_3500,MOV_5259,Joe,Romance,2023,4.5,18,1,149,0.87
USR_4053,MOV_5159,Vikram,Action,2022,4,9,0,128,0.66
USR_3193,MOV_5022,Classic Love Story,Romance,2026,5,17,1,177,0.95
USR_3616,MOV_5111,Soorarai Pottru,Drama,2020,4,5,1,81,0.54
USR_3806,MOV_5096,Dhruva Natchathiram,Thriller,2025,5,24,1,153,0.75
USR_3492,MOV_5065,Ponniyin Selvan: Part 1,Drama,2022,4,9,0,70,0.45
USR_4014,MOV_5096,Dhruva Natchathiram,Thriller,2025,5,20,1,182,0.97
USR_3317,MOV_5011,Fun Unlimited,Comedy,2026,3.5,7,1,98,0.38
USR_3521,MOV_5119,Mehandi Circus,Romance,2019,5,17,1,161,0.94
USR_3500,MOV_5225,Theri,Action,2016,3.5,8,0,127,0.22
USR_3001,MOV_5026,Classic Love Story,Romance,2026,4,8,0,72,0.66
USR_3524,MOV_5114,Tik Tik Tik,Sci-Fi,2018,5,16,1,144,0.78
USR_4124,MOV_5096,Dhruva Natchathiram,Thriller,2025,5,24,0,143,0.9
USR_3022,MOV_5221,Hey Sinamika,Romance,2022,3,1,1,38,-0.39
USR_3853,MOV_5240,SivaKartikeyan Next,Comedy,2025,4,10,0,87,0.51
USR_3219,MOV_5082,Vikram Vedha,Thriller,2017,2.5,4,1,15,0.02
USR_3153,MOV_5140,Love Insurance Kompany,Romance,2025,4.5,24,1,144,0.96
USR_3300,MOV_5233,24,Sci-Fi,2016,3,4,0,28,-0.14
USR_4139,MOV_5238,Maanaadu,Sci-Fi,2021,5,22,1,171,0.72
USR_3066,MOV_5227,The GOAT,Action,2024,5,21,1,145,0.95
USR_3352,MOV_5179,SivaKartikeyan Next,Comedy,2025,4.5,17,0,176,0.7
USR_3584,MOV_5050,Indru Netru Naalai,Sci-Fi,2015,4.5,20,0,134,0.73
USR_3015,MOV_5116,Ayalaan,Sci-Fi,2024,2,1,0,17,-0.32
USR_4118,MOV_5094,Sita Ramam (Tamil),Romance,2022,2.5,3,0,51,-0.47
USR_4171,MOV_5103,Visaranai,Thriller,2015,4,5,0,101,0.35
USR_3339,MOV_5060,Maharaja,Action,2024,2,1,0,7,-0.17
USR_4089,MOV_5191,Imaikkaa Nodigal,Thriller,2018,2,3,0,16,-0.28
USR_3078,MOV_5004,Amaran,Action,2024,1.5,2,0,30,-0.25
USR_3397,MOV_5116,Ayalaan,Sci-Fi,2024,3.5,9,1,69,0.62
USR_3351,MOV_5143,Chitha,Thriller,2023,4,11,0,130,0.58
USR_3448,MOV_5151,Kaithi,Action,2019,2,1,0,39,0.15
USR_4016,MOV_5030,Indru Netru Naalai,Sci-Fi,2015,4,10,0,130,0.42
USR_3345,MOV_5283,Tik Tik Tik,Sci-Fi,2018,1,2,0,39,-0.15
USR_3698,MOV_5028,Doctor,Comedy,2021,2.5,0,0,37,0.08
USR_4067,MOV_5056,Fun Unlimited,Comedy,2026,2.5,0,0,50,0.09
USR_3647,MOV_5115,Mari Selvaraj Next,Drama,2026,3.5,8,0,113,0.2
USR_3761,MOV_5217,Game Over,Thriller,2019,5,18,1,199,0.72
USR_3343,MOV_5099,Ayalaan,Sci-Fi,2024,2,3,0,12,-0.08
USR_3962,MOV_5076,Viduthalai Part 1,Thriller,2023,5,12,0,172,0.86
USR_3975,MOV_5161,Good Night,Comedy,2023,3,3,0,55,-0.26
USR_3910,MOV_5094,Sita Ramam (Tamil),Romance,2022,4,5,0,104,0.47
USR_3204,MOV_5261,Love Today,Comedy,2022,4,7,0,111,0.29
USR_3212,MOV_5154,Siren,Romance,2024,5,14,0,195,0.98
USR_3087,MOV_5025,Kaithi,Action,2019,3,4,1,52,-0.38
USR_4147,MOV_5160,Garudan,Drama,2024,4,11,1,78,0.21
USR_4150,MOV_5126,Visaranai,Thriller,2015,5,22,1,189,0.81
USR_3741,MOV_5024,Jailer,Action,2023,4,8,0,79,0.23
USR_3854,MOV_5064,Naanum Rowdy Dhaan,Comedy,2015,5,19,1,141,0.84
USR_3744,MOV_5159,Vikram,Action,2022,5,23,1,153,0.91
USR_3275,MOV_5050,Indru Netru Naalai,Sci-Fi,2015,4,5,1,115,0.36
USR_3486,MOV_5219,Kadhalum Kadandhu Pogum,Romance,2016,2.5,1,0,24,0.18
USR_3035,MOV_5026,Classic Love Story,Romance,2026,2,0,0,57,0.14
USR_3837,MOV_5141,Vetri Maaran Next,Action,2026,1.5,4,0,64,-0.49
USR_3161,MOV_5113,Oh My Kadavule,Romance,2020,1.5,3,0,55,-0.15
USR_3850,MOV_5210,O Kadhal Kanmani,Romance,2015,4,6,1,73,0.42
USR_3789,MOV_5025,Kaithi,Action,2019,4,7,0,116,0.66
USR_3600,MOV_5265,Vedalam,Action,2015,3.5,10,0,81,0.5
USR_3972,MOV_5004,Amaran,Action,2024,3.5,6,0,74,0.26
USR_3080,MOV_5106,Maanaadu,Sci-Fi,2021,2,2,0,33,-0.23
USR_3750,MOV_5190,Amaran,Action,2024,2,3,0,15,0.02
USR_4173,MOV_5172,Doctor,Comedy,2021,2,1,0,45,-0.25
USR_3931,MOV_5144,Ratsasan,Thriller,2018,5,20,1,162,0.82
USR_3262,MOV_5161,Good Night,Comedy,2023,3,4,0,33,-0.07
USR_4069,MOV_5179,SivaKartikeyan Next,Comedy,2025,2.5,3,0,63,-0.05
USR_3980,MOV_5200,Viduthalai Part 2,Thriller,2025,4,5,0,85,0.5
USR_3362,MOV_5257,Joe,Romance,2023,3,4,0,25,0
USR_3072,MOV_5041,Thani Oruvan,Action,2015,1.5,4,0,27,-0.07
USR_3686,MOV_5021,Asuran,Action,2019,4,8,0,83,0.5
USR_3495,MOV_5261,Love Today,Comedy,2022,3.5,8,0,124,0.63
USR_3202,MOV_5028,Doctor,Comedy,2021,5,14,1,170,0.91
USR_3933,MOV_5200,Viduthalai Part 2,Thriller,2025,3.5,10,1,110,0.27
USR_3199,MOV_5160,Garudan,Drama,2024,5,19,1,153,0.82
USR_3047,MOV_5193,Kaaka Muttai,Drama,2015,4,7,0,90,0.29
USR_3441,MOV_5073,Thug Life,Action,2025,5,13,1,160,0.87
USR_4092,MOV_5091,Tik Tik Tik,Sci-Fi,2018,4.5,24,0,160,0.95
USR_3123,MOV_5004,Amaran,Action,2024,5,18,1,136,0.71
USR_3792,MOV_5209,LKG,Comedy,2019,2.5,1,0,5,-0.37
USR_3803,MOV_5173,Kaithi,Action,2019,5,18,1,182,0.95
USR_3401,MOV_5087,Thug Life,Action,2025,5,15,1,183,0.82
USR_3407,MOV_5044,Joe,Romance,2023,5,22,1,199,0.85
USR_3510,MOV_5084,Don,Comedy,2022,4,8,0,68,0.58
USR_4093,MOV_5205,Conjuring Kannappan,Comedy,2023,4,6,0,130,0.63
USR_3265,MOV_5036,Tik Tik Tik,Sci-Fi,2018,3.5,6,0,102,0.29
USR_3964,MOV_5115,Mari Selvaraj Next,Drama,2026,4,8,1,82,0.27
USR_4074,MOV_5013,Maanaadu,Sci-Fi,2021,5,13,1,179,1
USR_3647,MOV_5159,Vikram,Action,2022,5,18,1,156,0.95
USR_3724,MOV_5056,Fun Unlimited,Comedy,2026,4.5,14,1,187,0.83
USR_3866,MOV_5210,O Kadhal Kanmani,Romance,2015,3,1,0,24,-0.49
USR_3267,MOV_5116,Ayalaan,Sci-Fi,2024,4,5,0,111,0.45
USR_3870,MOV_5148,Imaikkaa Nodigal,Thriller,2018,4.5,14,1,140,0.86
USR_4052,MOV_5169,24,Sci-Fi,2016,4.5,19,1,186,0.86
USR_4088,MOV_5089,Don,Comedy,2022,4,7,1,108,0.39
USR_3496,MOV_5277,Brother,Comedy,2024,5,17,1,143,0.8
USR_3056,MOV_5041,Thani Oruvan,Action,2015,4,5,1,85,0.69
USR_3348,MOV_5167,Maanaadu,Sci-Fi,2021,4,10,1,73,0.59
USR_3017,MOV_5202,Lubber Pandhu,Drama,2024,4,9,0,84,0.59
USR_3288,MOV_5058,Soorarai Pottru,Drama,2020,5,14,1,152,0.98
USR_3658,MOV_5007,Viduthalai Part 1,Thriller,2023,2,4,0,27,0.1
USR_3183,MOV_5017,Oh My Kadavule,Romance,2020,4,5,1,124,0.57
USR_3515,MOV_5054,Kottukaali,Drama,2024,3.5,10,1,74,0.45
USR_3120,MOV_5016,Oh My Kadavule,Romance,2020,3.5,6,0,103,0.24
USR_4116,MOV_5072,Comali,Comedy,2019,5,12,1,146,0.79
USR_3218,MOV_5140,Love Insurance Kompany,Romance,2025,5,21,1,137,0.88
USR_4060,MOV_5129,Naanum Rowdy Dhaan,Comedy,2015,4,9,1,103,0.42
USR_3027,MOV_5201,Don,Comedy,2022,5,16,1,196,0.72
USR_3175,MOV_5098,Game Over,Thriller,2019,5,19,1,163,0.8
USR_3045,MOV_5069,O Kadhal Kanmani,Romance,2015,4,8,1,103,0.24
USR_4067,MOV_5134,Por Thozhil,Thriller,2023,5,23,1,169,0.85
USR_3210,MOV_5158,Classic Love Story,Romance,2026,5,21,0,185,0.72
USR_3858,MOV_5104,Soorarai Pottru,Drama,2020,2,0,0,33,-0.06
USR_3170,MOV_5086,Project AI,Sci-Fi,2025,4.5,16,1,187,0.94
USR_3709,MOV_5097,Sita Ramam (Tamil),Romance,2022,4,6,0,81,0.61
USR_3295,MOV_5282,Viduthalai Part 2,Thriller,2025,5,12,1,187,0.96
USR_3974,MOV_5261,Love Today,Comedy,2022,3.5,6,0,98,0.45
USR_3991,MOV_5269,Tik Tik Tik,Sci-Fi,2018,2.5,1,0,58,-0.06
USR_3396,MOV_5216,Classic Love Story,Romance,2026,5,21,1,145,0.73
USR_3079,MOV_5228,Thani Oruvan,Action,2015,5,12,1,147,0.92
USR_3953,MOV_5057,Garudan,Drama,2024,2,3,0,47,-0.17
USR_3260,MOV_5066,Thani Oruvan,Action,2015,5,15,1,175,0.85
USR_3323,MOV_5219,Kadhalum Kadandhu Pogum,Romance,2016,4.5,16,1,184,0.78
USR_3581,MOV_5183,Vaadivaasal,Drama,2025,5,19,1,160,0.71
USR_3363,MOV_5026,Classic Love Story,Romance,2026,2,1,0,6,-0.06
USR_3105,MOV_5138,Kaaka Muttai,Drama,2015,4,6,0,109,0.6
USR_3664,MOV_5171,Love Insurance Kompany,Romance,2025,3.5,11,1,117,0.49
USR_3772,MOV_5236,Thug Life,Action,2025,4.5,21,1,176,0.88
USR_3737,MOV_5273,Dhuruvangal Pathinaaru,Thriller,2016,1.5,2,0,8,-0.16
USR_3553,MOV_5247,The investigative report,Thriller,2026,3.5,6,1,71,0.5
USR_3780,MOV_5049,Asuran,Action,2019,4,8,0,115,0.29
USR_3793,MOV_5175,Star,Romance,2024,2.5,3,0,63,-0.23
USR_3617,MOV_5289,Vada Chennai,Action,2018,5,16,1,194,0.77
USR_4178,MOV_5160,Garudan,Drama,2024,4,5,0,101,0.67
USR_4168,MOV_5259,Joe,Romance,2023,2.5,1,0,33,0.13
USR_4116,MOV_5156,Kottukaali,Drama,2024,5,12,1,193,0.79
USR_3446,MOV_5056,Fun Unlimited,Comedy,2026,4,11,1,117,0.38
USR_3081,MOV_5284,Ratsasan,Thriller,2018,4,6,0,99,0.36
USR_3986,MOV_5197,Vikram Vedha,Thriller,2017,3,4,0,6,-0.27
USR_3310,MOV_5178,Indru Netru Naalai,Sci-Fi,2015,1.5,2,0,48,-0.44
USR_3883,MOV_5225,Theri,Action,2016,5,12,1,160,0.96
USR_3184,MOV_5053,Good Bad Ugly,Action,2025,2.5,0,0,24,-0.29
USR_3892,MOV_5285,Master,Action,2021,5,12,1,193,0.99
USR_3945,MOV_5022,Classic Love Story,Romance,2026,5,21,1,193,0.93
USR_4088,MOV_5052,Chitha,Thriller,2023,3,2,0,48,-0.13
USR_3328,MOV_5106,Maanaadu,Sci-Fi,2021,1.5,2,0,51,-0.43
USR_3377,MOV_5190,Amaran,Action,2024,5,21,1,197,0.86
USR_3703,MOV_5150,Maya,Thriller,2015,5,18,1,132,0.93
USR_3832,MOV_5115,Mari Selvaraj Next,Drama,2026,2.5,2,0,26,-0.38
USR_3076,MOV_5006,Rajinimurugan,Comedy,2016,5,17,1,185,0.71
USR_3794,MOV_5252,2,Sci-Fi,2018,5,21,1,196,0.94
USR_3812,MOV_5062,Hit List,Thriller,2024,3,0,0,54,-0.34
USR_3327,MOV_5122,Maanaadu,Sci-Fi,2021,5,20,1,136,0.86
USR_4000,MOV_5244,Raayan,Action,2024,3,0,0,65,-0.28
USR_3646,MOV_5146,Visaranai,Thriller,2015,4,9,1,89,0.42
USR_3943,MOV_5107,Indru Netru Naalai,Sci-Fi,2015,2.5,3,0,19,-0.45
USR_3947,MOV_5215,The investigative report,Thriller,2026,5,17,1,192,0.95
USR_3422,MOV_5002,Hey Sinamika,Romance,2022,4,7,1,119,0.57
USR_3369,MOV_5156,Kottukaali,Drama,2024,5,24,1,187,0.81
USR_3171,MOV_5133,Viduthalai Part 1,Thriller,2023,4.5,21,0,156,0.99
USR_3427,MOV_5050,Indru Netru Naalai,Sci-Fi,2015,3.5,10,0,109,0.66
USR_3452,MOV_5122,Maanaadu,Sci-Fi,2021,4,11,0,83,0.39
USR_3320,MOV_5161,Good Night,Comedy,2023,3.5,6,1,93,0.6
USR_3504,MOV_5038,O Kadhal Kanmani,Romance,2015,4,5,1,129,0.31
USR_3957,MOV_5120,Game Over,Thriller,2019,4.5,22,1,139,0.94
USR_3939,MOV_5168,Karnan,Drama,2021,3.5,5,1,75,0.46
USR_3178,MOV_5081,Fun Unlimited,Comedy,2026,2.5,4,0,27,0.03
USR_3681,MOV_5280,Vettaiyan,Thriller,2024,2,1,0,52,-0.38
USR_3379,MOV_5149,Coolie,Action,2025,4,5,0,123,0.47
USR_3856,MOV_5197,Vikram Vedha,Thriller,2017,3.5,10,1,76,0.26
USR_4093,MOV_5090,O Kadhal Kanmani,Romance,2015,5,20,1,173,0.88
USR_4036,MOV_5153,Maanaadu,Sci-Fi,2021,2,2,0,59,0.1
USR_3829,MOV_5036,Tik Tik Tik,Sci-Fi,2018,4.5,18,1,151,0.72
USR_3918,MOV_5194,Vada Chennai,Action,2018,3.5,6,1,117,0.56
USR_3876,MOV_5012,Vedalam,Action,2015,4,6,1,94,0.39
USR_3859,MOV_5052,Chitha,Thriller,2023,2.5,2,0,30,0.05
USR_3835,MOV_5105,Dhuruvangal Pathinaaru,Thriller,2016,5,23,1,150,0.78
USR_3796,MOV_5099,Ayalaan,Sci-Fi,2024,3.5,8,1,102,0.59
USR_3550,MOV_5251,Love Today,Comedy,2022,3.5,11,0,72,0.49
USR_3359,MOV_5069,O Kadhal Kanmani,Romance,2015,4,5,0,91,0.47
USR_3790,MOV_5055,2,Sci-Fi,2018,3,0,0,22,-0.44
USR_3482,MOV_5075,Doctor,Comedy,2021,5,22,1,181,0.81
USR_3605,MOV_5226,Coolie,Action,2025,4,5,1,106,0.66
USR_3380,MOV_5156,Kottukaali,Drama,2024,4,8,0,92,0.28
USR_3377,MOV_5226,Coolie,Action,2025,3,0,0,51,-0.46
USR_4096,MOV_5069,O Kadhal Kanmani,Romance,2015,4.5,18,1,187,0.75
USR_3711,MOV_5002,Hey Sinamika,Romance,2022,5,14,1,169,0.86
USR_3942,MOV_5122,Maanaadu,Sci-Fi,2021,4,8,1,71,0.23
USR_4179,MOV_5076,Viduthalai Part 1,Thriller,2023,4,7,1,118,0.62
USR_4155,MOV_5285,Master,Action,2021,3.5,11,1,94,0.3
USR_3270,MOV_5056,Fun Unlimited,Comedy,2026,3.5,6,1,80,0.68
USR_4072,MOV_5035,Ayalaan,Sci-Fi,2024,5,14,1,161,0.79
USR_3499,MOV_5089,Don,Comedy,2022,3.5,9,1,76,0.6
USR_3504,MOV_5267,Time Loop 2,Sci-Fi,2026,4,10,0,84,0.56
USR_3866,MOV_5251,Love Today,Comedy,2022,2.5,0,0,60,0.17
USR_3323,MOV_5094,Sita Ramam (Tamil),Romance,2022,4,10,0,115,0.58
USR_3044,MOV_5014,Viduthalai Part 2,Thriller,2025,5,19,1,177,0.77
USR_4117,MOV_5211,Indru Netru Naalai,Sci-Fi,2015,4,11,0,113,0.52
USR_3410,MOV_5169,24,Sci-Fi,2016,4,8,1,98,0.56
USR_3213,MOV_5065,Ponniyin Selvan: Part 1,Drama,2022,4,5,1,103,0.6
USR_3101,MOV_5245,Hey Sinamika,Romance,2022,3.5,10,0,75,0.68
USR_3821,MOV_5044,Joe,Romance,2023,3.5,5,0,108,0.25
USR_3175,MOV_5200,Viduthalai Part 2,Thriller,2025,3,3,0,23,-0.43
USR_3469,MOV_5235,Project AI,Sci-Fi,2025,5,23,1,169,0.83
USR_3787,MOV_5155,Fun Unlimited,Comedy,2026,4.5,16,1,173,0.74
USR_3525,MOV_5099,Ayalaan,Sci-Fi,2024,3.5,11,1,72,0.32
USR_3882,MOV_5176,LKG,Comedy,2019,3,4,1,58,-0.46
USR_4018,MOV_5249,Kaithi,Action,2019,5,23,1,192,0.85
USR_3815,MOV_5027,Viduthalai Part 1,Thriller,2023,3,0,0,27,-0.34
USR_3527,MOV_5070,Jai Bhim,Drama,2021,5,18,1,142,0.76
USR_3812,MOV_5146,Visaranai,Thriller,2015,5,18,1,132,0.9
USR_3453,MOV_5272,Meiyazhagan,Drama,2024,5,21,1,173,0.96
USR_3672,MOV_5030,Indru Netru Naalai,Sci-Fi,2015,1.5,0,0,49,-0.43
USR_3877,MOV_5116,Ayalaan,Sci-Fi,2024,5,23,1,156,0.73
USR_3196,MOV_5125,Hit List,Thriller,2024,5,23,1,134,0.9
USR_3486,MOV_5126,Visaranai,Thriller,2015,5,15,1,168,0.97
USR_3247,MOV_5106,Maanaadu,Sci-Fi,2021,4,10,1,67,0.26
USR_3724,MOV_5185,Love Today,Comedy,2022,2.5,1,0,30,-0.42
USR_3100,MOV_5132,Indru Netru Naalai,Sci-Fi,2015,4,11,1,121,0.45
USR_3962,MOV_5194,Vada Chennai,Action,2018,5,23,1,150,0.86
USR_3808,MOV_5033,2,Sci-Fi,2018,4,8,1,70,0.45
USR_3514,MOV_5020,Vedalam,Action,2015,2.5,4,0,15,-0.27
USR_4086,MOV_5193,Kaaka Muttai,Drama,2015,4,11,1,117,0.24
USR_4160,MOV_5117,Amaran,Action,2024,4,11,1,109,0.61
USR_3143,MOV_5245,Hey Sinamika,Romance,2022,5,17,0,178,0.85
USR_3754,MOV_5043,Thani Oruvan,Action,2015,5,13,0,184,0.83
USR_3934,MOV_5244,Raayan,Action,2024,4,10,1,116,0.46
USR_3366,MOV_5199,96,Romance,2018,3,3,0,45,-0.09
USR_3086,MOV_5183,Vaadivaasal,Drama,2025,5,13,1,132,0.97
USR_3985,MOV_5226,Coolie,Action,2025,2.5,2,0,5,-0.38
USR_3966,MOV_5246,Love Insurance Kompany,Romance,2025,3.5,10,1,92,0.43
USR_3669,MOV_5227,The GOAT,Action,2024,1.5,0,0,8,0.01
USR_3466,MOV_5142,Kaaka Muttai,Drama,2015,5,14,1,193,0.73
USR_3819,MOV_5264,Imaikkaa Nodigal,Thriller,2018,4.5,19,1,197,0.79
USR_4154,MOV_5271,Mari Selvaraj Next,Drama,2026,4,11,1,69,0.48
USR_3422,MOV_5147,Ayalaan,Sci-Fi,2024,4,11,1,98,0.3
USR_3150,MOV_5167,Maanaadu,Sci-Fi,2021,3.5,5,0,125,0.67
USR_3378,MOV_5076,Viduthalai Part 1,Thriller,2023,3.5,8,0,80,0.48
USR_3905,MOV_5187,Ponniyin Selvan: Part 1,Drama,2022,4,7,0,109,0.27
USR_4194,MOV_5227,The GOAT,Action,2024,5,17,1,195,0.84
USR_4102,MOV_5240,SivaKartikeyan Next,Comedy,2025,2.5,3,0,41,-0.01
USR_3044,MOV_5261,Love Today,Comedy,2022,3.5,10,1,129,0.6
USR_3940,MOV_5214,Peranbu,Drama,2018,4.5,13,1,153,0.94
USR_4097,MOV_5009,96,Romance,2018,5,23,1,141,0.94
USR_3715,MOV_5033,2,Sci-Fi,2018,5,22,1,134,0.98
USR_3399,MOV_5125,Hit List,Thriller,2024,4,7,0,113,0.48
USR_3330,MOV_5147,Ayalaan,Sci-Fi,2024,1,2,0,22,-0.28
USR_3724,MOV_5039,Kaaka Muttai,Drama,2015,4.5,17,1,194,0.85
USR_4198,MOV_5279,Doctor,Comedy,2021,1,4,0,16,-0.41
USR_3122,MOV_5142,Kaaka Muttai,Drama,2015,3,2,0,5,-0.39
USR_3698,MOV_5152,Garudan,Drama,2024,1,3,0,41,-0.25
USR_4014,MOV_5210,O Kadhal Kanmani,Romance,2015,2.5,2,0,21,0.19
USR_3540,MOV_5082,Vikram Vedha,Thriller,2017,4,11,1,94,0.68
USR_3067,MOV_5052,Chitha,Thriller,2023,2.5,1,1,35,-0.15
USR_4103,MOV_5256,Garudan,Drama,2024,4,9,1,124,0.3
USR_3435,MOV_5263,Kottukaali,Drama,2024,4,7,0,116,0.29
USR_3526,MOV_5098,Game Over,Thriller,2019,5,15,1,170,0.86
USR_3589,MOV_5171,Love Insurance Kompany,Romance,2025,2.5,3,0,47,-0.26
USR_3941,MOV_5049,Asuran,Action,2019,3,1,0,26,-0.44
USR_3688,MOV_5252,2,Sci-Fi,2018,5,20,1,139,0.74
USR_3044,MOV_5270,Siren,Romance,2024,5,23,1,137,0.9
USR_4033,MOV_5285,Master,Action,2021,2.5,4,0,43,-0.15
USR_3591,MOV_5188,Kottukaali,Drama,2024,2,3,0,64,-0.27
USR_3477,MOV_5052,Chitha,Thriller,2023,5,15,1,178,0.73
USR_3493,MOV_5102,Joe,Romance,2023,5,17,1,131,0.96
USR_3093,MOV_5091,Tik Tik Tik,Sci-Fi,2018,3.5,5,1,99,0.63
USR_4081,MOV_5254,Indru Netru Naalai,Sci-Fi,2015,4,6,0,83,0.38
USR_3666,MOV_5197,Vikram Vedha,Thriller,2017,1.5,3,0,33,-0.46
USR_4129,MOV_5274,Asuran,Action,2019,4,7,1,113,0.29
USR_3961,MOV_5207,Meiyazhagan,Drama,2024,2,1,0,33,0.16
USR_3475,MOV_5279,Doctor,Comedy,2021,2.5,1,0,25,-0.33
USR_3968,MOV_5244,Raayan,Action,2024,2,4,0,21,-0.16
USR_4012,MOV_5135,Thug Life,Action,2025,2,4,0,40,-0.41
USR_3693,MOV_5280,Vettaiyan,Thriller,2024,4,7,1,92,0.67
USR_4068,MOV_5278,Raayan,Action,2024,3.5,9,1,121,0.68
USR_3721,MOV_5053,Good Bad Ugly,Action,2025,5,14,0,139,0.83
USR_4065,MOV_5238,Maanaadu,Sci-Fi,2021,4.5,13,1,176,0.97
USR_3595,MOV_5014,Viduthalai Part 2,Thriller,2025,5,16,1,150,1
USR_3301,MOV_5234,Karnan,Drama,2021,4.5,14,1,196,0.82
USR_3762,MOV_5280,Vettaiyan,Thriller,2024,2,1,0,47,-0.24
USR_3960,MOV_5244,Raayan,Action,2024,4,6,1,74,0.52
USR_3263,MOV_5025,Kaithi,Action,2019,4.5,18,1,131,0.95
USR_3514,MOV_5161,Good Night,Comedy,2023,4.5,24,1,165,0.92
USR_3954,MOV_5140,Love Insurance Kompany,Romance,2025,4,9,0,109,0.26
USR_3956,MOV_5269,Tik Tik Tik,Sci-Fi,2018,2,4,1,17,-0.07
USR_3581,MOV_5018,Lubber Pandhu,Drama,2024,1.5,1,0,64,0.19
USR_3745,MOV_5108,Ratsasan,Thriller,2018,4,5,1,129,0.41
USR_3446,MOV_5083,Project AI,Sci-Fi,2025,5,23,0,166,0.78
USR_3444,MOV_5195,Sita Ramam (Tamil),Romance,2022,3.5,8,0,100,0.39
USR_3157,MOV_5217,Game Over,Thriller,2019,4,8,0,121,0.61
USR_3442,MOV_5254,Indru Netru Naalai,Sci-Fi,2015,5,15,1,179,0.9
USR_4125,MOV_5255,Oh My Kadavule,Romance,2020,5,17,1,180,0.91
USR_3432,MOV_5191,Imaikkaa Nodigal,Thriller,2018,2.5,1,0,5,0.1
USR_3759,MOV_5106,Maanaadu,Sci-Fi,2021,4.5,22,1,165,0.72
USR_3270,MOV_5171,Love Insurance Kompany,Romance,2025,2.5,4,1,36,0.13
USR_3838,MOV_5157,Mari Selvaraj Next,Drama,2026,4,5,0,77,0.29
USR_3434,MOV_5145,Time Loop 2,Sci-Fi,2026,5,15,1,199,0.85
USR_3792,MOV_5103,Visaranai,Thriller,2015,4.5,12,1,160,0.96
USR_3216,MOV_5032,Dhruva Natchathiram,Thriller,2025,2.5,3,0,42,-0.06
USR_3923,MOV_5169,24,Sci-Fi,2016,2,1,0,48,-0.3
USR_3113,MOV_5284,Ratsasan,Thriller,2018,4,7,1,69,0.65
USR_3983,MOV_5224,Indru Netru Naalai,Sci-Fi,2015,4.5,15,1,147,0.75
USR_3470,MOV_5006,Rajinimurugan,Comedy,2016,3.5,7,1,68,0.47
USR_3552,MOV_5004,Amaran,Action,2024,2.5,3,0,39,-0.3
USR_3239,MOV_5139,Dhuruvangal Pathinaaru,Thriller,2016,2,3,0,36,-0.35
USR_3652,MOV_5094,Sita Ramam (Tamil),Romance,2022,4,9,1,82,0.68
USR_3883,MOV_5105,Dhuruvangal Pathinaaru,Thriller,2016,4,9,1,124,0.66
USR_3248,MOV_5038,O Kadhal Kanmani,Romance,2015,4,10,0,75,0.63
USR_3550,MOV_5288,Time Loop 2,Sci-Fi,2026,4,7,1,85,0.23
USR_3371,MOV_5151,Kaithi,Action,2019,5,21,1,139,0.99
USR_3478,MOV_5277,Brother,Comedy,2024,3.5,6,0,130,0.38
USR_4180,MOV_5244,Raayan,Action,2024,4,5,1,108,0.4
USR_3485,MOV_5116,Ayalaan,Sci-Fi,2024,4,7,1,71,0.35
USR_3053,MOV_5203,Lubber Pandhu,Drama,2024,4,11,0,81,0.68
USR_3684,MOV_5230,Vada Chennai,Action,2018,5,17,1,185,0.95
USR_3730,MOV_5251,Love Today,Comedy,2022,4,5,1,71,0.5
USR_3213,MOV_5231,The investigative report,Thriller,2026,4,5,1,90,0.2
USR_3980,MOV_5277,Brother,Comedy,2024,4.5,23,1,176,0.91
USR_3430,MOV_5268,Dada,Comedy,2023,3.5,7,0,73,0.27
USR_3077,MOV_5055,2,Sci-Fi,2018,5,21,1,177,0.99
USR_3321,MOV_5148,Imaikkaa Nodigal,Thriller,2018,5,22,1,185,0.71
USR_3709,MOV_5225,Theri,Action,2016,2,4,0,51,-0.37
USR_3251,MOV_5109,Garudan,Drama,2024,5,14,1,147,0.76
USR_4141,MOV_5261,Love Today,Comedy,2022,3.5,10,1,129,0.31
USR_3525,MOV_5018,Lubber Pandhu,Drama,2024,5,22,1,156,0.74
USR_3070,MOV_5262,24,Sci-Fi,2016,5,12,1,134,0.85
USR_3182,MOV_5030,Indru Netru Naalai,Sci-Fi,2015,1,1,0,37,-0.4
USR_3660,MOV_5221,Hey Sinamika,Romance,2022,2,2,0,24,0
USR_4191,MOV_5275,Love Today,Comedy,2022,4.5,13,1,138,0.94
USR_3041,MOV_5009,96,Romance,2018,4,5,0,101,0.38
USR_3912,MOV_5093,Theri,Action,2016,5,20,1,135,0.82
USR_3221,MOV_5257,Joe,Romance,2023,4.5,13,1,178,0.96
USR_3119,MOV_5139,Dhuruvangal Pathinaaru,Thriller,2016,5,17,1,190,0.87
USR_3892,MOV_5064,Naanum Rowdy Dhaan,Comedy,2015,4.5,15,1,150,0.81
USR_4053,MOV_5236,Thug Life,Action,2025,4.5,14,1,164,0.88
USR_4105,MOV_5113,Oh My Kadavule,Romance,2020,3,2,0,26,-0.17
USR_3476,MOV_5246,Love Insurance Kompany,Romance,2025,2.5,3,0,24,0.14
USR_3784,MOV_5166,Vettaiyan,Thriller,2024,4,11,1,123,0.42
USR_3184,MOV_5232,Dhuruvangal Pathinaaru,Thriller,2016,4,8,0,91,0.3
USR_3870,MOV_5034,Indru Netru Naalai,Sci-Fi,2015,4.5,24,1,179,0.78
USR_3750,MOV_5038,O Kadhal Kanmani,Romance,2015,3.5,9,0,105,0.23
USR_3205,MOV_5270,Siren,Romance,2024,5,21,1,192,0.87
USR_3400,MOV_5155,Fun Unlimited,Comedy,2026,5,15,1,168,0.82
USR_4128,MOV_5020,Vedalam,Action,2015,5,16,1,196,0.73
USR_3769,MOV_5179,SivaKartikeyan Next,Comedy,2025,2.5,0,1,59,-0.4
USR_3030,MOV_5194,Vada Chennai,Action,2018,5,14,1,144,0.89
USR_3559,MOV_5213,Ayalaan,Sci-Fi,2024,4,8,0,121,0.55
USR_4037,MOV_5033,2,Sci-Fi,2018,5,20,1,153,0.93
USR_3639,MOV_5030,Indru Netru Naalai,Sci-Fi,2015,5,17,1,146,0.79
USR_3453,MOV_5084,Don,Comedy,2022,4,11,1,125,0.43
USR_3936,MOV_5044,Joe,Romance,2023,2.5,3,0,34,-0.42
USR_4185,MOV_5058,Soorarai Pottru,Drama,2020,3,3,0,12,0.11
USR_3761,MOV_5082,Vikram Vedha,Thriller,2017,2.5,3,1,34,-0.02
USR_4080,MOV_5236,Thug Life,Action,2025,2.5,0,0,28,-0.42
USR_3915,MOV_5090,O Kadhal Kanmani,Romance,2015,2.5,1,0,12,0.02
USR_3949,MOV_5085,Good Night,Comedy,2023,2.5,1,0,32,0.03
USR_4086,MOV_5158,Classic Love Story,Romance,2026,2.5,3,0,40,-0.07
USR_4040,MOV_5199,96,Romance,2018,1.5,1,0,43,0.15
USR_3924,MOV_5040,Comali,Comedy,2019,3,0,0,53,-0.42
USR_3328,MOV_5033,2,Sci-Fi,2018,3.5,7,0,91,0.31
USR_3647,MOV_5045,Vettaiyan,Thriller,2024,3,0,0,57,0.06
USR_4186,MOV_5265,Vedalam,Action,2015,1,3,0,28,-0.03
USR_3469,MOV_5255,Oh My Kadavule,Romance,2020,1,4,0,18,0.09
USR_3027,MOV_5283,Tik Tik Tik,Sci-Fi,2018,2.5,4,0,18,0.06
USR_3195,MOV_5152,Garudan,Drama,2024,4,7,0,119,0.36
USR_3874,MOV_5197,Vikram Vedha,Thriller,2017,5,18,1,190,0.93
USR_4149,MOV_5108,Ratsasan,Thriller,2018,3.5,10,1,81,0.57
USR_3104,MOV_5197,Vikram Vedha,Thriller,2017,4.5,14,1,196,0.93
USR_3373,MOV_5120,Game Over,Thriller,2019,5,19,1,156,0.91
USR_4093,MOV_5239,Time Loop 2,Sci-Fi,2026,5,19,1,167,0.93
USR_3595,MOV_5028,Doctor,Comedy,2021,5,21,1,171,0.8
USR_3584,MOV_5047,Meiyazhagan,Drama,2024,3.5,11,0,116,0.34
USR_3445,MOV_5163,Naanum Rowdy Dhaan,Comedy,2015,5,22,1,199,0.76
USR_4080,MOV_5092,Jai Bhim,Drama,2021,1,0,0,5,0.1
USR_3614,MOV_5014,Viduthalai Part 2,Thriller,2025,2.5,3,0,39,-0.38
USR_3136,MOV_5112,Maanaadu,Sci-Fi,2021,4.5,14,1,137,0.71
USR_3454,MOV_5265,Vedalam,Action,2015,2.5,0,0,26,0.14
USR_3270,MOV_5135,Thug Life,Action,2025,4.5,15,1,192,0.94
USR_3314,MOV_5057,Garudan,Drama,2024,5,14,1,177,0.82
USR_3829,MOV_5228,Thani Oruvan,Action,2015,5,15,1,194,0.71
USR_3873,MOV_5021,Asuran,Action,2019,4,6,1,107,0.67
USR_3606,MOV_5141,Vetri Maaran Next,Action,2026,3.5,9,0,99,0.63
USR_3219,MOV_5238,Maanaadu,Sci-Fi,2021,4,5,0,89,0.29
USR_3885,MOV_5008,Kanguva 2,Action,2026,4,8,0,88,0.23
USR_3231,MOV_5254,Indru Netru Naalai,Sci-Fi,2015,5,17,1,193,0.83
USR_3083,MOV_5211,Indru Netru Naalai,Sci-Fi,2015,2,0,0,42,-0.42
USR_3593,MOV_5102,Joe,Romance,2023,5,24,1,150,0.97
USR_3525,MOV_5246,Love Insurance Kompany,Romance,2025,4,11,0,83,0.28
USR_3320,MOV_5103,Visaranai,Thriller,2015,5,23,1,168,0.71
USR_3311,MOV_5025,Kaithi,Action,2019,5,19,1,190,0.88
USR_3436,MOV_5104,Soorarai Pottru,Drama,2020,2.5,1,0,18,0.13
USR_4102,MOV_5258,Hey Sinamika,Romance,2022,2.5,0,0,10,-0.09
USR_3560,MOV_5012,Vedalam,Action,2015,4.5,21,1,191,0.71
USR_3794,MOV_5185,Love Today,Comedy,2022,5,23,1,154,0.83
USR_3676,MOV_5239,Time Loop 2,Sci-Fi,2026,3.5,6,0,108,0.35
USR_3565,MOV_5187,Ponniyin Selvan: Part 1,Drama,2022,4.5,23,0,144,0.82
USR_3335,MOV_5084,Don,Comedy,2022,1.5,2,0,12,-0.28
USR_4063,MOV_5013,Maanaadu,Sci-Fi,2021,4,10,0,105,0.3
USR_4071,MOV_5286,Vettaiyan,Thriller,2024,3.5,11,1,105,0.29
USR_3988,MOV_5220,Asuran,Action,2019,5,24,1,147,0.92
USR_3326,MOV_5009,96,Romance,2018,2,4,0,49,0.06
USR_3714,MOV_5041,Thani Oruvan,Action,2015,4,7,0,84,0.56
USR_3428,MOV_5162,Kanguva 2,Action,2026,4.5,20,1,137,0.91
USR_3278,MOV_5155,Fun Unlimited,Comedy,2026,4,7,1,104,0.6
USR_3639,MOV_5188,Kottukaali,Drama,2024,5,13,1,150,0.88
USR_3976,MOV_5111,Soorarai Pottru,Drama,2020,3.5,9,1,89,0.6
USR_3304,MOV_5031,Dada,Comedy,2023,5,21,1,185,0.87
USR_3789,MOV_5217,Game Over,Thriller,2019,5,22,1,163,0.72
USR_3931,MOV_5244,Raayan,Action,2024,5,22,1,199,0.81
USR_4158,MOV_5012,Vedalam,Action,2015,4,10,1,120,0.24
USR_3796,MOV_5052,Chitha,Thriller,2023,3,0,0,9,-0.06
USR_3219,MOV_5077,Por Thozhil,Thriller,2023,4.5,15,1,160,0.88
USR_4055,MOV_5071,Dhruva Natchathiram,Thriller,2025,5,17,1,147,0.92
USR_3731,MOV_5197,Vikram Vedha,Thriller,2017,5,19,1,134,0.71
USR_3402,MOV_5081,Fun Unlimited,Comedy,2026,4,6,1,113,0.59
USR_3497,MOV_5003,Jai Bhim,Drama,2021,5,19,1,135,0.88
USR_3518,MOV_5250,Visaranai,Thriller,2015,4,10,1,102,0.25
USR_3452,MOV_5240,SivaKartikeyan Next,Comedy,2025,3.5,9,0,116,0.56
USR_4100,MOV_5137,Star,Romance,2024,5,13,1,192,0.78
USR_4018,MOV_5254,Indru Netru Naalai,Sci-Fi,2015,2.5,4,1,48,-0.43
USR_4034,MOV_5174,Time Loop 2,Sci-Fi,2026,4,8,1,111,0.3
USR_4106,MOV_5267,Time Loop 2,Sci-Fi,2026,3,4,0,16,0.16
USR_3464,MOV_5150,Maya,Thriller,2015,4,11,0,84,0.36
USR_3828,MOV_5126,Visaranai,Thriller,2015,4,11,0,106,0.32
USR_3086,MOV_5190,Amaran,Action,2024,3.5,6,0,92,0.43
USR_3671,MOV_5083,Project AI,Sci-Fi,2025,3.5,11,1,77,0.38
USR_3680,MOV_5102,Joe,Romance,2023,4.5,14,1,182,0.78
USR_4012,MOV_5193,Kaaka Muttai,Drama,2015,4,5,1,105,0.69
USR_3069,MOV_5085,Good Night,Comedy,2023,4.5,21,1,139,0.76
USR_3135,MOV_5262,24,Sci-Fi,2016,3.5,5,1,106,0.66
USR_3330,MOV_5005,Maya,Thriller,2015,2,2,0,21,-0.03
USR_4032,MOV_5098,Game Over,Thriller,2019,5,18,1,174,0.89
USR_4120,MOV_5006,Rajinimurugan,Comedy,2016,3,1,0,48,-0.39
USR_3172,MOV_5232,Dhuruvangal Pathinaaru,Thriller,2016,3.5,6,1,69,0.56
USR_4017,MOV_5280,Vettaiyan,Thriller,2024,5,16,1,151,0.92
USR_3493,MOV_5040,Comali,Comedy,2019,5,17,1,168,0.95
USR_3704,MOV_5052,Chitha,Thriller,2023,3.5,11,1,81,0.61
USR_3541,MOV_5008,Kanguva 2,Action,2026,2.5,4,0,10,-0.03
USR_4141,MOV_5125,Hit List,Thriller,2024,4,10,1,82,0.39
USR_3500,MOV_5108,Ratsasan,Thriller,2018,4.5,12,0,149,0.73
USR_3319,MOV_5084,Don,Comedy,2022,2.5,3,0,6,-0.39
USR_3861,MOV_5259,Joe,Romance,2023,4,5,1,108,0.67
USR_3528,MOV_5016,Oh My Kadavule,Romance,2020,2,4,0,6,0.18
USR_3016,MOV_5024,Jailer,Action,2023,3,4,1,7,-0.04
USR_3991,MOV_5181,Indru Netru Naalai,Sci-Fi,2015,5,20,1,141,0.79
USR_3448,MOV_5157,Mari Selvaraj Next,Drama,2026,2.5,1,0,63,0.13
USR_3963,MOV_5136,Project AI,Sci-Fi,2025,4,10,1,75,0.3
USR_3112,MOV_5281,Viduthalai Part 2,Thriller,2025,4,9,1,74,0.28
USR_4187,MOV_5162,Kanguva 2,Action,2026,5,23,1,194,0.97
USR_3551,MOV_5224,Indru Netru Naalai,Sci-Fi,2015,4,9,1,91,0.52
USR_3546,MOV_5216,Classic Love Story,Romance,2026,2.5,2,1,38,0.1
USR_3941,MOV_5008,Kanguva 2,Action,2026,4,10,0,66,0.27
USR_3533,MOV_5196,Naanum Rowdy Dhaan,Comedy,2015,2,4,0,36,-0.36
USR_3644,MOV_5277,Brother,Comedy,2024,5,24,1,136,0.72
USR_3557,MOV_5129,Naanum Rowdy Dhaan,Comedy,2015,2,2,0,19,-0.27
USR_3013,MOV_5060,Maharaja,Action,2024,4,10,1,68,0.57
USR_3027,MOV_5111,Soorarai Pottru,Drama,2020,5,14,1,163,0.92
USR_3136,MOV_5125,Hit List,Thriller,2024,4,7,0,92,0.45
USR_3242,MOV_5027,Viduthalai Part 1,Thriller,2023,1.5,1,0,45,-0.15
USR_3359,MOV_5150,Maya,Thriller,2015,3,4,1,16,0.04
USR_3514,MOV_5188,Kottukaali,Drama,2024,2,1,0,55,0.13
USR_3194,MOV_5137,Star,Romance,2024,5,21,1,140,0.97
USR_3698,MOV_5062,Hit List,Thriller,2024,5,24,1,147,0.8
USR_3552,MOV_5059,Vikram,Action,2022,4,5,1,114,0.24
USR_3181,MOV_5081,Fun Unlimited,Comedy,2026,4,6,0,126,0.61
USR_3261,MOV_5227,The GOAT,Action,2024,1,2,0,31,-0.17
USR_3599,MOV_5247,The investigative report,Thriller,2026,5,24,1,198,0.77
USR_3031,MOV_5161,Good Night,Comedy,2023,4,11,1,95,0.47
USR_3592,MOV_5263,Kottukaali,Drama,2024,3.5,10,0,123,0.6
USR_3029,MOV_5266,Hit List,Thriller,2024,5,16,1,198,0.72
USR_3286,MOV_5111,Soorarai Pottru,Drama,2020,5,19,1,143,0.84
USR_3131,MOV_5205,Conjuring Kannappan,Comedy,2023,5,14,1,174,0.85
USR_3219,MOV_5053,Good Bad Ugly,Action,2025,3.5,6,1,81,0.47
USR_3934,MOV_5212,Chitha,Thriller,2023,2.5,3,0,54,0.15
USR_3442,MOV_5147,Ayalaan,Sci-Fi,2024,5,12,1,164,0.95
USR_3925,MOV_5270,Siren,Romance,2024,5,20,1,181,0.95
USR_3186,MOV_5214,Peranbu,Drama,2018,4.5,24,1,193,0.86
USR_3014,MOV_5025,Kaithi,Action,2019,3.5,10,1,124,0.31
USR_3121,MOV_5178,Indru Netru Naalai,Sci-Fi,2015,5,15,1,143,0.78
USR_4112,MOV_5030,Indru Netru Naalai,Sci-Fi,2015,5,14,1,184,0.99
USR_3223,MOV_5276,Kadaisi Vivasayi,Drama,2022,1,3,0,42,0.14
USR_4054,MOV_5150,Maya,Thriller,2015,2.5,3,1,16,0.06
USR_3010,MOV_5208,96,Romance,2018,4,8,1,97,0.48
USR_4172,MOV_5067,Indru Netru Naalai,Sci-Fi,2015,3.5,5,0,111,0.23
USR_4186,MOV_5185,Love Today,Comedy,2022,4,9,1,80,0.68
USR_3908,MOV_5246,Love Insurance Kompany,Romance,2025,5,22,1,185,0.91
USR_3497,MOV_5177,Jailer,Action,2023,4.5,16,1,157,0.88
USR_4145,MOV_5222,Vikram Vedha,Thriller,2017,4.5,22,0,176,0.81
USR_3027,MOV_5159,Vikram,Action,2022,2,0,0,64,0.04
USR_3238,MOV_5282,Viduthalai Part 2,Thriller,2025,1.5,0,0,60,0.1
USR_3599,MOV_5148,Imaikkaa Nodigal,Thriller,2018,5,16,1,199,0.72
USR_3003,MOV_5020,Vedalam,Action,2015,3,2,0,29,-0.45
USR_3771,MOV_5243,Star,Romance,2024,5,17,1,184,0.78
USR_3075,MOV_5002,Hey Sinamika,Romance,2022,2.5,4,0,48,0.06
USR_3746,MOV_5008,Kanguva 2,Action,2026,4,8,1,84,0.49
USR_3322,MOV_5193,Kaaka Muttai,Drama,2015,4,5,0,69,0.21
USR_3971,MOV_5185,Love Today,Comedy,2022,4.5,16,1,152,0.76
USR_3289,MOV_5060,Maharaja,Action,2024,5,22,1,154,0.77
USR_3345,MOV_5233,24,Sci-Fi,2016,5,21,1,131,0.98
USR_3555,MOV_5175,Star,Romance,2024,1,0,0,20,-0.35
USR_4197,MOV_5075,Doctor,Comedy,2021,5,22,1,156,0.81
USR_3517,MOV_5118,Tik Tik Tik,Sci-Fi,2018,3.5,7,1,104,0.49
USR_3602,MOV_5101,Maanaadu,Sci-Fi,2021,2,1,0,38,0.01
USR_3720,MOV_5063,Star,Romance,2024,5,16,1,147,0.81
USR_3321,MOV_5185,Love Today,Comedy,2022,3.5,7,1,110,0.27
USR_3565,MOV_5032,Dhruva Natchathiram,Thriller,2025,2,4,0,58,0.14
USR_3887,MOV_5107,Indru Netru Naalai,Sci-Fi,2015,5,16,1,143,0.84
USR_3335,MOV_5081,Fun Unlimited,Comedy,2026,5,13,1,175,0.99
USR_3497,MOV_5002,Hey Sinamika,Romance,2022,5,17,1,152,0.85
USR_3427,MOV_5024,Jailer,Action,2023,5,20,0,132,0.94
USR_3291,MOV_5132,Indru Netru Naalai,Sci-Fi,2015,5,16,1,163,0.88
USR_3344,MOV_5172,Doctor,Comedy,2021,4,5,1,127,0.57
USR_3465,MOV_5110,Maanaadu,Sci-Fi,2021,3.5,8,0,76,0.28
USR_4025,MOV_5059,Vikram,Action,2022,1,3,0,42,0.17
USR_3827,MOV_5133,Viduthalai Part 1,Thriller,2023,2.5,0,0,45,0.07
USR_3202,MOV_5167,Maanaadu,Sci-Fi,2021,1.5,2,0,11,-0.43
USR_3616,MOV_5234,Karnan,Drama,2021,1,0,0,13,-0.48
USR_3292,MOV_5268,Dada,Comedy,2023,5,16,1,186,0.95
USR_4060,MOV_5060,Maharaja,Action,2024,3.5,6,1,97,0.35
USR_3457,MOV_5241,Ayalaan,Sci-Fi,2024,3.5,11,1,123,0.34
USR_3632,MOV_5052,Chitha,Thriller,2023,4,9,0,71,0.67
USR_3210,MOV_5010,Tik Tik Tik,Sci-Fi,2018,5,19,1,174,0.94
USR_3702,MOV_5179,SivaKartikeyan Next,Comedy,2025,5,23,1,193,0.8
USR_4135,MOV_5022,Classic Love Story,Romance,2026,1.5,4,0,34,0.15
USR_3188,MOV_5235,Project AI,Sci-Fi,2025,3.5,9,0,119,0.57
USR_3429,MOV_5237,Hit List,Thriller,2024,4,11,1,89,0.61
USR_3021,MOV_5019,Fun Unlimited,Comedy,2026,4,10,0,111,0.68
USR_3575,MOV_5146,Visaranai,Thriller,2015,5,24,1,159,0.98
USR_3446,MOV_5018,Lubber Pandhu,Drama,2024,4,10,1,100,0.41
USR_3846,MOV_5098,Game Over,Thriller,2019,4,8,0,124,0.62
USR_3059,MOV_5095,Star,Romance,2024,5,15,1,183,0.7
USR_3840,MOV_5020,Vedalam,Action,2015,3.5,9,1,72,0.29
USR_3849,MOV_5168,Karnan,Drama,2021,4,8,0,115,0.24
USR_3281,MOV_5044,Joe,Romance,2023,2,0,0,6,-0.09
USR_3225,MOV_5250,Visaranai,Thriller,2015,3.5,7,0,77,0.48
USR_3034,MOV_5192,SivaKartikeyan Next,Comedy,2025,2,3,0,21,0.09
USR_3200,MOV_5002,Hey Sinamika,Romance,2022,4,11,1,123,0.24
USR_4133,MOV_5281,Viduthalai Part 2,Thriller,2025,4.5,13,1,169,0.74
USR_3932,MOV_5087,Thug Life,Action,2025,3.5,5,0,88,0.51
USR_4057,MOV_5173,Kaithi,Action,2019,2,2,1,18,0.17
USR_3443,MOV_5180,Master,Action,2021,1.5,3,0,12,-0.45
USR_3610,MOV_5259,Joe,Romance,2023,5,20,1,190,0.73
USR_3532,MOV_5110,Maanaadu,Sci-Fi,2021,2.5,0,0,43,-0.16
USR_3451,MOV_5086,Project AI,Sci-Fi,2025,2,3,0,30,0.17
USR_3148,MOV_5275,Love Today,Comedy,2022,3.5,5,0,78,0.44
USR_4089,MOV_5073,Thug Life,Action,2025,4.5,24,1,134,0.83
USR_3838,MOV_5220,Asuran,Action,2019,4,10,1,73,0.42
USR_3049,MOV_5197,Vikram Vedha,Thriller,2017,4.5,22,1,167,0.79
USR_3242,MOV_5146,Visaranai,Thriller,2015,4,5,0,101,0.31
USR_3281,MOV_5068,Jai Bhim,Drama,2021,3.5,5,1,67,0.61
USR_3268,MOV_5162,Kanguva 2,Action,2026,5,22,1,143,0.91
USR_4129,MOV_5141,Vetri Maaran Next,Action,2026,2,3,0,5,-0.18
USR_4165,MOV_5102,Joe,Romance,2023,3,4,0,25,-0.27
USR_3410,MOV_5067,Indru Netru Naalai,Sci-Fi,2015,3,1,0,7,-0.39
USR_3053,MOV_5053,Good Bad Ugly,Action,2025,4,9,1,78,0.46
USR_4016,MOV_5156,Kottukaali,Drama,2024,5,19,1,134,0.73
USR_3538,MOV_5097,Sita Ramam (Tamil),Romance,2022,3,1,1,51,0.16
USR_3169,MOV_5227,The GOAT,Action,2024,3.5,6,1,82,0.55
USR_3534,MOV_5189,Thani Oruvan,Action,2015,5,13,1,180,0.84
USR_4099,MOV_5064,Naanum Rowdy Dhaan,Comedy,2015,5,13,1,195,0.95
USR_4068,MOV_5149,Coolie,Action,2025,3,3,0,41,-0.23
USR_3360,MOV_5082,Vikram Vedha,Thriller,2017,4,11,0,76,0.55
USR_3918,MOV_5075,Doctor,Comedy,2021,5,23,1,194,0.95
USR_3179,MOV_5141,Vetri Maaran Next,Action,2026,4,5,0,87,0.23
USR_3214,MOV_5085,Good Night,Comedy,2023,4,8,0,100,0.65
USR_3123,MOV_5139,Dhuruvangal Pathinaaru,Thriller,2016,4,5,1,93,0.38
USR_3814,MOV_5012,Vedalam,Action,2015,5,12,1,186,0.85
USR_3827,MOV_5116,Ayalaan,Sci-Fi,2024,5,18,1,171,0.97
USR_3707,MOV_5130,Oh My Kadavule,Romance,2020,2,1,0,63,0.09
USR_3113,MOV_5206,Indru Netru Naalai,Sci-Fi,2015,4,5,0,88,0.34
USR_4080,MOV_5257,Joe,Romance,2023,3.5,5,0,110,0.42
USR_3900,MOV_5118,Tik Tik Tik,Sci-Fi,2018,4.5,12,1,169,0.72
USR_3452,MOV_5176,LKG,Comedy,2019,4.5,13,1,147,0.73
USR_3288,MOV_5014,Viduthalai Part 2,Thriller,2025,2.5,2,0,54,-0.41
USR_3205,MOV_5096,Dhruva Natchathiram,Thriller,2025,2.5,1,0,35,-0.15
USR_3763,MOV_5061,O Kadhal Kanmani,Romance,2015,2.5,1,0,46,-0.47
USR_3558,MOV_5068,Jai Bhim,Drama,2021,3.5,6,1,95,0.53
USR_3537,MOV_5089,Don,Comedy,2022,4,10,0,66,0.52
USR_3194,MOV_5183,Vaadivaasal,Drama,2025,5,24,0,143,0.96
USR_3836,MOV_5078,2,Sci-Fi,2018,1.5,3,0,35,-0.24
USR_3616,MOV_5235,Project AI,Sci-Fi,2025,5,20,1,131,0.8
USR_3719,MOV_5271,Mari Selvaraj Next,Drama,2026,4.5,22,1,132,0.89
USR_3201,MOV_5029,Mari Selvaraj Next,Drama,2026,5,23,1,181,0.99
USR_3362,MOV_5003,Jai Bhim,Drama,2021,4,9,0,114,0.55
USR_3123,MOV_5268,Dada,Comedy,2023,4.5,13,1,146,0.84
USR_3225,MOV_5094,Sita Ramam (Tamil),Romance,2022,4,9,1,123,0.56
USR_4022,MOV_5148,Imaikkaa Nodigal,Thriller,2018,4.5,14,1,194,0.88
USR_3512,MOV_5144,Ratsasan,Thriller,2018,4.5,18,1,134,0.89
USR_3500,MOV_5270,Siren,Romance,2024,1.5,0,0,37,0.15
USR_3507,MOV_5068,Jai Bhim,Drama,2021,5,13,1,164,0.77
USR_3166,MOV_5041,Thani Oruvan,Action,2015,4,5,0,85,0.63
USR_4185,MOV_5195,Sita Ramam (Tamil),Romance,2022,4,8,0,78,0.68
USR_3456,MOV_5152,Garudan,Drama,2024,4.5,15,1,191,0.96
USR_3719,MOV_5230,Vada Chennai,Action,2018,2,3,0,51,-0.35
USR_3961,MOV_5079,Chitha,Thriller,2023,2.5,2,0,46,0.16
USR_3552,MOV_5274,Asuran,Action,2019,3.5,7,0,108,0.56
USR_3869,MOV_5194,Vada Chennai,Action,2018,2,0,0,12,0.08
USR_3663,MOV_5061,O Kadhal Kanmani,Romance,2015,2.5,3,0,29,0.1
USR_3245,MOV_5057,Garudan,Drama,2024,5,22,1,190,0.82
USR_3464,MOV_5037,96,Romance,2018,5,14,1,150,0.73
USR_3188,MOV_5277,Brother,Comedy,2024,4.5,22,1,141,0.71
USR_4186,MOV_5001,Fun Unlimited,Comedy,2026,4.5,12,1,180,0.8
USR_4002,MOV_5149,Coolie,Action,2025,5,15,1,195,0.89
USR_4107,MOV_5247,The investigative report,Thriller,2026,4,7,0,103,0.2
USR_3668,MOV_5240,SivaKartikeyan Next,Comedy,2025,4,11,0,73,0.25
USR_3121,MOV_5006,Rajinimurugan,Comedy,2016,4,7,1,88,0.27
USR_3364,MOV_5109,Garudan,Drama,2024,1,1,0,29,0.01
USR_3847,MOV_5224,Indru Netru Naalai,Sci-Fi,2015,4.5,13,1,166,0.9
USR_3653,MOV_5131,2,Sci-Fi,2018,5,18,1,160,0.9
USR_3893,MOV_5289,Vada Chennai,Action,2018,4.5,23,1,190,0.87
USR_3011,MOV_5079,Chitha,Thriller,2023,4,10,1,124,0.41
USR_3254,MOV_5229,Kabali,Action,2016,4,8,0,74,0.27
USR_3070,MOV_5043,Thani Oruvan,Action,2015,5,19,0,157,0.77
USR_3048,MOV_5174,Time Loop 2,Sci-Fi,2026,2,2,0,48,-0.14
USR_3899,MOV_5029,Mari Selvaraj Next,Drama,2026,5,21,1,153,0.91
USR_3263,MOV_5039,Kaaka Muttai,Drama,2015,5,23,1,154,0.78
USR_3621,MOV_5093,Theri,Action,2016,5,23,1,139,0.8
USR_3166,MOV_5149,Coolie,Action,2025,5,22,1,193,0.87
USR_3463,MOV_5021,Asuran,Action,2019,5,18,1,131,0.8
USR_3326,MOV_5275,Love Today,Comedy,2022,1.5,0,0,29,-0.41
USR_3719,MOV_5016,Oh My Kadavule,Romance,2020,5,18,1,141,0.73
USR_4127,MOV_5096,Dhruva Natchathiram,Thriller,2025,5,12,1,152,0.71
USR_4004,MOV_5024,Jailer,Action,2023,2,3,0,9,0.15
USR_3851,MOV_5111,Soorarai Pottru,Drama,2020,5,24,1,155,0.73
USR_3991,MOV_5082,Vikram Vedha,Thriller,2017,5,14,1,186,0.85
USR_3149,MOV_5263,Kottukaali,Drama,2024,5,24,0,145,0.81
USR_4035,MOV_5163,Naanum Rowdy Dhaan,Comedy,2015,3.5,8,1,114,0.65
USR_3817,MOV_5278,Raayan,Action,2024,2,3,0,57,0.01
USR_3965,MOV_5257,Joe,Romance,2023,2,1,0,36,-0.18
USR_3033,MOV_5091,Tik Tik Tik,Sci-Fi,2018,5,22,1,155,0.85
USR_3526,MOV_5062,Hit List,Thriller,2024,2,3,0,35,-0.41
USR_3238,MOV_5106,Maanaadu,Sci-Fi,2021,4,6,1,89,0.41
USR_3246,MOV_5279,Doctor,Comedy,2021,3,4,0,60,-0.32
USR_4172,MOV_5060,Maharaja,Action,2024,2.5,2,0,33,-0.42
USR_3364,MOV_5037,96,Romance,2018,3,4,0,64,-0.25
USR_3931,MOV_5279,Doctor,Comedy,2021,4,6,1,118,0.29
USR_3236,MOV_5229,Kabali,Action,2016,5,18,1,179,0.84
USR_3926,MOV_5030,Indru Netru Naalai,Sci-Fi,2015,3.5,5,1,72,0.67
USR_3575,MOV_5050,Indru Netru Naalai,Sci-Fi,2015,3,2,0,22,-0.11
USR_3272,MOV_5004,Amaran,Action,2024,4,9,0,110,0.57
USR_3621,MOV_5270,Siren,Romance,2024,4,11,0,92,0.27
USR_3535,MOV_5281,Viduthalai Part 2,Thriller,2025,5,15,1,162,0.75
USR_3623,MOV_5184,Mookuthi Amman,Comedy,2020,3.5,9,1,99,0.26
USR_3170,MOV_5263,Kottukaali,Drama,2024,5,15,1,191,0.91
USR_3015,MOV_5084,Don,Comedy,2022,2.5,1,0,39,-0.26
USR_3749,MOV_5178,Indru Netru Naalai,Sci-Fi,2015,2,2,0,8,-0.13
USR_3446,MOV_5095,Star,Romance,2024,4,8,0,129,0.48
USR_3122,MOV_5090,O Kadhal Kanmani,Romance,2015,5,23,1,172,0.87
USR_4110,MOV_5256,Garudan,Drama,2024,4.5,18,0,195,0.76
USR_3547,MOV_5109,Garudan,Drama,2024,3,2,0,60,-0.05
USR_3343,MOV_5264,Imaikkaa Nodigal,Thriller,2018,5,21,1,147,0.72
USR_3735,MOV_5067,Indru Netru Naalai,Sci-Fi,2015,2.5,0,0,56,0.1
USR_3856,MOV_5122,Maanaadu,Sci-Fi,2021,4,9,1,108,0.58
USR_3330,MOV_5186,Kottukaali,Drama,2024,5,12,1,135,0.71
USR_3764,MOV_5078,2,Sci-Fi,2018,4,10,0,72,0.21
USR_3154,MOV_5207,Meiyazhagan,Drama,2024,4,9,0,72,0.3
USR_4063,MOV_5070,Jai Bhim,Drama,2021,2,3,0,7,-0.45
USR_3209,MOV_5199,96,Romance,2018,5,21,1,173,0.71
USR_3952,MOV_5111,Soorarai Pottru,Drama,2020,4,9,1,82,0.47
USR_3593,MOV_5196,Naanum Rowdy Dhaan,Comedy,2015,3,3,0,24,-0.43
USR_3439,MOV_5003,Jai Bhim,Drama,2021,4,6,0,116,0.67
USR_3975,MOV_5057,Garudan,Drama,2024,5,20,1,145,0.71
USR_3023,MOV_5264,Imaikkaa Nodigal,Thriller,2018,5,22,1,160,0.8
USR_3425,MOV_5036,Tik Tik Tik,Sci-Fi,2018,4,6,1,128,0.21
USR_4080,MOV_5239,Time Loop 2,Sci-Fi,2026,4,8,0,79,0.28
USR_3267,MOV_5196,Naanum Rowdy Dhaan,Comedy,2015,4,11,0,92,0.31
USR_3785,MOV_5079,Chitha,Thriller,2023,4,5,1,111,0.62
USR_3506,MOV_5019,Fun Unlimited,Comedy,2026,5,15,1,159,0.95
USR_3297,MOV_5038,O Kadhal Kanmani,Romance,2015,3.5,7,0,103,0.4
USR_3999,MOV_5083,Project AI,Sci-Fi,2025,3.5,9,0,76,0.5
USR_4138,MOV_5022,Classic Love Story,Romance,2026,5,24,1,183,0.87
USR_3867,MOV_5160,Garudan,Drama,2024,2.5,0,0,29,-0.09
USR_3989,MOV_5268,Dada,Comedy,2023,4,10,0,86,0.21
USR_4193,MOV_5034,Indru Netru Naalai,Sci-Fi,2015,4,8,1,103,0.55
USR_4086,MOV_5162,Kanguva 2,Action,2026,4,10,0,100,0.55
USR_4009,MOV_5169,24,Sci-Fi,2016,5,24,1,175,0.97
USR_3053,MOV_5225,Theri,Action,2016,4,5,1,76,0.31
USR_4022,MOV_5020,Vedalam,Action,2015,2.5,1,0,23,-0.47
USR_3582,MOV_5038,O Kadhal Kanmani,Romance,2015,3.5,8,1,120,0.62
USR_4123,MOV_5071,Dhruva Natchathiram,Thriller,2025,3.5,6,1,123,0.29
USR_3372,MOV_5166,Vettaiyan,Thriller,2024,4.5,18,1,131,0.71
USR_3874,MOV_5053,Good Bad Ugly,Action,2025,5,21,1,162,0.83
USR_3154,MOV_5087,Thug Life,Action,2025,5,17,1,160,0.78
USR_3705,MOV_5124,2,Sci-Fi,2018,5,12,0,183,0.83
USR_4162,MOV_5092,Jai Bhim,Drama,2021,5,24,1,192,0.98
USR_3097,MOV_5078,2,Sci-Fi,2018,5,14,1,185,0.86
USR_3389,MOV_5114,Tik Tik Tik,Sci-Fi,2018,1,4,0,54,-0.09
USR_4169,MOV_5045,Vettaiyan,Thriller,2024,4,10,0,120,0.36
USR_3190,MOV_5030,Indru Netru Naalai,Sci-Fi,2015,4,9,1,109,0.43
USR_3788,MOV_5121,Amaran,Action,2024,3,3,0,28,-0.24
USR_4102,MOV_5224,Indru Netru Naalai,Sci-Fi,2015,3.5,8,0,107,0.68
USR_3107,MOV_5258,Hey Sinamika,Romance,2022,3,2,0,35,-0.27
USR_4165,MOV_5083,Project AI,Sci-Fi,2025,5,14,1,172,0.92
USR_3657,MOV_5096,Dhruva Natchathiram,Thriller,2025,4,9,0,75,0.56
USR_3231,MOV_5048,Amaran,Action,2024,5,19,1,177,0.71
USR_3160,MOV_5286,Vettaiyan,Thriller,2024,4.5,19,1,146,0.99
USR_3346,MOV_5131,2,Sci-Fi,2018,2,3,0,49,0.11
USR_3255,MOV_5218,O Kadhal Kanmani,Romance,2015,1.5,2,1,15,0.01
USR_4191,MOV_5074,Conjuring Kannappan,Comedy,2023,2,0,0,42,-0.04
USR_3042,MOV_5233,24,Sci-Fi,2016,5,21,1,161,0.73
USR_4011,MOV_5110,Maanaadu,Sci-Fi,2021,5,15,1,197,0.73
USR_3651,MOV_5188,Kottukaali,Drama,2024,3.5,8,1,105,0.25
USR_3824,MOV_5179,SivaKartikeyan Next,Comedy,2025,4,6,0,85,0.43
USR_3930,MOV_5040,Comali,Comedy,2019,4,5,0,113,0.62
USR_3894,MOV_5230,Vada Chennai,Action,2018,2.5,3,0,5,-0.42
USR_3339,MOV_5212,Chitha,Thriller,2023,5,20,1,172,0.81
USR_3153,MOV_5211,Indru Netru Naalai,Sci-Fi,2015,4.5,23,1,151,0.82
USR_3923,MOV_5067,Indru Netru Naalai,Sci-Fi,2015,5,22,0,145,0.91
USR_3072,MOV_5232,Dhuruvangal Pathinaaru,Thriller,2016,2.5,4,0,51,-0.11
USR_3069,MOV_5087,Thug Life,Action,2025,2,4,0,27,0.16
USR_3435,MOV_5079,Chitha,Thriller,2023,5,24,1,187,0.77
USR_3469,MOV_5080,Thug Life,Action,2025,5,18,1,197,0.82
USR_4104,MOV_5088,Naanum Rowdy Dhaan,Comedy,2015,2.5,4,1,58,-0.25
USR_3788,MOV_5065,Ponniyin Selvan: Part 1,Drama,2022,3.5,5,1,79,0.66
USR_3057,MOV_5039,Kaaka Muttai,Drama,2015,5,13,1,199,0.87
USR_3106,MOV_5286,Vettaiyan,Thriller,2024,5,18,0,146,0.91
USR_3440,MOV_5120,Game Over,Thriller,2019,3.5,11,0,103,0.43
USR_3359,MOV_5271,Mari Selvaraj Next,Drama,2026,3,1,0,22,-0.36
USR_3817,MOV_5023,Vedalam,Action,2015,3.5,9,1,86,0.25
USR_3594,MOV_5139,Dhuruvangal Pathinaaru,Thriller,2016,5,22,0,182,0.99
USR_3494,MOV_5187,Ponniyin Selvan: Part 1,Drama,2022,5,14,1,137,0.9
USR_3202,MOV_5287,Project AI,Sci-Fi,2025,5,22,1,155,0.98
USR_3412,MOV_5177,Jailer,Action,2023,3.5,9,0,98,0.48
USR_3148,MOV_5260,Tik Tik Tik,Sci-Fi,2018,5,21,1,162,0.82
USR_3099,MOV_5029,Mari Selvaraj Next,Drama,2026,1,1,0,50,-0.39
